user_input,response,contexts,retrieved_contexts,ground_truths,faithfulness,answer_relevancy
What is photosynthesis and its essential components?,"Photosynthesis is the process by which plants synthesise food using carbon dioxide, water, and minerals, with chlorophyll and sunlight as essential components.
","['ve, can we design an experiment to demonstrate that sunlight is essential for photosynthesis? So far , we have talked about how autotr ophs meet their ener gy requirements. But they also need other raw materials for building their body. W ater used in photosynthesis is taken up fr om the soil by the roots in terrestrial plants. Other materials like nitrogen, phosphorus, iron and magnesium are taken up from the soil. Nitrogen is an essential element used in the synthesis of proteins and other compounds. This isFigure 5.4 Experimental set-up (a) with potassium hydroxide (b) without potassium hydroxide (a) (b) 2024-25 Science 84taken up in the form of inorganic nitrates or nitrites. Or it is taken up as organic compounds which have been prepa\n\nnthesise food for themselves by the process of photosynthesis. They are autotrophs. \uf06ePlants like Cuscuta are parasites. They take food from the host plant. \uf06ePlants use simple chemical substances like carbon dioxide, water and minerals for the synthesis of food. \uf06eChlorophyll, water, carbon dioxide and sunlight are the essentialrequirements for photosynthesis. \uf06eComplex chemical substances such as carbohydrates are the productsof photosynthesis. \uf06eSolar energy is absorbed by the chlorophylls present in leaves/plants. \uf06eOxygen is produced during photosynthesis. \uf06eOxygen released in photosynthesis is utilised by living organisms fortheir survival. \uf06eMany fungi derive nutrition from dead and decaying matter. They are saprotrophs. \uf06eA few plants and al\n\nsteps need not take place one after the other immediately. For example, desert plants take up carbon dioxide at night and prepare an intermediate which is acted upon by the energy absorbed by the chlorophyll during the day. Let us see how each of the components of the above reaction are necessary for photosynthesis. If you carefully observe a cross-section of a leaf under the microscope (shown in Fig. 5.1), you will notice that some cells contain green dots. These green dots are cell organelles called chloroplasts which contain chlorophyll. Let us do an activity which demonstrates that chlorophyll is essential for photosynthesis. 2024-25 Life Processes 83Now, let us study how the plant obtains carbon dioxide. In Class IX, we had talked abou']","['ve, can we design an experiment to demonstrate that sunlight is essential for photosynthesis? So far , we have talked about how autotr ophs meet their ener gy requirements. But they also need other raw materials for building their body. W ater used in photosynthesis is taken up fr om the soil by the roots in terrestrial plants. Other materials like nitrogen, phosphorus, iron and magnesium are taken up from the soil. Nitrogen is an essential element used in the synthesis of proteins and other compounds. This isFigure 5.4 Experimental set-up (a) with potassium hydroxide (b) without potassium hydroxide (a) (b) 2024-25 Science 84taken up in the form of inorganic nitrates or nitrites. Or it is taken up as organic compounds which have been prepa\n\nnthesise food for themselves by the process of photosynthesis. They are autotrophs. \uf06ePlants like Cuscuta are parasites. They take food from the host plant. \uf06ePlants use simple chemical substances like carbon dioxide, water and minerals for the synthesis of food. \uf06eChlorophyll, water, carbon dioxide and sunlight are the essentialrequirements for photosynthesis. \uf06eComplex chemical substances such as carbohydrates are the productsof photosynthesis. \uf06eSolar energy is absorbed by the chlorophylls present in leaves/plants. \uf06eOxygen is produced during photosynthesis. \uf06eOxygen released in photosynthesis is utilised by living organisms fortheir survival. \uf06eMany fungi derive nutrition from dead and decaying matter. They are saprotrophs. \uf06eA few plants and al\n\nsteps need not take place one after the other immediately. For example, desert plants take up carbon dioxide at night and prepare an intermediate which is acted upon by the energy absorbed by the chlorophyll during the day. Let us see how each of the components of the above reaction are necessary for photosynthesis. If you carefully observe a cross-section of a leaf under the microscope (shown in Fig. 5.1), you will notice that some cells contain green dots. These green dots are cell organelles called chloroplasts which contain chlorophyll. Let us do an activity which demonstrates that chlorophyll is essential for photosynthesis. 2024-25 Life Processes 83Now, let us study how the plant obtains carbon dioxide. In Class IX, we had talked abou']","['Photosynthesis is a process used by plants to convert sunlight into chemical energy using chlorophyll, water, and carbon dioxide.']",,
Why are plants termed autotrophs?,"Plants are termed autotrophs because they synthesise their own food through photosynthesis.
","['ous plants are partialheterotrophs ? Keywords Autotrophic ChlorophyllHeterotrophs HostInsectivorous NutrientNutrition ParasitePhotosynthesisSaprotrophs SaprotrophicStomata Reprint 2024-25 NUTRITION IN PLANTS 9Exercise 1. Why do organisms take food? 2. Distinguish between a parasite and a saprotroph.3. How would you test the presence of starch in leaves?4. Give a brief description of the process of synthesis of food in green plants.5. Show with the help of a sketch that plants are the ultimate source of food. 6. Fill in the blanks: (a) Green plants are called _________________ since they synthesise their own food. (b) The food synthesised by plants is stored as _________________. (c) In photosynthesis solar energy is absorbed by the pigment\n\nerotrophic organisms include animals and fungi. 5.2.1 Autotrophic Nutrition Carbon and energy requirements of the autotrophic organism are fulfilled by photosynthesis. It is the process by which autotrophs take in substances from the outside and convert them into stored forms of energy. This material is taken in the form of carbon dioxide and water which is converted into carbohydrates in the presence of sunlight and chlorophyll. Carbohydrates are utilised for providing energy to the plant. We will study how this takes place in the next section. The carbohydrates which are not used immediately are stored in the form of starch, which serves as the internal energy reserve to be used as and when required by the plant. A somewhat similar situat\n\nnthesise food for themselves by the process of photosynthesis. They are autotrophs. \uf06ePlants like Cuscuta are parasites. They take food from the host plant. \uf06ePlants use simple chemical substances like carbon dioxide, water and minerals for the synthesis of food. \uf06eChlorophyll, water, carbon dioxide and sunlight are the essentialrequirements for photosynthesis. \uf06eComplex chemical substances such as carbohydrates are the productsof photosynthesis. \uf06eSolar energy is absorbed by the chlorophylls present in leaves/plants. \uf06eOxygen is produced during photosynthesis. \uf06eOxygen released in photosynthesis is utilised by living organisms fortheir survival. \uf06eMany fungi derive nutrition from dead and decaying matter. They are saprotrophs. \uf06eA few plants and al']","['ous plants are partialheterotrophs ? Keywords Autotrophic ChlorophyllHeterotrophs HostInsectivorous NutrientNutrition ParasitePhotosynthesisSaprotrophs SaprotrophicStomata Reprint 2024-25 NUTRITION IN PLANTS 9Exercise 1. Why do organisms take food? 2. Distinguish between a parasite and a saprotroph.3. How would you test the presence of starch in leaves?4. Give a brief description of the process of synthesis of food in green plants.5. Show with the help of a sketch that plants are the ultimate source of food. 6. Fill in the blanks: (a) Green plants are called _________________ since they synthesise their own food. (b) The food synthesised by plants is stored as _________________. (c) In photosynthesis solar energy is absorbed by the pigment\n\nerotrophic organisms include animals and fungi. 5.2.1 Autotrophic Nutrition Carbon and energy requirements of the autotrophic organism are fulfilled by photosynthesis. It is the process by which autotrophs take in substances from the outside and convert them into stored forms of energy. This material is taken in the form of carbon dioxide and water which is converted into carbohydrates in the presence of sunlight and chlorophyll. Carbohydrates are utilised for providing energy to the plant. We will study how this takes place in the next section. The carbohydrates which are not used immediately are stored in the form of starch, which serves as the internal energy reserve to be used as and when required by the plant. A somewhat similar situat\n\nnthesise food for themselves by the process of photosynthesis. They are autotrophs. \uf06ePlants like Cuscuta are parasites. They take food from the host plant. \uf06ePlants use simple chemical substances like carbon dioxide, water and minerals for the synthesis of food. \uf06eChlorophyll, water, carbon dioxide and sunlight are the essentialrequirements for photosynthesis. \uf06eComplex chemical substances such as carbohydrates are the productsof photosynthesis. \uf06eSolar energy is absorbed by the chlorophylls present in leaves/plants. \uf06eOxygen is produced during photosynthesis. \uf06eOxygen released in photosynthesis is utilised by living organisms fortheir survival. \uf06eMany fungi derive nutrition from dead and decaying matter. They are saprotrophs. \uf06eA few plants and al']",['Because they synthesize their own food from simple inorganic substances.'],1.0,
Explain the role of stomata in plants.,"Stomata facilitate gas exchange with the atmosphere for photosynthesis and allow transpiration (water vapor loss).
","['mall por es her e and there in the epidermis of the leaf. These pores are called stomata (Fig. 6.5). Stomata are enclosed by two kidney-shaped cells called guard cells. They are necessary for exchanging gases with the atmosphere. Transpiration (loss of water in the for m of water vapour) also takes place through stomata. 2024-25 SCIENCE 64Recall which gas is required for photosynthesis. Find out the role of transpiration in plants. Epidermal cells of the roots, whose function is water absorption, commonly bear long hair - like parts that greatly increase the total absorptive surface area. In some plants like desert plants, epider mis has a thick waxy coating of cutin (chemical substance with waterpr oof quality) on its outer sur face. Can w\n\nissues in plants? 4.Differentiate between parenchyma, collenchyma and sclerenchyma on the basis of their cell wall. 5.What are the functions of the stomata? 6.Diagrammatically show the difference between the three types of muscle fibres. 7.What is the specific function of the cardiac muscle? 8.Differentiate between striated, unstriated and cardiac muscles on the basis of their structure and site/location in the body. 9.Draw a labelled diagram of a neuron. 10. Name the following. (a)Tissue that for ms the inner lining of our mouth. (b)Tissue that connects muscle to bone in humans. (c) Tissue that transports food in plants. (d)Tissue that stor es fat in our body. (e)Connective tissue with a fluid matrix. (f)Tissue pr esent in the brain. 11. I\n\nstomata (iv) root hair (b) Water absorption through roots can be increased by keeping the plants (i) in the shade (ii) in dim light (iii) under the fan (iv) covered with a polythene bag 4. Why is transport of materials necessary in a plant or in an animal? Explain. 5. What will happen if there are no platelets in the blood?6. What are stomata? Give two functions of stomata. 7. Does transpiration serve any useful function in the plants? Explain. 8. What are the components of blood?9. Why is blood needed by all the parts of a body? 10. What makes the blood look red?11. Describe the function of the heart. 12. Why is it necessary to excrete waste products? 13. Draw a diagram of the human excretory system and label the various parts. Extended Le']","['mall por es her e and there in the epidermis of the leaf. These pores are called stomata (Fig. 6.5). Stomata are enclosed by two kidney-shaped cells called guard cells. They are necessary for exchanging gases with the atmosphere. Transpiration (loss of water in the for m of water vapour) also takes place through stomata. 2024-25 SCIENCE 64Recall which gas is required for photosynthesis. Find out the role of transpiration in plants. Epidermal cells of the roots, whose function is water absorption, commonly bear long hair - like parts that greatly increase the total absorptive surface area. In some plants like desert plants, epider mis has a thick waxy coating of cutin (chemical substance with waterpr oof quality) on its outer sur face. Can w\n\nissues in plants? 4.Differentiate between parenchyma, collenchyma and sclerenchyma on the basis of their cell wall. 5.What are the functions of the stomata? 6.Diagrammatically show the difference between the three types of muscle fibres. 7.What is the specific function of the cardiac muscle? 8.Differentiate between striated, unstriated and cardiac muscles on the basis of their structure and site/location in the body. 9.Draw a labelled diagram of a neuron. 10. Name the following. (a)Tissue that for ms the inner lining of our mouth. (b)Tissue that connects muscle to bone in humans. (c) Tissue that transports food in plants. (d)Tissue that stor es fat in our body. (e)Connective tissue with a fluid matrix. (f)Tissue pr esent in the brain. 11. I\n\nstomata (iv) root hair (b) Water absorption through roots can be increased by keeping the plants (i) in the shade (ii) in dim light (iii) under the fan (iv) covered with a polythene bag 4. Why is transport of materials necessary in a plant or in an animal? Explain. 5. What will happen if there are no platelets in the blood?6. What are stomata? Give two functions of stomata. 7. Does transpiration serve any useful function in the plants? Explain. 8. What are the components of blood?9. Why is blood needed by all the parts of a body? 10. What makes the blood look red?11. Describe the function of the heart. 12. Why is it necessary to excrete waste products? 13. Draw a diagram of the human excretory system and label the various parts. Extended Le']",['Stomata are tiny pores on leaves that allow gas exchange necessary for photosynthesis and respiration.'],0.75,0.9081168233454521
Why can't humans perform photosynthesis?,"The provided text does not contain information about why humans cannot perform photosynthesis.
","['How do Organisms Reproduce ?7 CHAPTER Before we discuss the mechanisms by which organisms reproduce, let us ask a more basic question – why do organisms reproduce? After all, reproduction is not necessary to maintain the life of an individual organism, unlike the essential life processes such as nutrition, respiration, or excretion. On the other hand, if an individual organism is going to create more individuals, a lot of its energy will be spent in the process. So why should an individual organism waste energy on a process it does not need to stay alive? It would be interesting to discuss the possible answers in the classroom! Whatever the answer to this question, it is obvious that we notice organisms because they reproduce. If there were\n\nve, can we design an experiment to demonstrate that sunlight is essential for photosynthesis? So far , we have talked about how autotr ophs meet their ener gy requirements. But they also need other raw materials for building their body. W ater used in photosynthesis is taken up fr om the soil by the roots in terrestrial plants. Other materials like nitrogen, phosphorus, iron and magnesium are taken up from the soil. Nitrogen is an essential element used in the synthesis of proteins and other compounds. This isFigure 5.4 Experimental set-up (a) with potassium hydroxide (b) without potassium hydroxide (a) (b) 2024-25 Science 84taken up in the form of inorganic nitrates or nitrites. Or it is taken up as organic compounds which have been prepa\n\nlate the amount of light, water andcarbon dioxide to grow the plants. 3. Try growing a sweet potato just in water. Describe your experiment and observations.You can read more on the following website:www.phschool.com/science/biology_place/biocoach/photosynth/overview.htmFig. 1.9 Experiment to test the occurrence of photosynthesis Did you know? Light is so important to plants that their leaves grow in many patterns soas to absorb maximum sunlight. Reprint 2024-25']","['How do Organisms Reproduce ?7 CHAPTER Before we discuss the mechanisms by which organisms reproduce, let us ask a more basic question – why do organisms reproduce? After all, reproduction is not necessary to maintain the life of an individual organism, unlike the essential life processes such as nutrition, respiration, or excretion. On the other hand, if an individual organism is going to create more individuals, a lot of its energy will be spent in the process. So why should an individual organism waste energy on a process it does not need to stay alive? It would be interesting to discuss the possible answers in the classroom! Whatever the answer to this question, it is obvious that we notice organisms because they reproduce. If there were\n\nve, can we design an experiment to demonstrate that sunlight is essential for photosynthesis? So far , we have talked about how autotr ophs meet their ener gy requirements. But they also need other raw materials for building their body. W ater used in photosynthesis is taken up fr om the soil by the roots in terrestrial plants. Other materials like nitrogen, phosphorus, iron and magnesium are taken up from the soil. Nitrogen is an essential element used in the synthesis of proteins and other compounds. This isFigure 5.4 Experimental set-up (a) with potassium hydroxide (b) without potassium hydroxide (a) (b) 2024-25 Science 84taken up in the form of inorganic nitrates or nitrites. Or it is taken up as organic compounds which have been prepa\n\nlate the amount of light, water andcarbon dioxide to grow the plants. 3. Try growing a sweet potato just in water. Describe your experiment and observations.You can read more on the following website:www.phschool.com/science/biology_place/biocoach/photosynth/overview.htmFig. 1.9 Experiment to test the occurrence of photosynthesis Did you know? Light is so important to plants that their leaves grow in many patterns soas to absorb maximum sunlight. Reprint 2024-25']","['Humans lack chlorophyll, the pigment necessary for capturing solar energy.']",,
How do desert plants perform photosynthesis without leaves?,"Desert plants have green stems that carry out photosynthesis.
","['reen branches. The desert plants have scale- or spine-like leaves to reduce loss of water by transpiration. These plants have green stems which carry out photosynthesis. of all organisms is produced duringphotosynthesis. In the absence ofphotosynthesis, life would be impossible on the earth. During photosynthesis, chlorophyll containing cells of leaves (Fig. 1.2), inthe presence of sunlight, use carbon dioxide and water to synthesisecarbohydrates (Fig. 1.3). The process can be represented in an equation: During the process oxygen is released. The presence of starch in leaves indicates the occurrence of photosynthesis. Starch is also a carbohydrate.\uf02b \uf0be\uf0be\uf0be\uf0be\uf0be\uf0be \uf0ae \uf02bsunlight chlorophyllCarbon dioxide water Carbohydrate oxygen Boojho has observed\n\nes. They form a continuous path or passage for the nutrients to reach the leaf. They arecalled vessels. You will learn more about transport of materials in plants in Chapter 7.The leaves have a green pigment called chlorophyll . It helps leaves to capture the energy of the sunlight. This energy is used to synthesise (prepare) food from carbon dioxide and water.Since the synthesis of food occurs in the presence of sunlight, it is called photosynthesis (Photo: light', 'synthesis : to combine). So we find that chlorophyll, sunlight, carbon dioxide and water are necessary to carry out the process ofphotosynthesis. It is a unique process on the earth . The solar energy is captured by the leaves and stored in the plant in the form of food. Thus, s\n\nny units called cells. Cells can be seen only under the microscope. Some organismsare made of only one cell. The cell is enclosed bya thin outer boundary, called the cell membrane . Most cells have a distinct, centrally locatedspherical structure called the nucleus (Fig. 1.1).The nucleus is surrounded by a jelly-like substance called cytoplasm . Cell membraneCytoplasmNucleus Boojho wants to know how water and minerals absorbed by roots reach the leaves. Reprint 2024-25 NUTRITION IN PLANTS 3Besides leaves, photosynthesis also takes place in other green parts of the plant — in green stems and green branches. The desert plants have scale- or spine-like leaves to reduce loss of water by transpiration. These plants have green stems which carry']","['reen branches. The desert plants have scale- or spine-like leaves to reduce loss of water by transpiration. These plants have green stems which carry out photosynthesis. of all organisms is produced duringphotosynthesis. In the absence ofphotosynthesis, life would be impossible on the earth. During photosynthesis, chlorophyll containing cells of leaves (Fig. 1.2), inthe presence of sunlight, use carbon dioxide and water to synthesisecarbohydrates (Fig. 1.3). The process can be represented in an equation: During the process oxygen is released. The presence of starch in leaves indicates the occurrence of photosynthesis. Starch is also a carbohydrate.\uf02b \uf0be\uf0be\uf0be\uf0be\uf0be\uf0be \uf0ae \uf02bsunlight chlorophyllCarbon dioxide water Carbohydrate oxygen Boojho has observed\n\nes. They form a continuous path or passage for the nutrients to reach the leaf. They arecalled vessels. You will learn more about transport of materials in plants in Chapter 7.The leaves have a green pigment called chlorophyll . It helps leaves to capture the energy of the sunlight. This energy is used to synthesise (prepare) food from carbon dioxide and water.Since the synthesis of food occurs in the presence of sunlight, it is called photosynthesis (Photo: light', 'synthesis : to combine). So we find that chlorophyll, sunlight, carbon dioxide and water are necessary to carry out the process ofphotosynthesis. It is a unique process on the earth . The solar energy is captured by the leaves and stored in the plant in the form of food. Thus, s\n\nny units called cells. Cells can be seen only under the microscope. Some organismsare made of only one cell. The cell is enclosed bya thin outer boundary, called the cell membrane . Most cells have a distinct, centrally locatedspherical structure called the nucleus (Fig. 1.1).The nucleus is surrounded by a jelly-like substance called cytoplasm . Cell membraneCytoplasmNucleus Boojho wants to know how water and minerals absorbed by roots reach the leaves. Reprint 2024-25 NUTRITION IN PLANTS 3Besides leaves, photosynthesis also takes place in other green parts of the plant — in green stems and green branches. The desert plants have scale- or spine-like leaves to reduce loss of water by transpiration. These plants have green stems which carry']",['They use green stems or branches that contain chlorophyll to reduce water loss.'],1.0,0.9109347691424762
How do plants obtain nitrogen for making proteins?,"Plants obtain nitrogen from the soil through bacteria that convert gaseous nitrogen into a usable form, absorption of inorganic nitrates or nitrites, or absorption of organic compounds, and also from fertilizers added to the soil.
","['-25 SCIENCE 4Fig. 1.4 Leaves of various colourscarbohydrates are made of carbon, hydrogen and oxygen. These are usedto synthesise other components of food such as proteins and fats. But proteins are nitrogenous substances whichcontain nitrogen. From where do the plants obtain nitrogen? Recall that nitrogen is present in abundance in gaseous form in the air.However, plants cannot absorb nitrogen in this form. Soil has certain bacteria thatconvert gaseous nitrogen into a usable form and release it into the soil. These are absorbed by the plants along withwater. Also, you might have seen farmers adding fertilisers rich in nitrogen to the soil. In this way the plants fulfil theirrequirements of nitrogen along with the other constituents. Plant\n\nve, can we design an experiment to demonstrate that sunlight is essential for photosynthesis? So far , we have talked about how autotr ophs meet their ener gy requirements. But they also need other raw materials for building their body. W ater used in photosynthesis is taken up fr om the soil by the roots in terrestrial plants. Other materials like nitrogen, phosphorus, iron and magnesium are taken up from the soil. Nitrogen is an essential element used in the synthesis of proteins and other compounds. This isFigure 5.4 Experimental set-up (a) with potassium hydroxide (b) without potassium hydroxide (a) (b) 2024-25 Science 84taken up in the form of inorganic nitrates or nitrites. Or it is taken up as organic compounds which have been prepa\n\nns excess fluid from extra cellular space back into the blood. 5.4.2 T ranspor tation in Plants We have discussed earlier how plants take in simple compounds such as CO2 and photosynthesise energy stored in their chlorophyll-containing organs, namely leaves. The other kinds of raw materials needed for building plant bodies will also have to be taken up separately. For plants, the soil is the nearest and richest source of raw materials like nitrogen, phosphorus and other minerals. The absorption of these substances therefore occurs through the part in contact with the soil, namely roots. If the distances between soil-contacting organs and chlorophyll- containing organs are small, energy and raw materials can easily diffuse to all parts of th']","['-25 SCIENCE 4Fig. 1.4 Leaves of various colourscarbohydrates are made of carbon, hydrogen and oxygen. These are usedto synthesise other components of food such as proteins and fats. But proteins are nitrogenous substances whichcontain nitrogen. From where do the plants obtain nitrogen? Recall that nitrogen is present in abundance in gaseous form in the air.However, plants cannot absorb nitrogen in this form. Soil has certain bacteria thatconvert gaseous nitrogen into a usable form and release it into the soil. These are absorbed by the plants along withwater. Also, you might have seen farmers adding fertilisers rich in nitrogen to the soil. In this way the plants fulfil theirrequirements of nitrogen along with the other constituents. Plant\n\nve, can we design an experiment to demonstrate that sunlight is essential for photosynthesis? So far , we have talked about how autotr ophs meet their ener gy requirements. But they also need other raw materials for building their body. W ater used in photosynthesis is taken up fr om the soil by the roots in terrestrial plants. Other materials like nitrogen, phosphorus, iron and magnesium are taken up from the soil. Nitrogen is an essential element used in the synthesis of proteins and other compounds. This isFigure 5.4 Experimental set-up (a) with potassium hydroxide (b) without potassium hydroxide (a) (b) 2024-25 Science 84taken up in the form of inorganic nitrates or nitrites. Or it is taken up as organic compounds which have been prepa\n\nns excess fluid from extra cellular space back into the blood. 5.4.2 T ranspor tation in Plants We have discussed earlier how plants take in simple compounds such as CO2 and photosynthesise energy stored in their chlorophyll-containing organs, namely leaves. The other kinds of raw materials needed for building plant bodies will also have to be taken up separately. For plants, the soil is the nearest and richest source of raw materials like nitrogen, phosphorus and other minerals. The absorption of these substances therefore occurs through the part in contact with the soil, namely roots. If the distances between soil-contacting organs and chlorophyll- containing organs are small, energy and raw materials can easily diffuse to all parts of th']",['Through nitrogen-fixing bacteria that convert atmospheric nitrogen into nitrates usable by plants.'],1.0,0.9411375836918516
What substance in leaves indicates photosynthesis occurred?,"The presence of starch in leaves indicates that photosynthesis has occurred.
","['es. They form a continuous path or passage for the nutrients to reach the leaf. They arecalled vessels. You will learn more about transport of materials in plants in Chapter 7.The leaves have a green pigment called chlorophyll . It helps leaves to capture the energy of the sunlight. This energy is used to synthesise (prepare) food from carbon dioxide and water.Since the synthesis of food occurs in the presence of sunlight, it is called photosynthesis (Photo: light', 'synthesis : to combine). So we find that chlorophyll, sunlight, carbon dioxide and water are necessary to carry out the process ofphotosynthesis. It is a unique process on the earth . The solar energy is captured by the leaves and stored in the plant in the form of food. Thus, s\n\nhe leaf? What is the colour of the solution? /square6Now dip the leaf in a dilute solution of iodine for a few minutes. /square6Take out the leaf and rinse off the iodine solution. /square6Observe the colour of the leaf and compare this with the tracing of the leaf done in the beginning (Fig. 5.2). /square6What can you conclude about the presence of starch in various areas of the leaf?(i)Absorption of light energy by chlorophyll. (ii)Conversion of light energy to chemical energy and splitting of water molecules into hydrogen and oxygen. (iii)Reduction of carbon dioxide to carbohydrates. These steps need not take place one after the other immediately. For example, desert plants take up carbon dioxide at night and prepare an intermediate whic\n\nrrence of photosynthesis. Starch is also a carbohydrate.\uf02b \uf0be\uf0be\uf0be\uf0be\uf0be\uf0be \uf0ae \uf02bsunlight chlorophyllCarbon dioxide water Carbohydrate oxygen Boojho has observed some plants with deep red, violet or brown leaves. He wants to know whether these leaves also carry out photosynthesis. Activity 1.1 Take two potted plants of the same kind. Keep one in the dark (or in a black box)for 72 hours and the other in sunlight. (a) LeafGuard cells (c) StomaStomatal opening(b) Section of a leaf photosynthesis Light energy Carbon dioxide OxygenChlorophyll in leaf Water and minerals Stoma Guard CellsChlorophyll Reprint 2024-25 SCIENCE 4Fig. 1.4 Leaves of various colourscarbohydrates are made of carbon, hydrogen and oxygen. These are usedto synthesise other components of']","['es. They form a continuous path or passage for the nutrients to reach the leaf. They arecalled vessels. You will learn more about transport of materials in plants in Chapter 7.The leaves have a green pigment called chlorophyll . It helps leaves to capture the energy of the sunlight. This energy is used to synthesise (prepare) food from carbon dioxide and water.Since the synthesis of food occurs in the presence of sunlight, it is called photosynthesis (Photo: light', 'synthesis : to combine). So we find that chlorophyll, sunlight, carbon dioxide and water are necessary to carry out the process ofphotosynthesis. It is a unique process on the earth . The solar energy is captured by the leaves and stored in the plant in the form of food. Thus, s\n\nhe leaf? What is the colour of the solution? /square6Now dip the leaf in a dilute solution of iodine for a few minutes. /square6Take out the leaf and rinse off the iodine solution. /square6Observe the colour of the leaf and compare this with the tracing of the leaf done in the beginning (Fig. 5.2). /square6What can you conclude about the presence of starch in various areas of the leaf?(i)Absorption of light energy by chlorophyll. (ii)Conversion of light energy to chemical energy and splitting of water molecules into hydrogen and oxygen. (iii)Reduction of carbon dioxide to carbohydrates. These steps need not take place one after the other immediately. For example, desert plants take up carbon dioxide at night and prepare an intermediate whic\n\nrrence of photosynthesis. Starch is also a carbohydrate.\uf02b \uf0be\uf0be\uf0be\uf0be\uf0be\uf0be \uf0ae \uf02bsunlight chlorophyllCarbon dioxide water Carbohydrate oxygen Boojho has observed some plants with deep red, violet or brown leaves. He wants to know whether these leaves also carry out photosynthesis. Activity 1.1 Take two potted plants of the same kind. Keep one in the dark (or in a black box)for 72 hours and the other in sunlight. (a) LeafGuard cells (c) StomaStomatal opening(b) Section of a leaf photosynthesis Light energy Carbon dioxide OxygenChlorophyll in leaf Water and minerals Stoma Guard CellsChlorophyll Reprint 2024-25 SCIENCE 4Fig. 1.4 Leaves of various colourscarbohydrates are made of carbon, hydrogen and oxygen. These are usedto synthesise other components of']",['Starch.'],1.0,0.805286467716018
What would happen if photosynthesis stopped?,"If photosynthesis stopped, organisms that depend on producers either directly or indirectly for sustenance would be affected.
","['late the amount of light, water andcarbon dioxide to grow the plants. 3. Try growing a sweet potato just in water. Describe your experiment and observations.You can read more on the following website:www.phschool.com/science/biology_place/biocoach/photosynth/overview.htmFig. 1.9 Experiment to test the occurrence of photosynthesis Did you know? Light is so important to plants that their leaves grow in many patterns soas to absorb maximum sunlight. Reprint 2024-25\n\ne of chlorophyll? All green plants and certain bacteria which can produce food by photosynthesis come under this category and are called the producers. Organisms depend on the producers either directly or indirectly for their sustenance? These organisms which consume the food produced, either directly from producers or indirectly by feeding on other consumers are the consumers. Consumers can be classed variously as herbivores, carnivores, omnivores and parasites. Can you give examples for each of these categories of consumers? /square6Imagine the situation where you do not clean the aquarium and some fish and plants have died. Have you ever thought what happens when an organism dies? The microorganisms, comprising bacteria and fungi, break\n\nntribution of male and female parents ensured in the progeny? 2024-25']","['late the amount of light, water andcarbon dioxide to grow the plants. 3. Try growing a sweet potato just in water. Describe your experiment and observations.You can read more on the following website:www.phschool.com/science/biology_place/biocoach/photosynth/overview.htmFig. 1.9 Experiment to test the occurrence of photosynthesis Did you know? Light is so important to plants that their leaves grow in many patterns soas to absorb maximum sunlight. Reprint 2024-25\n\ne of chlorophyll? All green plants and certain bacteria which can produce food by photosynthesis come under this category and are called the producers. Organisms depend on the producers either directly or indirectly for their sustenance? These organisms which consume the food produced, either directly from producers or indirectly by feeding on other consumers are the consumers. Consumers can be classed variously as herbivores, carnivores, omnivores and parasites. Can you give examples for each of these categories of consumers? /square6Imagine the situation where you do not clean the aquarium and some fish and plants have died. Have you ever thought what happens when an organism dies? The microorganisms, comprising bacteria and fungi, break\n\nntribution of male and female parents ensured in the progeny? 2024-25']",['Most life forms would perish due to lack of food and oxygen.'],1.0,1.0
What materials are absorbed by roots to assist photosynthesis?,"Roots absorb water, nitrogen, phosphorus, iron, and magnesium from the soil to assist photosynthesis.
","['ns excess fluid from extra cellular space back into the blood. 5.4.2 T ranspor tation in Plants We have discussed earlier how plants take in simple compounds such as CO2 and photosynthesise energy stored in their chlorophyll-containing organs, namely leaves. The other kinds of raw materials needed for building plant bodies will also have to be taken up separately. For plants, the soil is the nearest and richest source of raw materials like nitrogen, phosphorus and other minerals. The absorption of these substances therefore occurs through the part in contact with the soil, namely roots. If the distances between soil-contacting organs and chlorophyll- containing organs are small, energy and raw materials can easily diffuse to all parts of th\n\nve, can we design an experiment to demonstrate that sunlight is essential for photosynthesis? So far , we have talked about how autotr ophs meet their ener gy requirements. But they also need other raw materials for building their body. W ater used in photosynthesis is taken up fr om the soil by the roots in terrestrial plants. Other materials like nitrogen, phosphorus, iron and magnesium are taken up from the soil. Nitrogen is an essential element used in the synthesis of proteins and other compounds. This isFigure 5.4 Experimental set-up (a) with potassium hydroxide (b) without potassium hydroxide (a) (b) 2024-25 Science 84taken up in the form of inorganic nitrates or nitrites. Or it is taken up as organic compounds which have been prepa\n\nsis. (T/F) 11. Choose the correct option from the following: Which part of the plant takes in carbon dioxide from the air forphotosynthesis? (i) Root hair (ii) Stomata (iii) Leaf veins (iv) Petals 12. Choose the correct option from the following: Plants take carbon dioxide from the atmosphere mainly through their:(i) roots (ii) stem (iii) flowers (iv) leaves 13. Why do farmers grow many fruits and vegetable crops inside large green houses? What are the advantages to the farmers? Extended Learning — Activities and Projects 1. Project Take a potted plant with broad leaves. Take two strips of blackpaper and cut out a small squarein the centres. Cover a part of twoleaves with these papers and securethem with paper clips (Fig. 1.9).Keep the plan']","['ns excess fluid from extra cellular space back into the blood. 5.4.2 T ranspor tation in Plants We have discussed earlier how plants take in simple compounds such as CO2 and photosynthesise energy stored in their chlorophyll-containing organs, namely leaves. The other kinds of raw materials needed for building plant bodies will also have to be taken up separately. For plants, the soil is the nearest and richest source of raw materials like nitrogen, phosphorus and other minerals. The absorption of these substances therefore occurs through the part in contact with the soil, namely roots. If the distances between soil-contacting organs and chlorophyll- containing organs are small, energy and raw materials can easily diffuse to all parts of th\n\nve, can we design an experiment to demonstrate that sunlight is essential for photosynthesis? So far , we have talked about how autotr ophs meet their ener gy requirements. But they also need other raw materials for building their body. W ater used in photosynthesis is taken up fr om the soil by the roots in terrestrial plants. Other materials like nitrogen, phosphorus, iron and magnesium are taken up from the soil. Nitrogen is an essential element used in the synthesis of proteins and other compounds. This isFigure 5.4 Experimental set-up (a) with potassium hydroxide (b) without potassium hydroxide (a) (b) 2024-25 Science 84taken up in the form of inorganic nitrates or nitrites. Or it is taken up as organic compounds which have been prepa\n\nsis. (T/F) 11. Choose the correct option from the following: Which part of the plant takes in carbon dioxide from the air forphotosynthesis? (i) Root hair (ii) Stomata (iii) Leaf veins (iv) Petals 12. Choose the correct option from the following: Plants take carbon dioxide from the atmosphere mainly through their:(i) roots (ii) stem (iii) flowers (iv) leaves 13. Why do farmers grow many fruits and vegetable crops inside large green houses? What are the advantages to the farmers? Extended Learning — Activities and Projects 1. Project Take a potted plant with broad leaves. Take two strips of blackpaper and cut out a small squarein the centres. Cover a part of twoleaves with these papers and securethem with paper clips (Fig. 1.9).Keep the plan']",['Water and minerals.'],1.0,0.9539908716453837
Can photosynthesis occur in plant parts other than leaves?,"The provided text focuses on photosynthesis occurring in leaves and doesn't explicitly mention whether it can occur in other plant parts.
","['es. They form a continuous path or passage for the nutrients to reach the leaf. They arecalled vessels. You will learn more about transport of materials in plants in Chapter 7.The leaves have a green pigment called chlorophyll . It helps leaves to capture the energy of the sunlight. This energy is used to synthesise (prepare) food from carbon dioxide and water.Since the synthesis of food occurs in the presence of sunlight, it is called photosynthesis (Photo: light', 'synthesis : to combine). So we find that chlorophyll, sunlight, carbon dioxide and water are necessary to carry out the process ofphotosynthesis. It is a unique process on the earth . The solar energy is captured by the leaves and stored in the plant in the form of food. Thus, s\n\nsis. (T/F) 11. Choose the correct option from the following: Which part of the plant takes in carbon dioxide from the air forphotosynthesis? (i) Root hair (ii) Stomata (iii) Leaf veins (iv) Petals 12. Choose the correct option from the following: Plants take carbon dioxide from the atmosphere mainly through their:(i) roots (ii) stem (iii) flowers (iv) leaves 13. Why do farmers grow many fruits and vegetable crops inside large green houses? What are the advantages to the farmers? Extended Learning — Activities and Projects 1. Project Take a potted plant with broad leaves. Take two strips of blackpaper and cut out a small squarein the centres. Cover a part of twoleaves with these papers and securethem with paper clips (Fig. 1.9).Keep the plan\n\nous plants are partialheterotrophs ? Keywords Autotrophic ChlorophyllHeterotrophs HostInsectivorous NutrientNutrition ParasitePhotosynthesisSaprotrophs SaprotrophicStomata Reprint 2024-25 NUTRITION IN PLANTS 9Exercise 1. Why do organisms take food? 2. Distinguish between a parasite and a saprotroph.3. How would you test the presence of starch in leaves?4. Give a brief description of the process of synthesis of food in green plants.5. Show with the help of a sketch that plants are the ultimate source of food. 6. Fill in the blanks: (a) Green plants are called _________________ since they synthesise their own food. (b) The food synthesised by plants is stored as _________________. (c) In photosynthesis solar energy is absorbed by the pigment']","['es. They form a continuous path or passage for the nutrients to reach the leaf. They arecalled vessels. You will learn more about transport of materials in plants in Chapter 7.The leaves have a green pigment called chlorophyll . It helps leaves to capture the energy of the sunlight. This energy is used to synthesise (prepare) food from carbon dioxide and water.Since the synthesis of food occurs in the presence of sunlight, it is called photosynthesis (Photo: light', 'synthesis : to combine). So we find that chlorophyll, sunlight, carbon dioxide and water are necessary to carry out the process ofphotosynthesis. It is a unique process on the earth . The solar energy is captured by the leaves and stored in the plant in the form of food. Thus, s\n\nsis. (T/F) 11. Choose the correct option from the following: Which part of the plant takes in carbon dioxide from the air forphotosynthesis? (i) Root hair (ii) Stomata (iii) Leaf veins (iv) Petals 12. Choose the correct option from the following: Plants take carbon dioxide from the atmosphere mainly through their:(i) roots (ii) stem (iii) flowers (iv) leaves 13. Why do farmers grow many fruits and vegetable crops inside large green houses? What are the advantages to the farmers? Extended Learning — Activities and Projects 1. Project Take a potted plant with broad leaves. Take two strips of blackpaper and cut out a small squarein the centres. Cover a part of twoleaves with these papers and securethem with paper clips (Fig. 1.9).Keep the plan\n\nous plants are partialheterotrophs ? Keywords Autotrophic ChlorophyllHeterotrophs HostInsectivorous NutrientNutrition ParasitePhotosynthesisSaprotrophs SaprotrophicStomata Reprint 2024-25 NUTRITION IN PLANTS 9Exercise 1. Why do organisms take food? 2. Distinguish between a parasite and a saprotroph.3. How would you test the presence of starch in leaves?4. Give a brief description of the process of synthesis of food in green plants.5. Show with the help of a sketch that plants are the ultimate source of food. 6. Fill in the blanks: (a) Green plants are called _________________ since they synthesise their own food. (b) The food synthesised by plants is stored as _________________. (c) In photosynthesis solar energy is absorbed by the pigment']","['Yes, in any green parts like stems and branches.']",1.0,0.0
What is digestion in animals?,"Digestion in animals is the process of breaking down food into smaller molecules that the body can absorb and use for energy, growth, and repair.
","['REPRODUCTION IN ANIMALS REPRODUCTION IN ANIMALS Do you recall the processes of digestion, circulation and respiration which you have studied in your previous classes? These processes are essential for the survival of every individual. Y ou have also lear nt about the process of reproduction in plants. Reproduction is essential for the continuation of a species. Imagine what would have happened if organisms had not r eproduced. Y ou will r ealise that reproduction is very important as it ensures the continuation of similar kinds of individuals, generation after generation. You have alr eady lear nt in your previous class about reproduction in plants. In this chapter , we shall lear n how reproduction takes place in animals. 6.1 Modes of Re\n\nbecause of extensive coiling. The length of the small intestine differs in various animals depending on the food they eat. Herbivores eating grass need a longer small intestine to allow the cellulose to be digested. Meat is easier to digest, hence carnivores like tigers have a shorter small intestine. The small intestine is the site of the complete digestion of carbohydrates, proteins and fats. It receives the secretions of the liver and pancreas for this purpose. The food coming from the stomach is acidic and has to be made alkaline for the pancreatic enzymes to act. Bile juice from the liver accomplishes this in addition to acting on fats. Fats are present in the intestine in the form of large globules which makes it difficult for enzyme\n\n, (v) large intestine ending in rectumand (vi) anus. The main digestive glands which secrete digestive juicesare (i) the salivary glands, (ii) the liver and (iii) the pancreas. The stomachwall and the wall of the small intestine also secrete digestive juices. \uf06eThe modes of feeding vary in different organisms. \uf06eNutrition is a complex process involving: (i) ingestion, (ii) digestion,(iii) absorption, (iv) assimilation and (v) egestion.Keywords Absorption Amino acidAmoebaAssimilation Bile Buccal cavityCanineCelluloseDigestionEgestionFatty acidFood vacuoleGall bladderGlycerolIncisor Ingestion LiverMilk teethMolarPermanent teethOesophagusPancreasPremolarPseudopodiaRumen Ruminant RuminationSalivary glandsVilli Saliva Reprint 2024-25 SCIENCE 20 \uf06e']","['REPRODUCTION IN ANIMALS REPRODUCTION IN ANIMALS Do you recall the processes of digestion, circulation and respiration which you have studied in your previous classes? These processes are essential for the survival of every individual. Y ou have also lear nt about the process of reproduction in plants. Reproduction is essential for the continuation of a species. Imagine what would have happened if organisms had not r eproduced. Y ou will r ealise that reproduction is very important as it ensures the continuation of similar kinds of individuals, generation after generation. You have alr eady lear nt in your previous class about reproduction in plants. In this chapter , we shall lear n how reproduction takes place in animals. 6.1 Modes of Re\n\nbecause of extensive coiling. The length of the small intestine differs in various animals depending on the food they eat. Herbivores eating grass need a longer small intestine to allow the cellulose to be digested. Meat is easier to digest, hence carnivores like tigers have a shorter small intestine. The small intestine is the site of the complete digestion of carbohydrates, proteins and fats. It receives the secretions of the liver and pancreas for this purpose. The food coming from the stomach is acidic and has to be made alkaline for the pancreatic enzymes to act. Bile juice from the liver accomplishes this in addition to acting on fats. Fats are present in the intestine in the form of large globules which makes it difficult for enzyme\n\n, (v) large intestine ending in rectumand (vi) anus. The main digestive glands which secrete digestive juicesare (i) the salivary glands, (ii) the liver and (iii) the pancreas. The stomachwall and the wall of the small intestine also secrete digestive juices. \uf06eThe modes of feeding vary in different organisms. \uf06eNutrition is a complex process involving: (i) ingestion, (ii) digestion,(iii) absorption, (iv) assimilation and (v) egestion.Keywords Absorption Amino acidAmoebaAssimilation Bile Buccal cavityCanineCelluloseDigestionEgestionFatty acidFood vacuoleGall bladderGlycerolIncisor Ingestion LiverMilk teethMolarPermanent teethOesophagusPancreasPremolarPseudopodiaRumen Ruminant RuminationSalivary glandsVilli Saliva Reprint 2024-25 SCIENCE 20 \uf06e']",['The breakdown of complex food molecules into simpler forms for absorption.'],1.0,1.0000000000000004
What initiates digestion in humans?,"Digestion of carbohydrates, like starch, begins in the buccal cavity.
","['ngest is its complex nature. If it is to be absorbed from the alimentary canal, it has to be broken into smaller molecules. This is done with the help of biological catalysts called enzymes. The saliva contains an enzyme called salivary amylase that breaks down starch which is a complex molecule to give simple sugar . The food is mixed thoroughly with saliva and moved around the mouth while chewing by the muscular tongue. It is necessary to move the food in a regulated manner along the digestive tube so that it can be processed properly in each part. The lining of canal has muscles that contract rhythmically in order to push the food forward. These peristaltic movements occur all along the gut. From the mouth, the food is taken to the stoma\n\nl. Complex substance Simpler substances Reprint 2024-25 SCIENCE 12 Starfish feeds on animals covered by hard shells of calcium carbonate. After opening the shell, the starfish pops out its stomach through itsmouth to eat the soft animal inside the shell. The stomach then goes back into the body and the food is slowlydigested. 2.2 D IGESTION IN HUMANS We take in food through the mouth,digest and utilise it. The unused partsof the food are defecated. Have you ever wondered what happens to the food inside the body? The food passesthrough a continuous canal (Fig. 2.2) which begins at the buccal cavity and ends at the anus. The canal can bedivided into various compartments: (1) the buccal cavity, (2) foodpipe or oesophagus , (3) stomach , (4) s\n\nerMilk teethMolarPermanent teethOesophagusPancreasPremolarPseudopodiaRumen Ruminant RuminationSalivary glandsVilli Saliva Reprint 2024-25 SCIENCE 20 \uf06eDigestion of carbohydrates, like starch, begins in the buccal cavity. The digestion of protein starts in the stomach. The bile secreted from theliver, the pancreatic juice from the pancreas and the digestive juicefrom the intestinal wall complete the digestion of all components of foodin the small intestine. The digested food is absorbed in the blood vesselsfrom the small intestine. \uf06eThe absorbed substances are transported to different parts of the body.Water and some salts are absorbed from the undigested food in thelarge intestine. \uf06eThe undigested and unabsorbed residues are expelled out of']","['ngest is its complex nature. If it is to be absorbed from the alimentary canal, it has to be broken into smaller molecules. This is done with the help of biological catalysts called enzymes. The saliva contains an enzyme called salivary amylase that breaks down starch which is a complex molecule to give simple sugar . The food is mixed thoroughly with saliva and moved around the mouth while chewing by the muscular tongue. It is necessary to move the food in a regulated manner along the digestive tube so that it can be processed properly in each part. The lining of canal has muscles that contract rhythmically in order to push the food forward. These peristaltic movements occur all along the gut. From the mouth, the food is taken to the stoma\n\nl. Complex substance Simpler substances Reprint 2024-25 SCIENCE 12 Starfish feeds on animals covered by hard shells of calcium carbonate. After opening the shell, the starfish pops out its stomach through itsmouth to eat the soft animal inside the shell. The stomach then goes back into the body and the food is slowlydigested. 2.2 D IGESTION IN HUMANS We take in food through the mouth,digest and utilise it. The unused partsof the food are defecated. Have you ever wondered what happens to the food inside the body? The food passesthrough a continuous canal (Fig. 2.2) which begins at the buccal cavity and ends at the anus. The canal can bedivided into various compartments: (1) the buccal cavity, (2) foodpipe or oesophagus , (3) stomach , (4) s\n\nerMilk teethMolarPermanent teethOesophagusPancreasPremolarPseudopodiaRumen Ruminant RuminationSalivary glandsVilli Saliva Reprint 2024-25 SCIENCE 20 \uf06eDigestion of carbohydrates, like starch, begins in the buccal cavity. The digestion of protein starts in the stomach. The bile secreted from theliver, the pancreatic juice from the pancreas and the digestive juicefrom the intestinal wall complete the digestion of all components of foodin the small intestine. The digested food is absorbed in the blood vesselsfrom the small intestine. \uf06eThe absorbed substances are transported to different parts of the body.Water and some salts are absorbed from the undigested food in thelarge intestine. \uf06eThe undigested and unabsorbed residues are expelled out of']",['Saliva in the mouth initiates starch digestion.'],1.0,0.8333761332436987
What causes tooth decay in humans?,"Tooth decay is caused by acids released by bacteria in the mouth that break down sugars from leftover food.
","['accommodated in a small space within our body! Type of teeth Number of teeth Total Lower jaw Upper jaw Cutting and biting teeth Piercing and tearing teethChewing and grinding teethTable 2.2 Molar CaninePremolar Incisor Reprint 2024-25 SCIENCE 14 Water Boiled rice Boiled and chewed rice Sweets and tooth decay Normally bacteria are present in our mouth but they are not harmful to us. However, if we do not clean our teeth and mouth after eating, many harmful bacteria also begin to live and grow in it. These bacteriabreak down the sugars present from the leftover food and release acids (see Chapter 4 to know what an acid is). The acids gradually damage the teeth (Fig. 2.5). This is called tooth decay . If it is not treated in time, it causes se\n\nr 4 to know what an acid is). The acids gradually damage the teeth (Fig. 2.5). This is called tooth decay . If it is not treated in time, it causes severe toothache and in extreme cases results in tooth loss. Chocolates, sweets, soft drinks and other sugar products are the major culprits of tooth decay. Therefore, one should clean the teeth with a brush or datun and dental floss (a special strong thread which is moved between twoteeth to take out trapped food particles) at least twice a day andrinse the mouth after every meal. Also, one should not put dirty fingers or any unwashed object in the mouth. (b) (c) (d) Our mouth has the salivary glands which secrete saliva. Do you know the action of saliva on food? Let us find out. Activity 2.3 T\n\nh acid and this causes pain and irritation. To get rid of this pain, people use bases called antacids. One such remedy must have been suggested by you at the beginning of this Chapter . These antacids neutralise the excess acid. Magnesium hydroxide (Milk of magnesia), a mild base, is often used for this purpose. pH change as the cause of tooth decay Tooth decay starts when the pH of the mouth is lower than 5.5. Tooth enamel, made up of calcium hydroxyapatite (a crystalline form of calcium phosphate) is the hardest substance in the body. It does not dissolve in water , but is corr oded when the pH in the mouth is below 5.5. Bacteria present in the mouth produce acids by degradation of sugar and food particles remaining in the mouth after eat']","['accommodated in a small space within our body! Type of teeth Number of teeth Total Lower jaw Upper jaw Cutting and biting teeth Piercing and tearing teethChewing and grinding teethTable 2.2 Molar CaninePremolar Incisor Reprint 2024-25 SCIENCE 14 Water Boiled rice Boiled and chewed rice Sweets and tooth decay Normally bacteria are present in our mouth but they are not harmful to us. However, if we do not clean our teeth and mouth after eating, many harmful bacteria also begin to live and grow in it. These bacteriabreak down the sugars present from the leftover food and release acids (see Chapter 4 to know what an acid is). The acids gradually damage the teeth (Fig. 2.5). This is called tooth decay . If it is not treated in time, it causes se\n\nr 4 to know what an acid is). The acids gradually damage the teeth (Fig. 2.5). This is called tooth decay . If it is not treated in time, it causes severe toothache and in extreme cases results in tooth loss. Chocolates, sweets, soft drinks and other sugar products are the major culprits of tooth decay. Therefore, one should clean the teeth with a brush or datun and dental floss (a special strong thread which is moved between twoteeth to take out trapped food particles) at least twice a day andrinse the mouth after every meal. Also, one should not put dirty fingers or any unwashed object in the mouth. (b) (c) (d) Our mouth has the salivary glands which secrete saliva. Do you know the action of saliva on food? Let us find out. Activity 2.3 T\n\nh acid and this causes pain and irritation. To get rid of this pain, people use bases called antacids. One such remedy must have been suggested by you at the beginning of this Chapter . These antacids neutralise the excess acid. Magnesium hydroxide (Milk of magnesia), a mild base, is often used for this purpose. pH change as the cause of tooth decay Tooth decay starts when the pH of the mouth is lower than 5.5. Tooth enamel, made up of calcium hydroxyapatite (a crystalline form of calcium phosphate) is the hardest substance in the body. It does not dissolve in water , but is corr oded when the pH in the mouth is below 5.5. Bacteria present in the mouth produce acids by degradation of sugar and food particles remaining in the mouth after eat']",['Acids produced by bacteria from leftover sugars in the mouth.'],1.0,0.9546243098939508
Explain how a starfish feeds.,"A starfish feeds by popping out its stomach through its mouth to eat the soft animal inside a hard shell, then retracts its stomach to digest the food.
","['simpler substances is called digestion. 2.1 D IFFERENT WAYS OF TAKING FOOD The mode of taking food into the body varies in different organisms. Bees and humming-birds suck the nectar ofplants, infants of human and many other animals feed on mother’s milk. Snakes like the python swallow theanimals they prey upon. Some aquatic animals filter tiny food particles floating nearby and feed upon them. Activity 2.1 What is the type of food and mode offeeding of the following animals? Write down your observations in the given Table. You may find the list of modes offeeding given below the Table helpful. Complex substance Simpler substances Reprint 2024-25 SCIENCE 12 Starfish feeds on animals covered by hard shells of calcium carbonate. After openin\n\nl. Complex substance Simpler substances Reprint 2024-25 SCIENCE 12 Starfish feeds on animals covered by hard shells of calcium carbonate. After opening the shell, the starfish pops out its stomach through itsmouth to eat the soft animal inside the shell. The stomach then goes back into the body and the food is slowlydigested. 2.2 D IGESTION IN HUMANS We take in food through the mouth,digest and utilise it. The unused partsof the food are defecated. Have you ever wondered what happens to the food inside the body? The food passesthrough a continuous canal (Fig. 2.2) which begins at the buccal cavity and ends at the anus. The canal can bedivided into various compartments: (1) the buccal cavity, (2) foodpipe or oesophagus , (3) stomach , (4) s\n\nppens to the food once it enters our body? W e shall discuss this process here.Figure 5.5Figure 5.5Figure 5.5Figure 5.5Figure 5.5 Nutrition in Amoeba 2024-25 Life Processes 85Activity 5.3Activity 5.3Activity 5.3Activity 5.3Activity 5.3 /square6Take 1 mL starch solution (1%) in two test tubes (A and B). /square6Add 1 mL saliva to test tube A and leave both test tubes undisturbed for 20-30 minutes. /square6Now add a few drops of dilute iodine solution to the test tubes. /square6In which test tube do you observe a colour change? /square6What does this indicate about the presence or absence of starch in the two test tubes? /square6What does this tell us about the action of saliva on starch? We eat various types of food which has to pass thr oug']","['simpler substances is called digestion. 2.1 D IFFERENT WAYS OF TAKING FOOD The mode of taking food into the body varies in different organisms. Bees and humming-birds suck the nectar ofplants, infants of human and many other animals feed on mother’s milk. Snakes like the python swallow theanimals they prey upon. Some aquatic animals filter tiny food particles floating nearby and feed upon them. Activity 2.1 What is the type of food and mode offeeding of the following animals? Write down your observations in the given Table. You may find the list of modes offeeding given below the Table helpful. Complex substance Simpler substances Reprint 2024-25 SCIENCE 12 Starfish feeds on animals covered by hard shells of calcium carbonate. After openin\n\nl. Complex substance Simpler substances Reprint 2024-25 SCIENCE 12 Starfish feeds on animals covered by hard shells of calcium carbonate. After opening the shell, the starfish pops out its stomach through itsmouth to eat the soft animal inside the shell. The stomach then goes back into the body and the food is slowlydigested. 2.2 D IGESTION IN HUMANS We take in food through the mouth,digest and utilise it. The unused partsof the food are defecated. Have you ever wondered what happens to the food inside the body? The food passesthrough a continuous canal (Fig. 2.2) which begins at the buccal cavity and ends at the anus. The canal can bedivided into various compartments: (1) the buccal cavity, (2) foodpipe or oesophagus , (3) stomach , (4) s\n\nppens to the food once it enters our body? W e shall discuss this process here.Figure 5.5Figure 5.5Figure 5.5Figure 5.5Figure 5.5 Nutrition in Amoeba 2024-25 Life Processes 85Activity 5.3Activity 5.3Activity 5.3Activity 5.3Activity 5.3 /square6Take 1 mL starch solution (1%) in two test tubes (A and B). /square6Add 1 mL saliva to test tube A and leave both test tubes undisturbed for 20-30 minutes. /square6Now add a few drops of dilute iodine solution to the test tubes. /square6In which test tube do you observe a colour change? /square6What does this indicate about the presence or absence of starch in the two test tubes? /square6What does this tell us about the action of saliva on starch? We eat various types of food which has to pass thr oug']","['It extrudes its stomach out of its mouth to digest food externally, then retracts it.']",,
What distinguishes ingestion from digestion?,"Ingestion is the process of taking food into the body through the mouth, while digestion is the process where digestive juices convert complex food substances into simpler ones.
","['ppens to the food once it enters our body? W e shall discuss this process here.Figure 5.5Figure 5.5Figure 5.5Figure 5.5Figure 5.5 Nutrition in Amoeba 2024-25 Life Processes 85Activity 5.3Activity 5.3Activity 5.3Activity 5.3Activity 5.3 /square6Take 1 mL starch solution (1%) in two test tubes (A and B). /square6Add 1 mL saliva to test tube A and leave both test tubes undisturbed for 20-30 minutes. /square6Now add a few drops of dilute iodine solution to the test tubes. /square6In which test tube do you observe a colour change? /square6What does this indicate about the presence or absence of starch in the two test tubes? /square6What does this tell us about the action of saliva on starch? We eat various types of food which has to pass thr oug\n\nestive juices convert complex substances of food into simpler ones. The digestive tract and the associated glands together constitute the digestive system . Now, let us know what happens to the food in different parts of the digestivetract. The mouth and buccal cavity Food is taken into the body through themouth. The process of taking food into Salivary gland Stomach Pancreas Small intestine Largeintestine Rectum AnusGall bladderLiverOesophagus Reprint 2024-25 NUTRITION IN ANIMALS 13 type of teethMilk teeth and permanent teeth Do you remember about falling of your teeth some years ago? The first set of teeth grows during infancy and they fall off at the age between six to eightyears. These are termed milk teeth . The second set that replac\n\nngest is its complex nature. If it is to be absorbed from the alimentary canal, it has to be broken into smaller molecules. This is done with the help of biological catalysts called enzymes. The saliva contains an enzyme called salivary amylase that breaks down starch which is a complex molecule to give simple sugar . The food is mixed thoroughly with saliva and moved around the mouth while chewing by the muscular tongue. It is necessary to move the food in a regulated manner along the digestive tube so that it can be processed properly in each part. The lining of canal has muscles that contract rhythmically in order to push the food forward. These peristaltic movements occur all along the gut. From the mouth, the food is taken to the stoma']","['ppens to the food once it enters our body? W e shall discuss this process here.Figure 5.5Figure 5.5Figure 5.5Figure 5.5Figure 5.5 Nutrition in Amoeba 2024-25 Life Processes 85Activity 5.3Activity 5.3Activity 5.3Activity 5.3Activity 5.3 /square6Take 1 mL starch solution (1%) in two test tubes (A and B). /square6Add 1 mL saliva to test tube A and leave both test tubes undisturbed for 20-30 minutes. /square6Now add a few drops of dilute iodine solution to the test tubes. /square6In which test tube do you observe a colour change? /square6What does this indicate about the presence or absence of starch in the two test tubes? /square6What does this tell us about the action of saliva on starch? We eat various types of food which has to pass thr oug\n\nestive juices convert complex substances of food into simpler ones. The digestive tract and the associated glands together constitute the digestive system . Now, let us know what happens to the food in different parts of the digestivetract. The mouth and buccal cavity Food is taken into the body through themouth. The process of taking food into Salivary gland Stomach Pancreas Small intestine Largeintestine Rectum AnusGall bladderLiverOesophagus Reprint 2024-25 NUTRITION IN ANIMALS 13 type of teethMilk teeth and permanent teeth Do you remember about falling of your teeth some years ago? The first set of teeth grows during infancy and they fall off at the age between six to eightyears. These are termed milk teeth . The second set that replac\n\nngest is its complex nature. If it is to be absorbed from the alimentary canal, it has to be broken into smaller molecules. This is done with the help of biological catalysts called enzymes. The saliva contains an enzyme called salivary amylase that breaks down starch which is a complex molecule to give simple sugar . The food is mixed thoroughly with saliva and moved around the mouth while chewing by the muscular tongue. It is necessary to move the food in a regulated manner along the digestive tube so that it can be processed properly in each part. The lining of canal has muscles that contract rhythmically in order to push the food forward. These peristaltic movements occur all along the gut. From the mouth, the food is taken to the stoma']","['Ingestion is taking food into the body', 'digestion breaks food into simpler substances.']",1.0,
"Which organ secretes bile, and its function?","The liver secretes bile, which helps in the digestion of fats.
","['long with thefood and makes the medium in the stomach acidic and helps the digestivejuices to act. The digestive juices break down the proteins into simpler substances. The small intestine The small intestine is highly coiled and is about 7.5 metres long. It receivessecretions from the liver and the pancreas. Besides, its wall also secretes juices. The liver is a reddish brown gland situated in the upper part of theabdomen on the right side. It is the largest gland in the body. It secretes bile juice that is stored in a sac called the gall bladder (Fig. 2.2). The bile plays an important role in the digestion of fats. The pancreas is a large cream coloured gland located just below thestomach (Fig. 2.2). The pancreatic juiceacts on carbohydr\n\nWhat is their location and function?6. Where is the bile produced? Which component of the food does it help to digest? 7. Name the type of carbohydrate that can be digested by ruminants but not by humans. Give the reason also. 8. Why do we get instant energy from glucose?9. Which part of the digestive canal is involved in: (i) absorption of food ________________. (ii) chewing of food ________________. (iii) killing of bacteria ________________. (iv) complete digestion of food ________________. (v) formation of faeces ________________. 10. Write one similarity and one difference between the nutrition in amoeba and human beings. 11. Match the items of Column I with suitable items in Column II Column I Column II (a) Salivary gland (i) Bile ju\n\nr accomplishes this in addition to acting on fats. Fats are present in the intestine in the form of large globules which makes it difficult for enzymes to act on them. Bile salts break them down into smaller globules increasing the efficiency of enzyme action. This is similar to the emulsifying action of soaps on dirt that we have learnt about in Chapter 4. The pancreas secretes pancreatic juice which contains enzymes like trypsin for digesting proteins and lipase for breaking down emulsified fats. The walls of the small intestine contain glands which secrete intestinal juice. The enzymes present in it finally convert the proteins to amino acids, complex carbohydrates into glucose and fats into fatty acids and glycerol. Digested food is tak']","['long with thefood and makes the medium in the stomach acidic and helps the digestivejuices to act. The digestive juices break down the proteins into simpler substances. The small intestine The small intestine is highly coiled and is about 7.5 metres long. It receivessecretions from the liver and the pancreas. Besides, its wall also secretes juices. The liver is a reddish brown gland situated in the upper part of theabdomen on the right side. It is the largest gland in the body. It secretes bile juice that is stored in a sac called the gall bladder (Fig. 2.2). The bile plays an important role in the digestion of fats. The pancreas is a large cream coloured gland located just below thestomach (Fig. 2.2). The pancreatic juiceacts on carbohydr\n\nWhat is their location and function?6. Where is the bile produced? Which component of the food does it help to digest? 7. Name the type of carbohydrate that can be digested by ruminants but not by humans. Give the reason also. 8. Why do we get instant energy from glucose?9. Which part of the digestive canal is involved in: (i) absorption of food ________________. (ii) chewing of food ________________. (iii) killing of bacteria ________________. (iv) complete digestion of food ________________. (v) formation of faeces ________________. 10. Write one similarity and one difference between the nutrition in amoeba and human beings. 11. Match the items of Column I with suitable items in Column II Column I Column II (a) Salivary gland (i) Bile ju\n\nr accomplishes this in addition to acting on fats. Fats are present in the intestine in the form of large globules which makes it difficult for enzymes to act on them. Bile salts break them down into smaller globules increasing the efficiency of enzyme action. This is similar to the emulsifying action of soaps on dirt that we have learnt about in Chapter 4. The pancreas secretes pancreatic juice which contains enzymes like trypsin for digesting proteins and lipase for breaking down emulsified fats. The walls of the small intestine contain glands which secrete intestinal juice. The enzymes present in it finally convert the proteins to amino acids, complex carbohydrates into glucose and fats into fatty acids and glycerol. Digested food is tak']","['The liver secretes bile, which emulsifies fats.']",,0.9377785496003487
What is the role of molar teeth?,"Molar teeth are used for chewing and grinding food.
","['ntribution of male and female parents ensured in the progeny? 2024-25\n\nrst set of teeth grows during infancy and they fall off at the age between six to eightyears. These are termed milk teeth . The second set that replaces them are the permanent teeth . The permanent teeth may last throughout life or fall off during old age or due to some dental disease. the body is called ingestion . We chew the food with the teeth and break itdown mechanically into small pieces.Each tooth is rooted in a separate socket in the gums (Fig. 2.3). Our teeth vary in appearance and perform differentfunctions. Accordingly they are given different names (Fig. 2.3). Activity 2.2 Wash your hands. Look into the mirror and count your teeth. Use your index finger to feel the teeth. How many kinds of teeth could youfind? Take a piece of a\n\naccommodated in a small space within our body! Type of teeth Number of teeth Total Lower jaw Upper jaw Cutting and biting teeth Piercing and tearing teethChewing and grinding teethTable 2.2 Molar CaninePremolar Incisor Reprint 2024-25 SCIENCE 14 Water Boiled rice Boiled and chewed rice Sweets and tooth decay Normally bacteria are present in our mouth but they are not harmful to us. However, if we do not clean our teeth and mouth after eating, many harmful bacteria also begin to live and grow in it. These bacteriabreak down the sugars present from the leftover food and release acids (see Chapter 4 to know what an acid is). The acids gradually damage the teeth (Fig. 2.5). This is called tooth decay . If it is not treated in time, it causes se']","['ntribution of male and female parents ensured in the progeny? 2024-25\n\nrst set of teeth grows during infancy and they fall off at the age between six to eightyears. These are termed milk teeth . The second set that replaces them are the permanent teeth . The permanent teeth may last throughout life or fall off during old age or due to some dental disease. the body is called ingestion . We chew the food with the teeth and break itdown mechanically into small pieces.Each tooth is rooted in a separate socket in the gums (Fig. 2.3). Our teeth vary in appearance and perform differentfunctions. Accordingly they are given different names (Fig. 2.3). Activity 2.2 Wash your hands. Look into the mirror and count your teeth. Use your index finger to feel the teeth. How many kinds of teeth could youfind? Take a piece of a\n\naccommodated in a small space within our body! Type of teeth Number of teeth Total Lower jaw Upper jaw Cutting and biting teeth Piercing and tearing teethChewing and grinding teethTable 2.2 Molar CaninePremolar Incisor Reprint 2024-25 SCIENCE 14 Water Boiled rice Boiled and chewed rice Sweets and tooth decay Normally bacteria are present in our mouth but they are not harmful to us. However, if we do not clean our teeth and mouth after eating, many harmful bacteria also begin to live and grow in it. These bacteriabreak down the sugars present from the leftover food and release acids (see Chapter 4 to know what an acid is). The acids gradually damage the teeth (Fig. 2.5). This is called tooth decay . If it is not treated in time, it causes se']",['Chewing and grinding food.'],1.0,0.9805814096691793
What is the alimentary canal?,"The alimentary canal is a long tube extending from the mouth to the anus, consisting of compartments like the buccal cavity, oesophagus, stomach, small intestine, large intestine, and rectum.
","['avity and ends at the anus. The canal can bedivided into various compartments: (1) the buccal cavity, (2) foodpipe or oesophagus , (3) stomach , (4) small intestine, (5) large intestine ending in the rectum and (6) the anus. Is it not a very long path? These parts together form the alimentary canal (digestive tract). The food components graduallyget digested as food travels through thevarious compartments. The inner wallsof the stomach and the small intestine,and the various glands associated with thecanal such as salivary glands , the liver and the pancreas secrete digestive juices. The digestive juices convert complex substances of food into simpler ones. The digestive tract and the associated glands together constitute the digestive sy\n\nl. Complex substance Simpler substances Reprint 2024-25 SCIENCE 12 Starfish feeds on animals covered by hard shells of calcium carbonate. After opening the shell, the starfish pops out its stomach through itsmouth to eat the soft animal inside the shell. The stomach then goes back into the body and the food is slowlydigested. 2.2 D IGESTION IN HUMANS We take in food through the mouth,digest and utilise it. The unused partsof the food are defecated. Have you ever wondered what happens to the food inside the body? The food passesthrough a continuous canal (Fig. 2.2) which begins at the buccal cavity and ends at the anus. The canal can bedivided into various compartments: (1) the buccal cavity, (2) foodpipe or oesophagus , (3) stomach , (4) s\n\nes which then diffuse into the cytoplasm. The remaining undigested material is moved to the surface of the cell and thrown out. In Paramoecium , which is also a unicellular organism, the cell has a definite shape and food is taken in at a specific spot. Food is moved to this spot by the movement of cilia which cover the entire surface of the cell. 5.2.4 Nutrition in Human Beings The alimentary canal is basically a long tube extending from the mouth to the anus. In Fig. 5.6, we can see that the tube has different parts. Various r egions ar e specialised to per form dif ferent functions. What happens to the food once it enters our body? W e shall discuss this process here.Figure 5.5Figure 5.5Figure 5.5Figure 5.5Figure 5.5 Nutrition in Amoeba']","['avity and ends at the anus. The canal can bedivided into various compartments: (1) the buccal cavity, (2) foodpipe or oesophagus , (3) stomach , (4) small intestine, (5) large intestine ending in the rectum and (6) the anus. Is it not a very long path? These parts together form the alimentary canal (digestive tract). The food components graduallyget digested as food travels through thevarious compartments. The inner wallsof the stomach and the small intestine,and the various glands associated with thecanal such as salivary glands , the liver and the pancreas secrete digestive juices. The digestive juices convert complex substances of food into simpler ones. The digestive tract and the associated glands together constitute the digestive sy\n\nl. Complex substance Simpler substances Reprint 2024-25 SCIENCE 12 Starfish feeds on animals covered by hard shells of calcium carbonate. After opening the shell, the starfish pops out its stomach through itsmouth to eat the soft animal inside the shell. The stomach then goes back into the body and the food is slowlydigested. 2.2 D IGESTION IN HUMANS We take in food through the mouth,digest and utilise it. The unused partsof the food are defecated. Have you ever wondered what happens to the food inside the body? The food passesthrough a continuous canal (Fig. 2.2) which begins at the buccal cavity and ends at the anus. The canal can bedivided into various compartments: (1) the buccal cavity, (2) foodpipe or oesophagus , (3) stomach , (4) s\n\nes which then diffuse into the cytoplasm. The remaining undigested material is moved to the surface of the cell and thrown out. In Paramoecium , which is also a unicellular organism, the cell has a definite shape and food is taken in at a specific spot. Food is moved to this spot by the movement of cilia which cover the entire surface of the cell. 5.2.4 Nutrition in Human Beings The alimentary canal is basically a long tube extending from the mouth to the anus. In Fig. 5.6, we can see that the tube has different parts. Various r egions ar e specialised to per form dif ferent functions. What happens to the food once it enters our body? W e shall discuss this process here.Figure 5.5Figure 5.5Figure 5.5Figure 5.5Figure 5.5 Nutrition in Amoeba']",['A continuous digestive tract from mouth to anus.'],1.0,0.9609880028575525
Define absorption in digestion.,"Absorption is the process where digested food passes into the blood vessels in the wall of the intestine.
","['nd salts from the body. Diarrhoea should not be neglected. Even before a doctor is consulted the patient should be given plenty of boiled and cooled waterwith a pinch of salt and sugar dissolved in it. This is called Oral Rehydration Solution (ORS).The partly digested food now reaches thelower part of the small intestine wherethe intestinal juice completes the digestion of all components of the food. The carbohydrates get broken intosimple sugars such as glucose, fats into fatty acids and glycerol, and proteins into amino acids. Absorption in the small intestine The digested food can now pass into the blood vessels in the wall of the intestine.This process is called absorption. The inner walls of the small intestine havethousands of finger-\n\ninto the blood vessels in the wall of the intestine.This process is called absorption. The inner walls of the small intestine havethousands of finger-like outgrowths.These are called villi (singular villus). Can you guess what the role of villi couldbe in the intestine? The villi increasethe surface area for absorption of the digested food. Each villus has a network of thin and small blood vessels close toits surface. The surface of the villi absorbs the digested food materials. The absorbed substances are transportedvia the blood vessels to different organs of the body where they are used to build complex substances such as theproteins required by the body. This is called assimilation . In the cells, glucose breaks down with the help of ox\n\nd eaten is broken down by various steps along the alimentary canal and the digested food is absorbed in the small intestine to be sent to all cells in the body.Think it over! Organ donation Organ donation is a generous act of donating an organ to a person who suffers from non-function of organ(s). Donation of an organ may be done by the consent of the donor and his/her family. Anyone regardless of age or gender can become an organ and tissue donor . Organ transplants can save or transfor m the life of a person. T ransplantation is required because recipient’s organ has been damaged or has failed by disease or injury. In organ transplantation the organ is surgically removed from one person (organ donor) and transplanted to another person (th']","['nd salts from the body. Diarrhoea should not be neglected. Even before a doctor is consulted the patient should be given plenty of boiled and cooled waterwith a pinch of salt and sugar dissolved in it. This is called Oral Rehydration Solution (ORS).The partly digested food now reaches thelower part of the small intestine wherethe intestinal juice completes the digestion of all components of the food. The carbohydrates get broken intosimple sugars such as glucose, fats into fatty acids and glycerol, and proteins into amino acids. Absorption in the small intestine The digested food can now pass into the blood vessels in the wall of the intestine.This process is called absorption. The inner walls of the small intestine havethousands of finger-\n\ninto the blood vessels in the wall of the intestine.This process is called absorption. The inner walls of the small intestine havethousands of finger-like outgrowths.These are called villi (singular villus). Can you guess what the role of villi couldbe in the intestine? The villi increasethe surface area for absorption of the digested food. Each villus has a network of thin and small blood vessels close toits surface. The surface of the villi absorbs the digested food materials. The absorbed substances are transportedvia the blood vessels to different organs of the body where they are used to build complex substances such as theproteins required by the body. This is called assimilation . In the cells, glucose breaks down with the help of ox\n\nd eaten is broken down by various steps along the alimentary canal and the digested food is absorbed in the small intestine to be sent to all cells in the body.Think it over! Organ donation Organ donation is a generous act of donating an organ to a person who suffers from non-function of organ(s). Donation of an organ may be done by the consent of the donor and his/her family. Anyone regardless of age or gender can become an organ and tissue donor . Organ transplants can save or transfor m the life of a person. T ransplantation is required because recipient’s organ has been damaged or has failed by disease or injury. In organ transplantation the organ is surgically removed from one person (organ donor) and transplanted to another person (th']",['Absorption is the uptake of nutrients from digested food into the bloodstream.'],1.0,0.8516526141728273
What is anaerobic respiration in muscle cells?,"Anaerobic respiration in muscle cells is the partial breakdown of glucose without oxygen, producing lactic acid and energy for a short time during intense activity when oxygen supply is limited.
","['eakdown of glucoseoccurs with the use of oxygen it is called aerobic respiration . Food can also be broken down, without using oxygen. This is called anaerobic respiration . Breakdown of food releases energy. You should know that there are some organisms such as yeast that can survivein the absence of air. They are calledanaerobes . They get energy through anaerobic respiration. In the absence ofoxygen, glucose breaks down into alcoholand carbon dioxide, as given below: Reprint 2024-25 SCIENCE 58 Our muscle cells can also respire anaerobically, but only for a short time, when there is a temporary deficiency of oxygen. During heavy exercise, fast running (Fig. 6.1), cycling, walking formany hours or heavy weight lifting, the demand for ener\n\nrary deficiency of oxygen. During heavy exercise, fast running (Fig. 6.1), cycling, walking formany hours or heavy weight lifting, the demand for energy is high. But the supply of oxygen to produce the energyis limited. Then anaerobic respiration takes places in the muscle cells to fulfil the demand of energy: respire anaerobicallyHave you ever wondered why you get muscle cramps after heavy exercise? Thecramps occur when muscle cells respire anaerobically. The partial breakdown of glucose produces lactic acid. Theaccumulation of lactic acid causes muscle cramps. We get relief from cramps after ahot water bath or a massage. Can youguess why it is so? Hot water bath or massage improves circulation of blood. As a result, the supply of oxygen\n\nore, all living organisms respireto get energy from food. During breathing, we breathe in air. You know that air contains oxygen. We breathe outair which is rich in carbon dioxide. The air we breathe in is transported to all parts of the body and ultimately to eachcell. In the cells, oxygen in the air helps in the breakdown of food. The process of breakdown of food in the cell with therelease of energy is called cellular respiration. Cellular respiration takesplace in the cells of all organisms. In the cell, the food (glucose) is broken down into carbon dioxide and water usingoxygen. When breakdown of glucoseoccurs with the use of oxygen it is called aerobic respiration . Food can also be broken down, without using oxygen. This is called']","['eakdown of glucoseoccurs with the use of oxygen it is called aerobic respiration . Food can also be broken down, without using oxygen. This is called anaerobic respiration . Breakdown of food releases energy. You should know that there are some organisms such as yeast that can survivein the absence of air. They are calledanaerobes . They get energy through anaerobic respiration. In the absence ofoxygen, glucose breaks down into alcoholand carbon dioxide, as given below: Reprint 2024-25 SCIENCE 58 Our muscle cells can also respire anaerobically, but only for a short time, when there is a temporary deficiency of oxygen. During heavy exercise, fast running (Fig. 6.1), cycling, walking formany hours or heavy weight lifting, the demand for ener\n\nrary deficiency of oxygen. During heavy exercise, fast running (Fig. 6.1), cycling, walking formany hours or heavy weight lifting, the demand for energy is high. But the supply of oxygen to produce the energyis limited. Then anaerobic respiration takes places in the muscle cells to fulfil the demand of energy: respire anaerobicallyHave you ever wondered why you get muscle cramps after heavy exercise? Thecramps occur when muscle cells respire anaerobically. The partial breakdown of glucose produces lactic acid. Theaccumulation of lactic acid causes muscle cramps. We get relief from cramps after ahot water bath or a massage. Can youguess why it is so? Hot water bath or massage improves circulation of blood. As a result, the supply of oxygen\n\nore, all living organisms respireto get energy from food. During breathing, we breathe in air. You know that air contains oxygen. We breathe outair which is rich in carbon dioxide. The air we breathe in is transported to all parts of the body and ultimately to eachcell. In the cells, oxygen in the air helps in the breakdown of food. The process of breakdown of food in the cell with therelease of energy is called cellular respiration. Cellular respiration takesplace in the cells of all organisms. In the cell, the food (glucose) is broken down into carbon dioxide and water usingoxygen. When breakdown of glucoseoccurs with the use of oxygen it is called aerobic respiration . Food can also be broken down, without using oxygen. This is called']","['Energy production without oxygen, leading to lactic acid buildup and muscle cramps.']",,1.0000000000000002
Why do woolen clothes keep us warm?,"Woolen clothes keep us warm because wool is a poor conductor of heat and traps air between its fibers, preventing heat from escaping our body.
","['Heat3 You know that woollen clothes are made from animal fibres. You also know that cotton clothes are made from plant fibres. We wear woollen clothes during winters when it is cold outside. Woollen clothes keep us warm. We prefer to wear light coloured cottonclothes when it is hot. These give us a feeling of coolness. You might have wondered why particular types ofclothes are suitable for a particular season. In winter you feel cold inside the house. If you come out in the sun, youfeel warm. In summer, you feel hot even inside the house. How do we knowwhether an object is hot or cold? How do we find out how hot or cold an object is? In this chapter we shall try to seekanswers to some of these questions. 3.1 H OT AND COLD In our day-to-day\n\nthe winter. Light coloured clothes reflect most of the heat that falls on them and, therefore, we feel more comfortable wearing them in the summer. Woollen clothes keep us warm in winter In the winter, we use woollen clothes. Wool is a poor conductor of heat. Moreover, there is air trapped in betweenthe wool fibres. This air prevents the flowof heat from our body to the coldsurroundings. So, we feel warm. Suppose you are given the choice in winter of using either one thick blanketor two thin blankets joined together.What would you choose and why?Remember that there would be a layerof air in between the blankets.Fig. 3.12 Containers with black and white surface Keywords Celsius scale ConductionConductor ConvectionInsulator Land breezeRadia\n\nanism of our body which keeps us cool. W e know that during evaporation, the particles at the sur face of the liquid gain ener gy from the surr oundings or body sur face and change into vapour . The heat ener gy equal to the latent heat of vaporisation is absorbed fr om the body leaving the body cool. Cotton, being a good absorber of water helps in absorbing the sweat and exposing it to the atmosphere for easy evaporation.Why do we see water droplets on the outer surface of a glass containing ice-cold water? Let us take some ice-cold water in a tumbler . Soon we will see water dr oplets on the outer sur face of the tumbler . The water vapour present in air , on coming in contact with the cold glass of water , loses ener gy and gets converte']","['Heat3 You know that woollen clothes are made from animal fibres. You also know that cotton clothes are made from plant fibres. We wear woollen clothes during winters when it is cold outside. Woollen clothes keep us warm. We prefer to wear light coloured cottonclothes when it is hot. These give us a feeling of coolness. You might have wondered why particular types ofclothes are suitable for a particular season. In winter you feel cold inside the house. If you come out in the sun, youfeel warm. In summer, you feel hot even inside the house. How do we knowwhether an object is hot or cold? How do we find out how hot or cold an object is? In this chapter we shall try to seekanswers to some of these questions. 3.1 H OT AND COLD In our day-to-day\n\nthe winter. Light coloured clothes reflect most of the heat that falls on them and, therefore, we feel more comfortable wearing them in the summer. Woollen clothes keep us warm in winter In the winter, we use woollen clothes. Wool is a poor conductor of heat. Moreover, there is air trapped in betweenthe wool fibres. This air prevents the flowof heat from our body to the coldsurroundings. So, we feel warm. Suppose you are given the choice in winter of using either one thick blanketor two thin blankets joined together.What would you choose and why?Remember that there would be a layerof air in between the blankets.Fig. 3.12 Containers with black and white surface Keywords Celsius scale ConductionConductor ConvectionInsulator Land breezeRadia\n\nanism of our body which keeps us cool. W e know that during evaporation, the particles at the sur face of the liquid gain ener gy from the surr oundings or body sur face and change into vapour . The heat ener gy equal to the latent heat of vaporisation is absorbed fr om the body leaving the body cool. Cotton, being a good absorber of water helps in absorbing the sweat and exposing it to the atmosphere for easy evaporation.Why do we see water droplets on the outer surface of a glass containing ice-cold water? Let us take some ice-cold water in a tumbler . Soon we will see water dr oplets on the outer sur face of the tumbler . The water vapour present in air , on coming in contact with the cold glass of water , loses ener gy and gets converte']","['Wool traps air, insulating our bodies and preventing heat loss.']",1.0,
What is temperature?,"Temperature is the hotness of an object and is measured by a thermometer.
","['hotness of an object is its temperature . Temperature is measured by a device called thermometer . 3.2 M EASURING TEMPERATURE Have you seen a thermometer? Recall that when you or someone else in yourfamily had fever, the temperature was measured by a thermometer. The thermometer that measures our bodytemperature is called a clinical thermometer . Hold the thermometer inFig. 3.2 A clinical thermom- eter A clinical thermometer reads temperature from 35°C to 42°C. Activity 3.2 Reading a thermometer Let us learn how to read a thermometer. First, note the temperature differenceindicated between the two bigger marks. Also note down the number of divisionsB. Mix some cold and hot water in container C. Now dip your left hand in container A and t\n\nHeat3 You know that woollen clothes are made from animal fibres. You also know that cotton clothes are made from plant fibres. We wear woollen clothes during winters when it is cold outside. Woollen clothes keep us warm. We prefer to wear light coloured cottonclothes when it is hot. These give us a feeling of coolness. You might have wondered why particular types ofclothes are suitable for a particular season. In winter you feel cold inside the house. If you come out in the sun, youfeel warm. In summer, you feel hot even inside the house. How do we knowwhether an object is hot or cold? How do we find out how hot or cold an object is? In this chapter we shall try to seekanswers to some of these questions. 3.1 H OT AND COLD In our day-to-day\n\nelectricity transmission? 2024-25']","['hotness of an object is its temperature . Temperature is measured by a device called thermometer . 3.2 M EASURING TEMPERATURE Have you seen a thermometer? Recall that when you or someone else in yourfamily had fever, the temperature was measured by a thermometer. The thermometer that measures our bodytemperature is called a clinical thermometer . Hold the thermometer inFig. 3.2 A clinical thermom- eter A clinical thermometer reads temperature from 35°C to 42°C. Activity 3.2 Reading a thermometer Let us learn how to read a thermometer. First, note the temperature differenceindicated between the two bigger marks. Also note down the number of divisionsB. Mix some cold and hot water in container C. Now dip your left hand in container A and t\n\nHeat3 You know that woollen clothes are made from animal fibres. You also know that cotton clothes are made from plant fibres. We wear woollen clothes during winters when it is cold outside. Woollen clothes keep us warm. We prefer to wear light coloured cottonclothes when it is hot. These give us a feeling of coolness. You might have wondered why particular types ofclothes are suitable for a particular season. In winter you feel cold inside the house. If you come out in the sun, youfeel warm. In summer, you feel hot even inside the house. How do we knowwhether an object is hot or cold? How do we find out how hot or cold an object is? In this chapter we shall try to seekanswers to some of these questions. 3.1 H OT AND COLD In our day-to-day\n\nelectricity transmission? 2024-25']",['A measure of how hot or cold an object is.'],,0.83569898643264
What thermometer is used for measuring body temperature?,"A clinical thermometer is used for measuring body temperature.
","['hotness of an object is its temperature . Temperature is measured by a device called thermometer . 3.2 M EASURING TEMPERATURE Have you seen a thermometer? Recall that when you or someone else in yourfamily had fever, the temperature was measured by a thermometer. The thermometer that measures our bodytemperature is called a clinical thermometer . Hold the thermometer inFig. 3.2 A clinical thermom- eter A clinical thermometer reads temperature from 35°C to 42°C. Activity 3.2 Reading a thermometer Let us learn how to read a thermometer. First, note the temperature differenceindicated between the two bigger marks. Also note down the number of divisionsB. Mix some cold and hot water in container C. Now dip your left hand in container A and t\n\nure of every person may not be 37°C. It could be slightly higher or slightly lower. Actually, what we call normal temperature is the average bodytemperature of a large number of healthy persons. The clinical thermometer is designed to measure the temperature of humanbody only. The temperature of human body normally does not go below 35 oC or above 42oC. That is the reason that this thermometer has the range35 oC to 42oC.Different types of thermometersare used for different purposes.The maximum and minimum temperatures of the previous day, reported in weatherreports, are measured by a thermometer called the maximum -minimum thermometer. CAUTION Do not use a clinical thermometer formeasuring the temperature of any object other than the hum\n\nature must be read while the thermometer is in water. You may recall that while taking your own temperature, you have to take thethermometer out of your mouth to note the reading. Can you then use thelaboratory thermometer to measure yourIn addition to the precautions to be taken while reading a clinical thermometer, the laboratory thermometer \uf0a7should be kept upright not tilted. (Fig. 3.5) \uf0a7bulb should be surrounded from all sides by the substance of which the temperature is to be measured. The bulb should not touch the surface of the container. laboratory thermometer Boojho now understands why clinical thermometer cannot be used to measure high temperatures. But still wonders whether a laboratory thermometer can be used to measure his body']","['hotness of an object is its temperature . Temperature is measured by a device called thermometer . 3.2 M EASURING TEMPERATURE Have you seen a thermometer? Recall that when you or someone else in yourfamily had fever, the temperature was measured by a thermometer. The thermometer that measures our bodytemperature is called a clinical thermometer . Hold the thermometer inFig. 3.2 A clinical thermom- eter A clinical thermometer reads temperature from 35°C to 42°C. Activity 3.2 Reading a thermometer Let us learn how to read a thermometer. First, note the temperature differenceindicated between the two bigger marks. Also note down the number of divisionsB. Mix some cold and hot water in container C. Now dip your left hand in container A and t\n\nure of every person may not be 37°C. It could be slightly higher or slightly lower. Actually, what we call normal temperature is the average bodytemperature of a large number of healthy persons. The clinical thermometer is designed to measure the temperature of humanbody only. The temperature of human body normally does not go below 35 oC or above 42oC. That is the reason that this thermometer has the range35 oC to 42oC.Different types of thermometersare used for different purposes.The maximum and minimum temperatures of the previous day, reported in weatherreports, are measured by a thermometer called the maximum -minimum thermometer. CAUTION Do not use a clinical thermometer formeasuring the temperature of any object other than the hum\n\nature must be read while the thermometer is in water. You may recall that while taking your own temperature, you have to take thethermometer out of your mouth to note the reading. Can you then use thelaboratory thermometer to measure yourIn addition to the precautions to be taken while reading a clinical thermometer, the laboratory thermometer \uf0a7should be kept upright not tilted. (Fig. 3.5) \uf0a7bulb should be surrounded from all sides by the substance of which the temperature is to be measured. The bulb should not touch the surface of the container. laboratory thermometer Boojho now understands why clinical thermometer cannot be used to measure high temperatures. But still wonders whether a laboratory thermometer can be used to measure his body']",['Clinical thermometer.'],1.0,
What is the normal human body temperature in Celsius?,"The normal human body temperature is 37°C.
","['unit, °C. What did you record as your body temperature? The normal temperature of human body is 37°C. Note that the temperature is stated with its unit. Let us try to assure Paheli that there is nothing wrong with her. Activity 3.3 Measure the body temperature of someof your friends (at least 10) with a Table 3.2: Body temperature of some persons Name Temperature (°C) Paheli measured her body temperature. She got worried as it was not exactly 37°C. Reprint 2024-25 HEAT 27 clinical thermometer. Record your observations as in Table 3.2. Is the body temperature of every person 37°C? The temperature of every person may not be 37°C. It could be slightly higher or slightly lower. Actually, what we call normal temperature is the average bodytem\n\nure of every person may not be 37°C. It could be slightly higher or slightly lower. Actually, what we call normal temperature is the average bodytemperature of a large number of healthy persons. The clinical thermometer is designed to measure the temperature of humanbody only. The temperature of human body normally does not go below 35 oC or above 42oC. That is the reason that this thermometer has the range35 oC to 42oC.Different types of thermometersare used for different purposes.The maximum and minimum temperatures of the previous day, reported in weatherreports, are measured by a thermometer called the maximum -minimum thermometer. CAUTION Do not use a clinical thermometer formeasuring the temperature of any object other than the hum\n\nthe bulb while reading it. (shown by smaller marks) between thesemarks. Suppose the bigger marks read one degree and there are five divisionsbetween them. Then, one small division can read 10.2 C5\uf03d\uf0b0 . Wash the thermometer, preferably with an antiseptic solution. Hold it firmly and give it a few jerks. The jerks will bring the level of mercury down.Ensure that it falls below 35°C. Now place the bulb of the thermometer thermometerunder your tongue. After one minute, take the thermometer out and note thereading. This is your body temperature. The temperature should always be stated with its unit, °C. What did you record as your body temperature? The normal temperature of human body is 37°C. Note that the temperature is stated with its un']","['unit, °C. What did you record as your body temperature? The normal temperature of human body is 37°C. Note that the temperature is stated with its unit. Let us try to assure Paheli that there is nothing wrong with her. Activity 3.3 Measure the body temperature of someof your friends (at least 10) with a Table 3.2: Body temperature of some persons Name Temperature (°C) Paheli measured her body temperature. She got worried as it was not exactly 37°C. Reprint 2024-25 HEAT 27 clinical thermometer. Record your observations as in Table 3.2. Is the body temperature of every person 37°C? The temperature of every person may not be 37°C. It could be slightly higher or slightly lower. Actually, what we call normal temperature is the average bodytem\n\nure of every person may not be 37°C. It could be slightly higher or slightly lower. Actually, what we call normal temperature is the average bodytemperature of a large number of healthy persons. The clinical thermometer is designed to measure the temperature of humanbody only. The temperature of human body normally does not go below 35 oC or above 42oC. That is the reason that this thermometer has the range35 oC to 42oC.Different types of thermometersare used for different purposes.The maximum and minimum temperatures of the previous day, reported in weatherreports, are measured by a thermometer called the maximum -minimum thermometer. CAUTION Do not use a clinical thermometer formeasuring the temperature of any object other than the hum\n\nthe bulb while reading it. (shown by smaller marks) between thesemarks. Suppose the bigger marks read one degree and there are five divisionsbetween them. Then, one small division can read 10.2 C5\uf03d\uf0b0 . Wash the thermometer, preferably with an antiseptic solution. Hold it firmly and give it a few jerks. The jerks will bring the level of mercury down.Ensure that it falls below 35°C. Now place the bulb of the thermometer thermometerunder your tongue. After one minute, take the thermometer out and note thereading. This is your body temperature. The temperature should always be stated with its unit, °C. What did you record as your body temperature? The normal temperature of human body is 37°C. Note that the temperature is stated with its un']",['37°C.'],,
Why is mercury preferred in thermometers?,"The provided text explains that thermometers use mercury, but doesn't explicitly state why it is preferred.
","['tly. Let us now learn how this thermometer is used. Activity 3.4 Take some tap water in a beaker or a mug. Dip the thermometer in water so that the bulb isimmersed in water but does not touch the bottom or the sides of the container. Hold thethermometer vertically (Fig. 3.5). Observe the movement of mercury in the thermometer. Wait till themercury thread becomes steady. How do we measure the temperature ofother objects? For this purpose, thereare other thermometers. One such thermometer is known as the laboratory thermometer. The teacher will show you Boojho got a naughty idea. He wanted to measure the temperature of hot milk using a clinical thermometer. Paheli stopped him from doing so. Reprint 2024-25 SCIENCE 28Are there any variati\n\no measure the temperature of hot milk using a clinical thermometer. Paheli stopped him from doing so. Reprint 2024-25 SCIENCE 28Are there any variations in the readings? Discuss the possible reasons. Let us try to answer this question. Activity 3.5 Take some hot water in a beaker or amug. Dip the thermometer in water. Wait till the mercury thread becomessteady and note the temperature. Now take out the thermometer from water. Observe carefully what happens now.Do you notice that as soon as you take the thermometer out of water, the level of mercury begins to fall. This meansthat the temperature must be read while the thermometer is in water. You may recall that while taking your own temperature, you have to take thethermometer out of yo\n\n. A clinical thermometer consists of a long, narrow, uniform glass tube. It hasa bulb at one end. This bulb contains mercury. Outside the bulb, a small shining thread of mercury can be seen. If you do not see the mercury thread, rotate the thermometer a bit till you seeit. You will also find a scale on thethermometer. The scale we use is the celsius scale, indicated by °C.Boojho’s confusion shows that we cannot always rely on our sense of touchto decide whether an object is hot or cold. Sometimesit may deceive us. Then, how do we find out how hot an object reallyis? A reliable measure of the hotness of an object is its temperature . Temperature is measured by a device called thermometer . 3.2 M EASURING TEMPERATURE Have you seen a thermom']","['tly. Let us now learn how this thermometer is used. Activity 3.4 Take some tap water in a beaker or a mug. Dip the thermometer in water so that the bulb isimmersed in water but does not touch the bottom or the sides of the container. Hold thethermometer vertically (Fig. 3.5). Observe the movement of mercury in the thermometer. Wait till themercury thread becomes steady. How do we measure the temperature ofother objects? For this purpose, thereare other thermometers. One such thermometer is known as the laboratory thermometer. The teacher will show you Boojho got a naughty idea. He wanted to measure the temperature of hot milk using a clinical thermometer. Paheli stopped him from doing so. Reprint 2024-25 SCIENCE 28Are there any variati\n\no measure the temperature of hot milk using a clinical thermometer. Paheli stopped him from doing so. Reprint 2024-25 SCIENCE 28Are there any variations in the readings? Discuss the possible reasons. Let us try to answer this question. Activity 3.5 Take some hot water in a beaker or amug. Dip the thermometer in water. Wait till the mercury thread becomessteady and note the temperature. Now take out the thermometer from water. Observe carefully what happens now.Do you notice that as soon as you take the thermometer out of water, the level of mercury begins to fall. This meansthat the temperature must be read while the thermometer is in water. You may recall that while taking your own temperature, you have to take thethermometer out of yo\n\n. A clinical thermometer consists of a long, narrow, uniform glass tube. It hasa bulb at one end. This bulb contains mercury. Outside the bulb, a small shining thread of mercury can be seen. If you do not see the mercury thread, rotate the thermometer a bit till you seeit. You will also find a scale on thethermometer. The scale we use is the celsius scale, indicated by °C.Boojho’s confusion shows that we cannot always rely on our sense of touchto decide whether an object is hot or cold. Sometimesit may deceive us. Then, how do we find out how hot an object reallyis? A reliable measure of the hotness of an object is its temperature . Temperature is measured by a device called thermometer . 3.2 M EASURING TEMPERATURE Have you seen a thermom']",['Mercury expands uniformly with temperature and has a wide temperature range in liquid form.'],1.0,0.0
Explain the difference between Celsius and Fahrenheit scales.,"The Celsius scale is used in India and has a range that includes 0°C for freezing and 100°C for boiling, while the Fahrenheit scale was used earlier and has a range from 94°F to 108°F.
","['he two bigger marks. Also note down the number of divisionsB. Mix some cold and hot water in container C. Now dip your left hand in container A and the right hand in container B. After keeping the hands inthe two containers for 2–3 minutes, put both the hands simultaneously in container C (Fig. 3.1). Do both thehands get the same feeling? Boojho wondered which of the two scales shown in Fig. 3.2 he should read. Paheli told him that India has adopted the celsius scale and we should read that scale. The other scale with the range 94–108 degrees is the Fahrenheit scale (°F). It was in use earlier. Boojho says,“My left hand tells me that the water in mug C is hot and the right hand tells me that the same water is cold. What should I conclu\n\nline. Suspend the paper as shown in Fig. 3.14 above a lighted candle. Observe what happens. Think of an explanation. Did you know? The celsius scale was devised by a Swedish astronomer, Anders Celsiusin 1742. Strangely, he fixed the temperature of the boiling water as 0°Cand of freezing water as 100°C. However, this order was reversed verysoon.5. Take two similar transparent glass bottles having wide mouths. Put a few crystals of potassium permanganate or pour a few drops of ink in one bottle. Fill this bottle with hot water. Fill the other bottle with coldwater. Cover the cold water bottle with a thick piece of paper such as apostcard. Press the postcard firmly with one hand and hold the bottlewith the other hand. Invert the bottle and pla\n\netween the blankets.Fig. 3.12 Containers with black and white surface Keywords Celsius scale ConductionConductor ConvectionInsulator Land breezeRadiationSea breeze TemperatureThermometer Reprint 2024-25 SCIENCE 34 What you have learnt \uf06eOur sense of touch is not always a reliable guide to the degree of hotness of an object. \uf06eTemperature is a measure of the degree of hotness of an object. \uf06eThermometer is a device used for measuring temperature. \uf06eClinical thermometer is used to measure our body temperature. Therange of this thermometer is from 35°C to 42°C. For other purposes, weuse the laboratory thermometers. The range of these thermometers isusually from –10°C to 110°C. \uf06eThe normal temperature of the human body is 37°C. \uf06eThe heat flows fr']","['he two bigger marks. Also note down the number of divisionsB. Mix some cold and hot water in container C. Now dip your left hand in container A and the right hand in container B. After keeping the hands inthe two containers for 2–3 minutes, put both the hands simultaneously in container C (Fig. 3.1). Do both thehands get the same feeling? Boojho wondered which of the two scales shown in Fig. 3.2 he should read. Paheli told him that India has adopted the celsius scale and we should read that scale. The other scale with the range 94–108 degrees is the Fahrenheit scale (°F). It was in use earlier. Boojho says,“My left hand tells me that the water in mug C is hot and the right hand tells me that the same water is cold. What should I conclu\n\nline. Suspend the paper as shown in Fig. 3.14 above a lighted candle. Observe what happens. Think of an explanation. Did you know? The celsius scale was devised by a Swedish astronomer, Anders Celsiusin 1742. Strangely, he fixed the temperature of the boiling water as 0°Cand of freezing water as 100°C. However, this order was reversed verysoon.5. Take two similar transparent glass bottles having wide mouths. Put a few crystals of potassium permanganate or pour a few drops of ink in one bottle. Fill this bottle with hot water. Fill the other bottle with coldwater. Cover the cold water bottle with a thick piece of paper such as apostcard. Press the postcard firmly with one hand and hold the bottlewith the other hand. Invert the bottle and pla\n\netween the blankets.Fig. 3.12 Containers with black and white surface Keywords Celsius scale ConductionConductor ConvectionInsulator Land breezeRadiationSea breeze TemperatureThermometer Reprint 2024-25 SCIENCE 34 What you have learnt \uf06eOur sense of touch is not always a reliable guide to the degree of hotness of an object. \uf06eTemperature is a measure of the degree of hotness of an object. \uf06eThermometer is a device used for measuring temperature. \uf06eClinical thermometer is used to measure our body temperature. Therange of this thermometer is from 35°C to 42°C. For other purposes, weuse the laboratory thermometers. The range of these thermometers isusually from –10°C to 110°C. \uf06eThe normal temperature of the human body is 37°C. \uf06eThe heat flows fr']","['Celsius sets water freezing at 0°C and boiling at 100°C', 'Fahrenheit sets freezing at 32°F and boiling at 212°F.']",1.0,0.8070443807016089
Why isn't the sense of touch reliable for measuring temperature?,"Our sense of touch is not always a reliable guide to the degree of hotness of an object.
","['we find out how hot or cold an object is? In this chapter we shall try to seekanswers to some of these questions. 3.1 H OT AND COLD In our day-to-day life, we come across a number of objects. Some of them are hotWe see that some objects are cold while some are hot. You also know that some objects are hotter than others while some are colder than others. How do we decide which object is hotter thanthe other? We often do it by touching the objects. But is our sense of touch reliable? Let us find out. Activity 3.1 Take three small tubs/containers. Labelthem as A, B and C. Put cold water in container A and hot water in container Table 3.1: Hot and cold objects Object Cold/Cool Warm/Hot Ice cream \uf0d6 Spoon in a tea cup Fruit juiceHandle of a fr\n\netween the blankets.Fig. 3.12 Containers with black and white surface Keywords Celsius scale ConductionConductor ConvectionInsulator Land breezeRadiationSea breeze TemperatureThermometer Reprint 2024-25 SCIENCE 34 What you have learnt \uf06eOur sense of touch is not always a reliable guide to the degree of hotness of an object. \uf06eTemperature is a measure of the degree of hotness of an object. \uf06eThermometer is a device used for measuring temperature. \uf06eClinical thermometer is used to measure our body temperature. Therange of this thermometer is from 35°C to 42°C. For other purposes, weuse the laboratory thermometers. The range of these thermometers isusually from –10°C to 110°C. \uf06eThe normal temperature of the human body is 37°C. \uf06eThe heat flows fr\n\nhotness of an object is its temperature . Temperature is measured by a device called thermometer . 3.2 M EASURING TEMPERATURE Have you seen a thermometer? Recall that when you or someone else in yourfamily had fever, the temperature was measured by a thermometer. The thermometer that measures our bodytemperature is called a clinical thermometer . Hold the thermometer inFig. 3.2 A clinical thermom- eter A clinical thermometer reads temperature from 35°C to 42°C. Activity 3.2 Reading a thermometer Let us learn how to read a thermometer. First, note the temperature differenceindicated between the two bigger marks. Also note down the number of divisionsB. Mix some cold and hot water in container C. Now dip your left hand in container A and t']","['we find out how hot or cold an object is? In this chapter we shall try to seekanswers to some of these questions. 3.1 H OT AND COLD In our day-to-day life, we come across a number of objects. Some of them are hotWe see that some objects are cold while some are hot. You also know that some objects are hotter than others while some are colder than others. How do we decide which object is hotter thanthe other? We often do it by touching the objects. But is our sense of touch reliable? Let us find out. Activity 3.1 Take three small tubs/containers. Labelthem as A, B and C. Put cold water in container A and hot water in container Table 3.1: Hot and cold objects Object Cold/Cool Warm/Hot Ice cream \uf0d6 Spoon in a tea cup Fruit juiceHandle of a fr\n\netween the blankets.Fig. 3.12 Containers with black and white surface Keywords Celsius scale ConductionConductor ConvectionInsulator Land breezeRadiationSea breeze TemperatureThermometer Reprint 2024-25 SCIENCE 34 What you have learnt \uf06eOur sense of touch is not always a reliable guide to the degree of hotness of an object. \uf06eTemperature is a measure of the degree of hotness of an object. \uf06eThermometer is a device used for measuring temperature. \uf06eClinical thermometer is used to measure our body temperature. Therange of this thermometer is from 35°C to 42°C. For other purposes, weuse the laboratory thermometers. The range of these thermometers isusually from –10°C to 110°C. \uf06eThe normal temperature of the human body is 37°C. \uf06eThe heat flows fr\n\nhotness of an object is its temperature . Temperature is measured by a device called thermometer . 3.2 M EASURING TEMPERATURE Have you seen a thermometer? Recall that when you or someone else in yourfamily had fever, the temperature was measured by a thermometer. The thermometer that measures our bodytemperature is called a clinical thermometer . Hold the thermometer inFig. 3.2 A clinical thermom- eter A clinical thermometer reads temperature from 35°C to 42°C. Activity 3.2 Reading a thermometer Let us learn how to read a thermometer. First, note the temperature differenceindicated between the two bigger marks. Also note down the number of divisionsB. Mix some cold and hot water in container C. Now dip your left hand in container A and t']","['Touch only senses relative temperature differences, not precise measurements.']",1.0,0.9235163893933068
What precautions must be observed using a clinical thermometer?,"Do not use a clinical thermometer for measuring the temperature of any object other than the human body.
","['ature must be read while the thermometer is in water. You may recall that while taking your own temperature, you have to take thethermometer out of your mouth to note the reading. Can you then use thelaboratory thermometer to measure yourIn addition to the precautions to be taken while reading a clinical thermometer, the laboratory thermometer \uf0a7should be kept upright not tilted. (Fig. 3.5) \uf0a7bulb should be surrounded from all sides by the substance of which the temperature is to be measured. The bulb should not touch the surface of the container. laboratory thermometer Boojho now understands why clinical thermometer cannot be used to measure high temperatures. But still wonders whether a laboratory thermometer can be used to measure his body\n\nure of every person may not be 37°C. It could be slightly higher or slightly lower. Actually, what we call normal temperature is the average bodytemperature of a large number of healthy persons. The clinical thermometer is designed to measure the temperature of humanbody only. The temperature of human body normally does not go below 35 oC or above 42oC. That is the reason that this thermometer has the range35 oC to 42oC.Different types of thermometersare used for different purposes.The maximum and minimum temperatures of the previous day, reported in weatherreports, are measured by a thermometer called the maximum -minimum thermometer. CAUTION Do not use a clinical thermometer formeasuring the temperature of any object other than the hum\n\nhotness of an object is its temperature . Temperature is measured by a device called thermometer . 3.2 M EASURING TEMPERATURE Have you seen a thermometer? Recall that when you or someone else in yourfamily had fever, the temperature was measured by a thermometer. The thermometer that measures our bodytemperature is called a clinical thermometer . Hold the thermometer inFig. 3.2 A clinical thermom- eter A clinical thermometer reads temperature from 35°C to 42°C. Activity 3.2 Reading a thermometer Let us learn how to read a thermometer. First, note the temperature differenceindicated between the two bigger marks. Also note down the number of divisionsB. Mix some cold and hot water in container C. Now dip your left hand in container A and t']","['ature must be read while the thermometer is in water. You may recall that while taking your own temperature, you have to take thethermometer out of your mouth to note the reading. Can you then use thelaboratory thermometer to measure yourIn addition to the precautions to be taken while reading a clinical thermometer, the laboratory thermometer \uf0a7should be kept upright not tilted. (Fig. 3.5) \uf0a7bulb should be surrounded from all sides by the substance of which the temperature is to be measured. The bulb should not touch the surface of the container. laboratory thermometer Boojho now understands why clinical thermometer cannot be used to measure high temperatures. But still wonders whether a laboratory thermometer can be used to measure his body\n\nure of every person may not be 37°C. It could be slightly higher or slightly lower. Actually, what we call normal temperature is the average bodytemperature of a large number of healthy persons. The clinical thermometer is designed to measure the temperature of humanbody only. The temperature of human body normally does not go below 35 oC or above 42oC. That is the reason that this thermometer has the range35 oC to 42oC.Different types of thermometersare used for different purposes.The maximum and minimum temperatures of the previous day, reported in weatherreports, are measured by a thermometer called the maximum -minimum thermometer. CAUTION Do not use a clinical thermometer formeasuring the temperature of any object other than the hum\n\nhotness of an object is its temperature . Temperature is measured by a device called thermometer . 3.2 M EASURING TEMPERATURE Have you seen a thermometer? Recall that when you or someone else in yourfamily had fever, the temperature was measured by a thermometer. The thermometer that measures our bodytemperature is called a clinical thermometer . Hold the thermometer inFig. 3.2 A clinical thermom- eter A clinical thermometer reads temperature from 35°C to 42°C. Activity 3.2 Reading a thermometer Let us learn how to read a thermometer. First, note the temperature differenceindicated between the two bigger marks. Also note down the number of divisionsB. Mix some cold and hot water in container C. Now dip your left hand in container A and t']","['Wash before/after use, read at eye-level, handle carefully.']",1.0,0.9152613573537645
What causes a metal spoon to feel colder than a wooden spoon?,"Metal is a better conductor of heat than wood, so it draws heat away from your hand more quickly, making it feel colder.
","['we find out how hot or cold an object is? In this chapter we shall try to seekanswers to some of these questions. 3.1 H OT AND COLD In our day-to-day life, we come across a number of objects. Some of them are hotWe see that some objects are cold while some are hot. You also know that some objects are hotter than others while some are colder than others. How do we decide which object is hotter thanthe other? We often do it by touching the objects. But is our sense of touch reliable? Let us find out. Activity 3.1 Take three small tubs/containers. Labelthem as A, B and C. Put cold water in container A and hot water in container Table 3.1: Hot and cold objects Object Cold/Cool Warm/Hot Ice cream \uf0d6 Spoon in a tea cup Fruit juiceHandle of a fr\n\nhan 80°C (c) 20°C (d) between 30°C and 50°C Reprint 2024-25 SCIENCE 369. An iron ball at 40°C is dropped in a mug containing water at 40°C. The heat will (a) flow from iron ball to water. (b) not flow from iron ball to water or from water to iron ball. (c) flow from water to iron ball. (d) increase the temperature of both. 10. A wooden spoon is dipped in a cup of ice cream. Its other end (a) becomes cold by the process of conduction.(b) becomes cold by the process of convection. (c) becomes cold by the process of radiation. (d) does not become cold. 11. Stainless steel pans are usually provided with copper bottoms. The reason for this could be that (a) copper bottom makes the pan more durable.(b) such pans appear colourful. (c) copper is\n\nhich the article end get hot is made of Yes/No Steel spoon Metal Yes Reprint 2024-25 HEAT 31 Notice that towards the top, the air gets heated by convection. Therefore, the hand above the flame feels hot. On thesides, however, there is no convection and air does not feel as hot as at the top. The people living in the coastal areas experience an interesting phenomenon.During the day, the land gets heatedfaster than the water. The air over the land becomes hotter and rises up. The cooler air from the sea rushes in towardsthe land to take its place. The warm air from the land moves towards the sea to complete the cycle (Fig. 3.11). The airfrom the sea is called the sea breeze . To receive the cooler sea breeze, the windowsof the houses in coas']","['we find out how hot or cold an object is? In this chapter we shall try to seekanswers to some of these questions. 3.1 H OT AND COLD In our day-to-day life, we come across a number of objects. Some of them are hotWe see that some objects are cold while some are hot. You also know that some objects are hotter than others while some are colder than others. How do we decide which object is hotter thanthe other? We often do it by touching the objects. But is our sense of touch reliable? Let us find out. Activity 3.1 Take three small tubs/containers. Labelthem as A, B and C. Put cold water in container A and hot water in container Table 3.1: Hot and cold objects Object Cold/Cool Warm/Hot Ice cream \uf0d6 Spoon in a tea cup Fruit juiceHandle of a fr\n\nhan 80°C (c) 20°C (d) between 30°C and 50°C Reprint 2024-25 SCIENCE 369. An iron ball at 40°C is dropped in a mug containing water at 40°C. The heat will (a) flow from iron ball to water. (b) not flow from iron ball to water or from water to iron ball. (c) flow from water to iron ball. (d) increase the temperature of both. 10. A wooden spoon is dipped in a cup of ice cream. Its other end (a) becomes cold by the process of conduction.(b) becomes cold by the process of convection. (c) becomes cold by the process of radiation. (d) does not become cold. 11. Stainless steel pans are usually provided with copper bottoms. The reason for this could be that (a) copper bottom makes the pan more durable.(b) such pans appear colourful. (c) copper is\n\nhich the article end get hot is made of Yes/No Steel spoon Metal Yes Reprint 2024-25 HEAT 31 Notice that towards the top, the air gets heated by convection. Therefore, the hand above the flame feels hot. On thesides, however, there is no convection and air does not feel as hot as at the top. The people living in the coastal areas experience an interesting phenomenon.During the day, the land gets heatedfaster than the water. The air over the land becomes hotter and rises up. The cooler air from the sea rushes in towardsthe land to take its place. The warm air from the land moves towards the sea to complete the cycle (Fig. 3.11). The airfrom the sea is called the sea breeze . To receive the cooler sea breeze, the windowsof the houses in coas']",['Metal conducts heat from the skin faster.'],,0.9061278146348836
What is a maximum-minimum thermometer used for?,"A maximum-minimum thermometer is used to measure the maximum and minimum temperatures of the previous day, as reported in weather reports.
","['meter called the maximum -minimum thermometer. CAUTION Do not use a clinical thermometer formeasuring the temperature of any object other than the human body. Also avoid keeping the thermometer inthe sun or near a flame. It may break.this thermometer. Look at itcarefully and note the highest and the lowest temperature it can measure. The range of alaboratory thermometer is generally from –10°C to 110°C (Fig. 3.4). Also, as you did in thecase of the clinical thermometer, find out how much a small division on this thermometerreads. You would need this information to read the thermometer correctly. Let us now learn how this thermometer is used. Activity 3.4 Take some tap water in a beaker or a mug. Dip the thermometer in water so that the b\n\nure of every person may not be 37°C. It could be slightly higher or slightly lower. Actually, what we call normal temperature is the average bodytemperature of a large number of healthy persons. The clinical thermometer is designed to measure the temperature of humanbody only. The temperature of human body normally does not go below 35 oC or above 42oC. That is the reason that this thermometer has the range35 oC to 42oC.Different types of thermometersare used for different purposes.The maximum and minimum temperatures of the previous day, reported in weatherreports, are measured by a thermometer called the maximum -minimum thermometer. CAUTION Do not use a clinical thermometer formeasuring the temperature of any object other than the hum\n\nhotness of an object is its temperature . Temperature is measured by a device called thermometer . 3.2 M EASURING TEMPERATURE Have you seen a thermometer? Recall that when you or someone else in yourfamily had fever, the temperature was measured by a thermometer. The thermometer that measures our bodytemperature is called a clinical thermometer . Hold the thermometer inFig. 3.2 A clinical thermom- eter A clinical thermometer reads temperature from 35°C to 42°C. Activity 3.2 Reading a thermometer Let us learn how to read a thermometer. First, note the temperature differenceindicated between the two bigger marks. Also note down the number of divisionsB. Mix some cold and hot water in container C. Now dip your left hand in container A and t']","['meter called the maximum -minimum thermometer. CAUTION Do not use a clinical thermometer formeasuring the temperature of any object other than the human body. Also avoid keeping the thermometer inthe sun or near a flame. It may break.this thermometer. Look at itcarefully and note the highest and the lowest temperature it can measure. The range of alaboratory thermometer is generally from –10°C to 110°C (Fig. 3.4). Also, as you did in thecase of the clinical thermometer, find out how much a small division on this thermometerreads. You would need this information to read the thermometer correctly. Let us now learn how this thermometer is used. Activity 3.4 Take some tap water in a beaker or a mug. Dip the thermometer in water so that the b\n\nure of every person may not be 37°C. It could be slightly higher or slightly lower. Actually, what we call normal temperature is the average bodytemperature of a large number of healthy persons. The clinical thermometer is designed to measure the temperature of humanbody only. The temperature of human body normally does not go below 35 oC or above 42oC. That is the reason that this thermometer has the range35 oC to 42oC.Different types of thermometersare used for different purposes.The maximum and minimum temperatures of the previous day, reported in weatherreports, are measured by a thermometer called the maximum -minimum thermometer. CAUTION Do not use a clinical thermometer formeasuring the temperature of any object other than the hum\n\nhotness of an object is its temperature . Temperature is measured by a device called thermometer . 3.2 M EASURING TEMPERATURE Have you seen a thermometer? Recall that when you or someone else in yourfamily had fever, the temperature was measured by a thermometer. The thermometer that measures our bodytemperature is called a clinical thermometer . Hold the thermometer inFig. 3.2 A clinical thermom- eter A clinical thermometer reads temperature from 35°C to 42°C. Activity 3.2 Reading a thermometer Let us learn how to read a thermometer. First, note the temperature differenceindicated between the two bigger marks. Also note down the number of divisionsB. Mix some cold and hot water in container C. Now dip your left hand in container A and t']",['Measuring the highest and lowest daily temperatures.'],,
What are acids identified by taste?,"Acids taste sour.
","['ncesis acidic. The word acid comes from the Latin word acere which means sour. The acids in these substances arenatural acids. What about baking soda? Does it also taste sour? If not, what is its taste? Since,it does not taste sour it means, that ithas no acids in it. It is bitter in taste. If you rub it s solution between fingers, it feels soapy. Generally, substances like these which are bitter in taste and feel soapy on touching are known as bases . The nature of such substances is said to be basic . If we cannot taste every substance, how do we find its nature? Special type of substances are used to test whether a substance is acidic orbasic. These substances are known asindicators. The indicators change their colour when added to a so\n\nAcids, Bases and Salts4 We use in our daily life a large number of substances such as lemon, tamarind, common salt, sugar and vinegar. Do they have the same taste? Let us recall tastes of some edible substances listed in Table 4.1. If you have not tasted any ofthese substances taste it now and enter the result in Table 4.1.You find that some of these substances taste sour, some taste bitter,some taste sweet and some taste salty. 4.1 A CIDS AND BASES Curd, lemon juice, orange juice and vinegar taste sour. These substancestaste sour because they contain acids . The chemical nature of such substancesis acidic. The word acid comes from the Latin word acere which means sour. The acids in these substances arenatural acids. What about baking soda\n\nActivity 2.2Activity 2.2Activity 2.2 /square6Take some finely chopped onions in a plastic bag along with some strips of clean cloth. T ie up the bag tightly and leave over night in the fridge. The cloth strips can now be used to test for acids and bases. /square6Take two of these cloth strips and check their odour . /square6Keep them on a clean surface and put a few drops of dilute HCl solution on one strip and a few drops of dilute NaOH solution on the other . 2024-25 Acids, Bases and Salts 19Which of these – vanilla, onion and clove, can be used as olfactory indicators on the basis of your observations? Let us do some more activities to understand the chemical properties of acids and bases. 2.1.2 How do Acids and Bases React with Metals?/']","['ncesis acidic. The word acid comes from the Latin word acere which means sour. The acids in these substances arenatural acids. What about baking soda? Does it also taste sour? If not, what is its taste? Since,it does not taste sour it means, that ithas no acids in it. It is bitter in taste. If you rub it s solution between fingers, it feels soapy. Generally, substances like these which are bitter in taste and feel soapy on touching are known as bases . The nature of such substances is said to be basic . If we cannot taste every substance, how do we find its nature? Special type of substances are used to test whether a substance is acidic orbasic. These substances are known asindicators. The indicators change their colour when added to a so\n\nAcids, Bases and Salts4 We use in our daily life a large number of substances such as lemon, tamarind, common salt, sugar and vinegar. Do they have the same taste? Let us recall tastes of some edible substances listed in Table 4.1. If you have not tasted any ofthese substances taste it now and enter the result in Table 4.1.You find that some of these substances taste sour, some taste bitter,some taste sweet and some taste salty. 4.1 A CIDS AND BASES Curd, lemon juice, orange juice and vinegar taste sour. These substancestaste sour because they contain acids . The chemical nature of such substancesis acidic. The word acid comes from the Latin word acere which means sour. The acids in these substances arenatural acids. What about baking soda\n\nActivity 2.2Activity 2.2Activity 2.2 /square6Take some finely chopped onions in a plastic bag along with some strips of clean cloth. T ie up the bag tightly and leave over night in the fridge. The cloth strips can now be used to test for acids and bases. /square6Take two of these cloth strips and check their odour . /square6Keep them on a clean surface and put a few drops of dilute HCl solution on one strip and a few drops of dilute NaOH solution on the other . 2024-25 Acids, Bases and Salts 19Which of these – vanilla, onion and clove, can be used as olfactory indicators on the basis of your observations? Let us do some more activities to understand the chemical properties of acids and bases. 2.1.2 How do Acids and Bases React with Metals?/']",['They taste sour.'],1.0,0.8642656461905958
How do bases feel and taste?,"Bases taste bitter and feel soapy on touching.
","['Acids, Bases and Salts4 We use in our daily life a large number of substances such as lemon, tamarind, common salt, sugar and vinegar. Do they have the same taste? Let us recall tastes of some edible substances listed in Table 4.1. If you have not tasted any ofthese substances taste it now and enter the result in Table 4.1.You find that some of these substances taste sour, some taste bitter,some taste sweet and some taste salty. 4.1 A CIDS AND BASES Curd, lemon juice, orange juice and vinegar taste sour. These substancestaste sour because they contain acids . The chemical nature of such substancesis acidic. The word acid comes from the Latin word acere which means sour. The acids in these substances arenatural acids. What about baking soda\n\nncesis acidic. The word acid comes from the Latin word acere which means sour. The acids in these substances arenatural acids. What about baking soda? Does it also taste sour? If not, what is its taste? Since,it does not taste sour it means, that ithas no acids in it. It is bitter in taste. If you rub it s solution between fingers, it feels soapy. Generally, substances like these which are bitter in taste and feel soapy on touching are known as bases . The nature of such substances is said to be basic . If we cannot taste every substance, how do we find its nature? Special type of substances are used to test whether a substance is acidic orbasic. These substances are known asindicators. The indicators change their colour when added to a so\n\nbservations? Let us do some more activities to understand the chemical properties of acids and bases. 2.1.2 How do Acids and Bases React with Metals?/square6Rinse both cloth strips with water and again check their odour . /square6Note your observations. /square6Now take some dilute vanilla essence and clove oil and check their odour . /square6Take some dilute HCl solution in one test tube and dilute NaOH solution in another . Add a few dr ops of dilute vanilla essence to both test tubes and shake well. Check the odour once again and record changes in odour , if any. /square6Similarly, test the change in the odour of clove oil with dilute HCl and dilute NaOH solutions and record your observations. Activity 2.3Activity 2.3Activity 2.3Activity']","['Acids, Bases and Salts4 We use in our daily life a large number of substances such as lemon, tamarind, common salt, sugar and vinegar. Do they have the same taste? Let us recall tastes of some edible substances listed in Table 4.1. If you have not tasted any ofthese substances taste it now and enter the result in Table 4.1.You find that some of these substances taste sour, some taste bitter,some taste sweet and some taste salty. 4.1 A CIDS AND BASES Curd, lemon juice, orange juice and vinegar taste sour. These substancestaste sour because they contain acids . The chemical nature of such substancesis acidic. The word acid comes from the Latin word acere which means sour. The acids in these substances arenatural acids. What about baking soda\n\nncesis acidic. The word acid comes from the Latin word acere which means sour. The acids in these substances arenatural acids. What about baking soda? Does it also taste sour? If not, what is its taste? Since,it does not taste sour it means, that ithas no acids in it. It is bitter in taste. If you rub it s solution between fingers, it feels soapy. Generally, substances like these which are bitter in taste and feel soapy on touching are known as bases . The nature of such substances is said to be basic . If we cannot taste every substance, how do we find its nature? Special type of substances are used to test whether a substance is acidic orbasic. These substances are known asindicators. The indicators change their colour when added to a so\n\nbservations? Let us do some more activities to understand the chemical properties of acids and bases. 2.1.2 How do Acids and Bases React with Metals?/square6Rinse both cloth strips with water and again check their odour . /square6Note your observations. /square6Now take some dilute vanilla essence and clove oil and check their odour . /square6Take some dilute HCl solution in one test tube and dilute NaOH solution in another . Add a few dr ops of dilute vanilla essence to both test tubes and shake well. Check the odour once again and record changes in odour , if any. /square6Similarly, test the change in the odour of clove oil with dilute HCl and dilute NaOH solutions and record your observations. Activity 2.3Activity 2.3Activity 2.3Activity']",['Bases feel soapy and taste bitter.'],1.0,0.844283891875742
What does litmus paper indicate?,"Litmus paper indicates whether a substance is acidic or basic by changing color to red in acidic solutions and blue in basic solutions.
","['D SALTS 39 (b) litmus paper(a)4.2 N ATURAL INDICATORS AROUND US Litmus: A natural dye The most commonly used natural indicator is litmus. It is extractedfrom lichens (Fig. 4.1a). It has a mauve (purple) colour in distilledwater. When added to an acidicsolution, it turns red and when added to a basic solution, it turns blue. It is available in the form of asolution, or in the form of strips of paper, known as litmus paper. Generally, it is available as red andblue litmus paper (Fig. 4.1b). Can I taste all substances to find their taste? No. Have you not read the caution? We should not taste unknown substances. They could harm us. Do you know? Name of acid Found in Acetic acid Vinegar Formic acid Ant’s stingCitric acid Citrus fruits such a\n\nare used to test whether a substance is acidic orbasic. These substances are known asindicators. The indicators change their colour when added to a solution containing an acidic or a basicsubstance. Turmeric, litmus, China rose petals ( Gudhal ), etc., are some of the naturally occurring indicators.CAUTION 1. Do not taste anything unless asked to do so. 2. Do not touch anything unless asked to do so. Table 4.1 Substance Taste (sour/bitter/ any other) Lemon juice Orange juice VinegarCurdTamarind ( imli) SugarCommon salt Amla Baking sodaGrapesUnripe mango Cucumber Reprint 2024-25 ACIDS, BASES AND SALTS 39 (b) litmus paper(a)4.2 N ATURAL INDICATORS AROUND US Litmus: A natural dye The most commonly used natural indicator is litmus. It is extr\n\nances whose odour changes in acidic or basic media. These are called olfactory indicators. Let us try out some of these indicators.QUESTION ?1. You have been pr ovided with thr ee test tubes. One of them contains distilled water and the other two contain an acidic solution and a basic solution, r espectively. If you ar e given only r ed litmus paper , how will you identify the contents of each test tube? /square6Collect the following solutions from the science laboratory– hydrochloric acid (HCl), sulphuric acid (H2SO4), nitric acid (HNO3), acetic acid (CH3COOH), sodium hydroxide (NaOH), calcium hydroxide [Ca(OH)2], potassium hydroxide (KOH), magnesium hydroxide [Mg(OH)2], and ammonium hydroxide (NH4OH). /square6Put a drop of each of the ab']","['D SALTS 39 (b) litmus paper(a)4.2 N ATURAL INDICATORS AROUND US Litmus: A natural dye The most commonly used natural indicator is litmus. It is extractedfrom lichens (Fig. 4.1a). It has a mauve (purple) colour in distilledwater. When added to an acidicsolution, it turns red and when added to a basic solution, it turns blue. It is available in the form of asolution, or in the form of strips of paper, known as litmus paper. Generally, it is available as red andblue litmus paper (Fig. 4.1b). Can I taste all substances to find their taste? No. Have you not read the caution? We should not taste unknown substances. They could harm us. Do you know? Name of acid Found in Acetic acid Vinegar Formic acid Ant’s stingCitric acid Citrus fruits such a\n\nare used to test whether a substance is acidic orbasic. These substances are known asindicators. The indicators change their colour when added to a solution containing an acidic or a basicsubstance. Turmeric, litmus, China rose petals ( Gudhal ), etc., are some of the naturally occurring indicators.CAUTION 1. Do not taste anything unless asked to do so. 2. Do not touch anything unless asked to do so. Table 4.1 Substance Taste (sour/bitter/ any other) Lemon juice Orange juice VinegarCurdTamarind ( imli) SugarCommon salt Amla Baking sodaGrapesUnripe mango Cucumber Reprint 2024-25 ACIDS, BASES AND SALTS 39 (b) litmus paper(a)4.2 N ATURAL INDICATORS AROUND US Litmus: A natural dye The most commonly used natural indicator is litmus. It is extr\n\nances whose odour changes in acidic or basic media. These are called olfactory indicators. Let us try out some of these indicators.QUESTION ?1. You have been pr ovided with thr ee test tubes. One of them contains distilled water and the other two contain an acidic solution and a basic solution, r espectively. If you ar e given only r ed litmus paper , how will you identify the contents of each test tube? /square6Collect the following solutions from the science laboratory– hydrochloric acid (HCl), sulphuric acid (H2SO4), nitric acid (HNO3), acetic acid (CH3COOH), sodium hydroxide (NaOH), calcium hydroxide [Ca(OH)2], potassium hydroxide (KOH), magnesium hydroxide [Mg(OH)2], and ammonium hydroxide (NH4OH). /square6Put a drop of each of the ab']",['It turns red in acids and blue in bases.'],1.0,0.8933655777437632
What are neutral substances? Give an example.,"The provided text does not define or give examples of neutral substances.
","['Types of Pure Substances? On the basis of their chemical composition, substances can be classified either as elements or compounds. 2.4.1 ELEMENTS Robert Boyle was the first scientist to use the term element in 1661. Antoine Laurent Lavoisier (1743–94), a French chemist, was the first to establish an experimentally useful definition of an element. He defined an element as a basic form of matter that cannot be broken down into simpler substances by chemical reactions. Elements can be normally divided into metals, non-metals and metalloids. Metals usually show some or all of the following properties: •They have a lustre (shine). •They have silvery-grey or golden-yellow colour . •They conduct heat and electricity. •They are ductile (can be dr\n\nncesis acidic. The word acid comes from the Latin word acere which means sour. The acids in these substances arenatural acids. What about baking soda? Does it also taste sour? If not, what is its taste? Since,it does not taste sour it means, that ithas no acids in it. It is bitter in taste. If you rub it s solution between fingers, it feels soapy. Generally, substances like these which are bitter in taste and feel soapy on touching are known as bases . The nature of such substances is said to be basic . If we cannot taste every substance, how do we find its nature? Special type of substances are used to test whether a substance is acidic orbasic. These substances are known asindicators. The indicators change their colour when added to a so\n\ne can see that most of the matter around us exists as mixtures of two or more pure components, for example, sea water , minerals, soil, etc., ar e all mixtur es. 2.1 What is a Mixture? Mixtures are constituted by more than one kind of pure for m of matter . We know that dissolved sodium chloride can be separated from water by the physical process of evaporation. However , sodium chloride is itselfa pure substance and cannot be separated by physical process into its chemical constituents. Similarly, sugar is a substance which contains only one kind of pure matter and its composition is the same throughout. Soft drink and soil are not single pure substances. Whatever the source of a pure substance may be, it will always have the same charact']","['Types of Pure Substances? On the basis of their chemical composition, substances can be classified either as elements or compounds. 2.4.1 ELEMENTS Robert Boyle was the first scientist to use the term element in 1661. Antoine Laurent Lavoisier (1743–94), a French chemist, was the first to establish an experimentally useful definition of an element. He defined an element as a basic form of matter that cannot be broken down into simpler substances by chemical reactions. Elements can be normally divided into metals, non-metals and metalloids. Metals usually show some or all of the following properties: •They have a lustre (shine). •They have silvery-grey or golden-yellow colour . •They conduct heat and electricity. •They are ductile (can be dr\n\nncesis acidic. The word acid comes from the Latin word acere which means sour. The acids in these substances arenatural acids. What about baking soda? Does it also taste sour? If not, what is its taste? Since,it does not taste sour it means, that ithas no acids in it. It is bitter in taste. If you rub it s solution between fingers, it feels soapy. Generally, substances like these which are bitter in taste and feel soapy on touching are known as bases . The nature of such substances is said to be basic . If we cannot taste every substance, how do we find its nature? Special type of substances are used to test whether a substance is acidic orbasic. These substances are known asindicators. The indicators change their colour when added to a so\n\ne can see that most of the matter around us exists as mixtures of two or more pure components, for example, sea water , minerals, soil, etc., ar e all mixtur es. 2.1 What is a Mixture? Mixtures are constituted by more than one kind of pure for m of matter . We know that dissolved sodium chloride can be separated from water by the physical process of evaporation. However , sodium chloride is itselfa pure substance and cannot be separated by physical process into its chemical constituents. Similarly, sugar is a substance which contains only one kind of pure matter and its composition is the same throughout. Soft drink and soil are not single pure substances. Whatever the source of a pure substance may be, it will always have the same charact']","['Substances neither acidic nor basic, e.g., pure water.']",1.0,0.0
What acid causes the sting of an ant bite?,"Formic acid causes the sting of an ant bite.
","['the effect of excessive acid. Ant bite When an ant bites, it injectsthe acidic liquid (formic acid) into theskin. The effect of the acid can be neutralised by rubbing moist baking soda (sodium hydrogencarbonate) orcalamine solution, which contains zinc carbonate. Soil treatment Excessive use of chemical fertilisers makes the soil acidic. Plants do notgrow well when the soil is either too acidic or too basic . When the soil is too acidic, it is treated with bases like quick lime (calcium oxide) or slaked lime (calcium hydroxide). If the soil is basic, organic matter (compost) is added to it. Organic matter releases acids which neutralises the basic nature of the soil. Factory wastes The wastes of many factoriescontain acids. If they are al\n\ntional remedies for such stings? Table 2.3 Some naturally occurring acids Natural source Acid Natural source Acid Vinegar Acetic acid Sour milk (Curd) Lactic acid Orange Citric acid Lemon Citric acid Tamarind Tartaric acid Ant sting Methanoic acid Tomato Oxalic acid Nettle sting Methanoic acid 1. You have two solutions, A and B. The pH of solution A is 6 and pH of solution B is 8. Which solution has more hydrogen ion concentration? Which of this is acidic and which one is basic? 2. What effect does the concentration of H+(aq) ions have on the nature of the solution? 3. Do basic solutions also have H+(aq) ions? If yes, then why are these basic? 4. Under what soil condition do you think a farmer would treat the soil of his fields with quick\n\n(Heat is evolved) The following reaction is an example:Hydrochloric acid (HCl) + Sodium hydroxide (NaOH) \uf0ae Sodium chloride (NaCl) + Water (H 2O) Boojho added dilute sulphuric acid to lime water. Will the reaction mixturebecome hot or cool? 4.4 N EUTRALISATION IN EVERYDAY LIFE Indigestion Our stomach contains hydrochloricacid. It helps us to digest food, as youhave learnt in Chapter 2. But toomuch of acid in the stomach causesindigestion. Sometimes indigestion is painful. To relieve indigestion, we take an antacid such as milk ofmagnesia, which contains magnesium hydroxide. It neutralises the effect of excessive acid. Ant bite When an ant bites, it injectsthe acidic liquid (formic acid) into theskin. The effect of the acid can be neutr']","['the effect of excessive acid. Ant bite When an ant bites, it injectsthe acidic liquid (formic acid) into theskin. The effect of the acid can be neutralised by rubbing moist baking soda (sodium hydrogencarbonate) orcalamine solution, which contains zinc carbonate. Soil treatment Excessive use of chemical fertilisers makes the soil acidic. Plants do notgrow well when the soil is either too acidic or too basic . When the soil is too acidic, it is treated with bases like quick lime (calcium oxide) or slaked lime (calcium hydroxide). If the soil is basic, organic matter (compost) is added to it. Organic matter releases acids which neutralises the basic nature of the soil. Factory wastes The wastes of many factoriescontain acids. If they are al\n\ntional remedies for such stings? Table 2.3 Some naturally occurring acids Natural source Acid Natural source Acid Vinegar Acetic acid Sour milk (Curd) Lactic acid Orange Citric acid Lemon Citric acid Tamarind Tartaric acid Ant sting Methanoic acid Tomato Oxalic acid Nettle sting Methanoic acid 1. You have two solutions, A and B. The pH of solution A is 6 and pH of solution B is 8. Which solution has more hydrogen ion concentration? Which of this is acidic and which one is basic? 2. What effect does the concentration of H+(aq) ions have on the nature of the solution? 3. Do basic solutions also have H+(aq) ions? If yes, then why are these basic? 4. Under what soil condition do you think a farmer would treat the soil of his fields with quick\n\n(Heat is evolved) The following reaction is an example:Hydrochloric acid (HCl) + Sodium hydroxide (NaOH) \uf0ae Sodium chloride (NaCl) + Water (H 2O) Boojho added dilute sulphuric acid to lime water. Will the reaction mixturebecome hot or cool? 4.4 N EUTRALISATION IN EVERYDAY LIFE Indigestion Our stomach contains hydrochloricacid. It helps us to digest food, as youhave learnt in Chapter 2. But toomuch of acid in the stomach causesindigestion. Sometimes indigestion is painful. To relieve indigestion, we take an antacid such as milk ofmagnesia, which contains magnesium hydroxide. It neutralises the effect of excessive acid. Ant bite When an ant bites, it injectsthe acidic liquid (formic acid) into theskin. The effect of the acid can be neutr']",['Formic acid.'],1.0,0.9304846433461824
What base neutralizes stomach acid?,"Antacids, like magnesium hydroxide (Milk of magnesia), neutralize stomach acid.
","['h acid and this causes pain and irritation. To get rid of this pain, people use bases called antacids. One such remedy must have been suggested by you at the beginning of this Chapter . These antacids neutralise the excess acid. Magnesium hydroxide (Milk of magnesia), a mild base, is often used for this purpose. pH change as the cause of tooth decay Tooth decay starts when the pH of the mouth is lower than 5.5. Tooth enamel, made up of calcium hydroxyapatite (a crystalline form of calcium phosphate) is the hardest substance in the body. It does not dissolve in water , but is corr oded when the pH in the mouth is below 5.5. Bacteria present in the mouth produce acids by degradation of sugar and food particles remaining in the mouth after eat\n\nActivity 2.12Activity 2.12 /square6Put about 2 g soil in a test tube and add 5 mL water to it. /square6Shake the contents of the test tube. /square6Filter the contents and collect the filtrate in a test tube. /square6Check the pH of this filtrate with the help of universal indicator paper . /square6What can you conclude about the ideal soil pH for the growth of plants in your region? pH in our digestive system It is very interesting to note that our stomach produces hydrochloric acid. It helps in the digestion of food without harming the stomach. During indigestion the stomach produces too much acid and this causes pain and irritation. To get rid of this pain, people use bases called antacids. One such remedy must have been suggested by you\n\nAcids, Bases and Salts2 CHAPTER You have lear nt in your pr evious classes that the sour and bitter tastes of food are due to acids and bases, respectively, present in them. If someone in the family is suffering from a problem of acidity after overeating, which of the following would you suggest as a remedy– lemon juice, vinegar or baking soda solution? /square6Which property did you think of while choosing the remedy? Surely you must have used your knowledge about the ability of acids and bases to nullify each other’s effect. /square6Recall how we tested sour and bitter substances without tasting them. You alr eady know that acids ar e sour in taste and change the colour of blue litmus to red, whereas, bases are bitter and change the colou']","['h acid and this causes pain and irritation. To get rid of this pain, people use bases called antacids. One such remedy must have been suggested by you at the beginning of this Chapter . These antacids neutralise the excess acid. Magnesium hydroxide (Milk of magnesia), a mild base, is often used for this purpose. pH change as the cause of tooth decay Tooth decay starts when the pH of the mouth is lower than 5.5. Tooth enamel, made up of calcium hydroxyapatite (a crystalline form of calcium phosphate) is the hardest substance in the body. It does not dissolve in water , but is corr oded when the pH in the mouth is below 5.5. Bacteria present in the mouth produce acids by degradation of sugar and food particles remaining in the mouth after eat\n\nActivity 2.12Activity 2.12 /square6Put about 2 g soil in a test tube and add 5 mL water to it. /square6Shake the contents of the test tube. /square6Filter the contents and collect the filtrate in a test tube. /square6Check the pH of this filtrate with the help of universal indicator paper . /square6What can you conclude about the ideal soil pH for the growth of plants in your region? pH in our digestive system It is very interesting to note that our stomach produces hydrochloric acid. It helps in the digestion of food without harming the stomach. During indigestion the stomach produces too much acid and this causes pain and irritation. To get rid of this pain, people use bases called antacids. One such remedy must have been suggested by you\n\nAcids, Bases and Salts2 CHAPTER You have lear nt in your pr evious classes that the sour and bitter tastes of food are due to acids and bases, respectively, present in them. If someone in the family is suffering from a problem of acidity after overeating, which of the following would you suggest as a remedy– lemon juice, vinegar or baking soda solution? /square6Which property did you think of while choosing the remedy? Surely you must have used your knowledge about the ability of acids and bases to nullify each other’s effect. /square6Recall how we tested sour and bitter substances without tasting them. You alr eady know that acids ar e sour in taste and change the colour of blue litmus to red, whereas, bases are bitter and change the colou']",['Milk of magnesia (Magnesium hydroxide).'],1.0,
What natural indicator besides litmus exists?,"Turmeric is another natural indicator besides litmus.
","['are used to test whether a substance is acidic orbasic. These substances are known asindicators. The indicators change their colour when added to a solution containing an acidic or a basicsubstance. Turmeric, litmus, China rose petals ( Gudhal ), etc., are some of the naturally occurring indicators.CAUTION 1. Do not taste anything unless asked to do so. 2. Do not touch anything unless asked to do so. Table 4.1 Substance Taste (sour/bitter/ any other) Lemon juice Orange juice VinegarCurdTamarind ( imli) SugarCommon salt Amla Baking sodaGrapesUnripe mango Cucumber Reprint 2024-25 ACIDS, BASES AND SALTS 39 (b) litmus paper(a)4.2 N ATURAL INDICATORS AROUND US Litmus: A natural dye The most commonly used natural indicator is litmus. It is extr\n\nD SALTS 39 (b) litmus paper(a)4.2 N ATURAL INDICATORS AROUND US Litmus: A natural dye The most commonly used natural indicator is litmus. It is extractedfrom lichens (Fig. 4.1a). It has a mauve (purple) colour in distilledwater. When added to an acidicsolution, it turns red and when added to a basic solution, it turns blue. It is available in the form of asolution, or in the form of strips of paper, known as litmus paper. Generally, it is available as red andblue litmus paper (Fig. 4.1b). Can I taste all substances to find their taste? No. Have you not read the caution? We should not taste unknown substances. They could harm us. Do you know? Name of acid Found in Acetic acid Vinegar Formic acid Ant’s stingCitric acid Citrus fruits such a\n\nting them. You alr eady know that acids ar e sour in taste and change the colour of blue litmus to red, whereas, bases are bitter and change the colour of the red litmus to blue. Litmus is a natural indicator , turmeric is another such indicator . Have you noticed that a stain of curry on a white cloth becomes reddish-brown when soap, which is basic in nature, is scrubbed on it? It turns yellow again when the cloth is washed with plenty of water . You can also use synthetic indicators such as methyl orange and phenolphthalein to test for acids and bases. In this Chapter , we will study the r eactions of acids and bases, how acids and bases cancel out each other’s effects and many more interesting things that we use and see in our day-to-day']","['are used to test whether a substance is acidic orbasic. These substances are known asindicators. The indicators change their colour when added to a solution containing an acidic or a basicsubstance. Turmeric, litmus, China rose petals ( Gudhal ), etc., are some of the naturally occurring indicators.CAUTION 1. Do not taste anything unless asked to do so. 2. Do not touch anything unless asked to do so. Table 4.1 Substance Taste (sour/bitter/ any other) Lemon juice Orange juice VinegarCurdTamarind ( imli) SugarCommon salt Amla Baking sodaGrapesUnripe mango Cucumber Reprint 2024-25 ACIDS, BASES AND SALTS 39 (b) litmus paper(a)4.2 N ATURAL INDICATORS AROUND US Litmus: A natural dye The most commonly used natural indicator is litmus. It is extr\n\nD SALTS 39 (b) litmus paper(a)4.2 N ATURAL INDICATORS AROUND US Litmus: A natural dye The most commonly used natural indicator is litmus. It is extractedfrom lichens (Fig. 4.1a). It has a mauve (purple) colour in distilledwater. When added to an acidicsolution, it turns red and when added to a basic solution, it turns blue. It is available in the form of asolution, or in the form of strips of paper, known as litmus paper. Generally, it is available as red andblue litmus paper (Fig. 4.1b). Can I taste all substances to find their taste? No. Have you not read the caution? We should not taste unknown substances. They could harm us. Do you know? Name of acid Found in Acetic acid Vinegar Formic acid Ant’s stingCitric acid Citrus fruits such a\n\nting them. You alr eady know that acids ar e sour in taste and change the colour of blue litmus to red, whereas, bases are bitter and change the colour of the red litmus to blue. Litmus is a natural indicator , turmeric is another such indicator . Have you noticed that a stain of curry on a white cloth becomes reddish-brown when soap, which is basic in nature, is scrubbed on it? It turns yellow again when the cloth is washed with plenty of water . You can also use synthetic indicators such as methyl orange and phenolphthalein to test for acids and bases. In this Chapter , we will study the r eactions of acids and bases, how acids and bases cancel out each other’s effects and many more interesting things that we use and see in our day-to-day']",['Turmeric.'],1.0,
Why must we avoid tasting unknown substances?,"Some substances are acidic and harmful.
","['CHEMICAL EFFECTS OF ELECTRIC CURRENTCHEMICAL EFFECTS OF ELECTRIC CURRENT Your elders might have cautioned you against touching an electrical appliance with wet hands. But do you know why it is dangerous to touch an electrical appliance with wet hands? We have lear nt earlier that the materials, which allow electric current to pass through them, are good conductors of electricity. On the other hand, materials, which do not allow electric current to pass through them easily, are poor conductors of electricity. In Class VI, we made a tester to test whether a particular material allows the electric current to pass through it or not. Do you recall how the tester helped us in deciding that? We found that metals such as copper and aluminium\n\ne antibiotics? What precautions must be taken while taking antibiotics?E X E R C I S E S A BExtended Learning — Activities and Projects 1.Pull out a gram or bean plant fr om the field. Observe its r oots. Y ou will find round structures called root nodules on the roots. Draw a diagram of the root and show the root nodules. 2.Collect the labels fr om the bottles of jams and jellies. W rite down the list of contents printed on the labels. 3.Visit a doctor . Find out why antibiotics should not be overused. Prepare a short report. 4.Project : Requir ements – 2 test tubes, marker pen, sugar , yeast powder , 2 balloons and lime water . Take two test tube s and mark them A and B. Clamp these tubes in a stand and f ill the m with water leaving s\n\nAcids, Bases and Salts4 We use in our daily life a large number of substances such as lemon, tamarind, common salt, sugar and vinegar. Do they have the same taste? Let us recall tastes of some edible substances listed in Table 4.1. If you have not tasted any ofthese substances taste it now and enter the result in Table 4.1.You find that some of these substances taste sour, some taste bitter,some taste sweet and some taste salty. 4.1 A CIDS AND BASES Curd, lemon juice, orange juice and vinegar taste sour. These substancestaste sour because they contain acids . The chemical nature of such substancesis acidic. The word acid comes from the Latin word acere which means sour. The acids in these substances arenatural acids. What about baking soda']","['CHEMICAL EFFECTS OF ELECTRIC CURRENTCHEMICAL EFFECTS OF ELECTRIC CURRENT Your elders might have cautioned you against touching an electrical appliance with wet hands. But do you know why it is dangerous to touch an electrical appliance with wet hands? We have lear nt earlier that the materials, which allow electric current to pass through them, are good conductors of electricity. On the other hand, materials, which do not allow electric current to pass through them easily, are poor conductors of electricity. In Class VI, we made a tester to test whether a particular material allows the electric current to pass through it or not. Do you recall how the tester helped us in deciding that? We found that metals such as copper and aluminium\n\ne antibiotics? What precautions must be taken while taking antibiotics?E X E R C I S E S A BExtended Learning — Activities and Projects 1.Pull out a gram or bean plant fr om the field. Observe its r oots. Y ou will find round structures called root nodules on the roots. Draw a diagram of the root and show the root nodules. 2.Collect the labels fr om the bottles of jams and jellies. W rite down the list of contents printed on the labels. 3.Visit a doctor . Find out why antibiotics should not be overused. Prepare a short report. 4.Project : Requir ements – 2 test tubes, marker pen, sugar , yeast powder , 2 balloons and lime water . Take two test tube s and mark them A and B. Clamp these tubes in a stand and f ill the m with water leaving s\n\nAcids, Bases and Salts4 We use in our daily life a large number of substances such as lemon, tamarind, common salt, sugar and vinegar. Do they have the same taste? Let us recall tastes of some edible substances listed in Table 4.1. If you have not tasted any ofthese substances taste it now and enter the result in Table 4.1.You find that some of these substances taste sour, some taste bitter,some taste sweet and some taste salty. 4.1 A CIDS AND BASES Curd, lemon juice, orange juice and vinegar taste sour. These substancestaste sour because they contain acids . The chemical nature of such substancesis acidic. The word acid comes from the Latin word acere which means sour. The acids in these substances arenatural acids. What about baking soda']",['They could be toxic or harmful.'],0.5,
What base is present in soaps?,"The retrieved context does not mention which base is present in soaps.
","['ncesis acidic. The word acid comes from the Latin word acere which means sour. The acids in these substances arenatural acids. What about baking soda? Does it also taste sour? If not, what is its taste? Since,it does not taste sour it means, that ithas no acids in it. It is bitter in taste. If you rub it s solution between fingers, it feels soapy. Generally, substances like these which are bitter in taste and feel soapy on touching are known as bases . The nature of such substances is said to be basic . If we cannot taste every substance, how do we find its nature? Special type of substances are used to test whether a substance is acidic orbasic. These substances are known asindicators. The indicators change their colour when added to a so\n\nare soapy to touch, bitter and corrosive. Never taste or touch them as they may cause harm. Which of the bases in the Table 2.1 are alkalis? Now as we have identified that all acids generate H+(aq) and all bases generate OH–(aq), we can view the neutralisation reaction as follows – Acid + Base → Salt + W ater H X + M OH → MX + HOH H+(aq) + OH– (aq) → H2O(l) Let us see what is involved when water is mixed with an acid or a base. Activity 2.10Activity 2.10Activity 2.10Activity 2.10Activity 2.10 /square6Take 10 mL water in a beaker . /square6Add a few drops of concentrated H2SO4 to it and swirl the beaker slowly. /square6Touch the base of the beaker . /square6Is there a change in temperature? /square6Is this an exothermic or endothermic p\n\nAcids, Bases and Salts4 We use in our daily life a large number of substances such as lemon, tamarind, common salt, sugar and vinegar. Do they have the same taste? Let us recall tastes of some edible substances listed in Table 4.1. If you have not tasted any ofthese substances taste it now and enter the result in Table 4.1.You find that some of these substances taste sour, some taste bitter,some taste sweet and some taste salty. 4.1 A CIDS AND BASES Curd, lemon juice, orange juice and vinegar taste sour. These substancestaste sour because they contain acids . The chemical nature of such substancesis acidic. The word acid comes from the Latin word acere which means sour. The acids in these substances arenatural acids. What about baking soda']","['ncesis acidic. The word acid comes from the Latin word acere which means sour. The acids in these substances arenatural acids. What about baking soda? Does it also taste sour? If not, what is its taste? Since,it does not taste sour it means, that ithas no acids in it. It is bitter in taste. If you rub it s solution between fingers, it feels soapy. Generally, substances like these which are bitter in taste and feel soapy on touching are known as bases . The nature of such substances is said to be basic . If we cannot taste every substance, how do we find its nature? Special type of substances are used to test whether a substance is acidic orbasic. These substances are known asindicators. The indicators change their colour when added to a so\n\nare soapy to touch, bitter and corrosive. Never taste or touch them as they may cause harm. Which of the bases in the Table 2.1 are alkalis? Now as we have identified that all acids generate H+(aq) and all bases generate OH–(aq), we can view the neutralisation reaction as follows – Acid + Base → Salt + W ater H X + M OH → MX + HOH H+(aq) + OH– (aq) → H2O(l) Let us see what is involved when water is mixed with an acid or a base. Activity 2.10Activity 2.10Activity 2.10Activity 2.10Activity 2.10 /square6Take 10 mL water in a beaker . /square6Add a few drops of concentrated H2SO4 to it and swirl the beaker slowly. /square6Touch the base of the beaker . /square6Is there a change in temperature? /square6Is this an exothermic or endothermic p\n\nAcids, Bases and Salts4 We use in our daily life a large number of substances such as lemon, tamarind, common salt, sugar and vinegar. Do they have the same taste? Let us recall tastes of some edible substances listed in Table 4.1. If you have not tasted any ofthese substances taste it now and enter the result in Table 4.1.You find that some of these substances taste sour, some taste bitter,some taste sweet and some taste salty. 4.1 A CIDS AND BASES Curd, lemon juice, orange juice and vinegar taste sour. These substancestaste sour because they contain acids . The chemical nature of such substancesis acidic. The word acid comes from the Latin word acere which means sour. The acids in these substances arenatural acids. What about baking soda']",['Sodium hydroxide.'],,0.0
Which acid is in vinegar?,"Acetic acid is found in vinegar.
","['Acids, Bases and Salts4 We use in our daily life a large number of substances such as lemon, tamarind, common salt, sugar and vinegar. Do they have the same taste? Let us recall tastes of some edible substances listed in Table 4.1. If you have not tasted any ofthese substances taste it now and enter the result in Table 4.1.You find that some of these substances taste sour, some taste bitter,some taste sweet and some taste salty. 4.1 A CIDS AND BASES Curd, lemon juice, orange juice and vinegar taste sour. These substancestaste sour because they contain acids . The chemical nature of such substancesis acidic. The word acid comes from the Latin word acere which means sour. The acids in these substances arenatural acids. What about baking soda\n\nActivity 2.2Activity 2.2Activity 2.2 /square6Take some finely chopped onions in a plastic bag along with some strips of clean cloth. T ie up the bag tightly and leave over night in the fridge. The cloth strips can now be used to test for acids and bases. /square6Take two of these cloth strips and check their odour . /square6Keep them on a clean surface and put a few drops of dilute HCl solution on one strip and a few drops of dilute NaOH solution on the other . 2024-25 Acids, Bases and Salts 19Which of these – vanilla, onion and clove, can be used as olfactory indicators on the basis of your observations? Let us do some more activities to understand the chemical properties of acids and bases. 2.1.2 How do Acids and Bases React with Metals?/\n\nunknown substances. They could harm us. Do you know? Name of acid Found in Acetic acid Vinegar Formic acid Ant’s stingCitric acid Citrus fruits such as oranges, lemons, etc. Lactic acid Curd Oxalic acid Spinach Ascorbic acid Amla , Citrus fruits (Vitamin C)Tartaric acid Tamarind, grapes, unripe mangoes, etc. All the acids mentioned above occur in nature Name of base Found inCalcium hydroxide Lime water Ammonium hydroxide Window cleaner Sodium hydroxide/ SoapPotassium hydroxide Magnesium hydroxide Milk of magnesia Reprint 2024-25 SCIENCE 40Turmeric is another natural indicator Activity 4.2 \uf0a7Take a tablespoonful of turmeric powder. Add a little water and makea paste. \uf0a7Make turmeric paper by depositingturmeric paste on blotting paper/filterpa']","['Acids, Bases and Salts4 We use in our daily life a large number of substances such as lemon, tamarind, common salt, sugar and vinegar. Do they have the same taste? Let us recall tastes of some edible substances listed in Table 4.1. If you have not tasted any ofthese substances taste it now and enter the result in Table 4.1.You find that some of these substances taste sour, some taste bitter,some taste sweet and some taste salty. 4.1 A CIDS AND BASES Curd, lemon juice, orange juice and vinegar taste sour. These substancestaste sour because they contain acids . The chemical nature of such substancesis acidic. The word acid comes from the Latin word acere which means sour. The acids in these substances arenatural acids. What about baking soda\n\nActivity 2.2Activity 2.2Activity 2.2 /square6Take some finely chopped onions in a plastic bag along with some strips of clean cloth. T ie up the bag tightly and leave over night in the fridge. The cloth strips can now be used to test for acids and bases. /square6Take two of these cloth strips and check their odour . /square6Keep them on a clean surface and put a few drops of dilute HCl solution on one strip and a few drops of dilute NaOH solution on the other . 2024-25 Acids, Bases and Salts 19Which of these – vanilla, onion and clove, can be used as olfactory indicators on the basis of your observations? Let us do some more activities to understand the chemical properties of acids and bases. 2.1.2 How do Acids and Bases React with Metals?/\n\nunknown substances. They could harm us. Do you know? Name of acid Found in Acetic acid Vinegar Formic acid Ant’s stingCitric acid Citrus fruits such as oranges, lemons, etc. Lactic acid Curd Oxalic acid Spinach Ascorbic acid Amla , Citrus fruits (Vitamin C)Tartaric acid Tamarind, grapes, unripe mangoes, etc. All the acids mentioned above occur in nature Name of base Found inCalcium hydroxide Lime water Ammonium hydroxide Window cleaner Sodium hydroxide/ SoapPotassium hydroxide Magnesium hydroxide Milk of magnesia Reprint 2024-25 SCIENCE 40Turmeric is another natural indicator Activity 4.2 \uf0a7Take a tablespoonful of turmeric powder. Add a little water and makea paste. \uf0a7Make turmeric paper by depositingturmeric paste on blotting paper/filterpa']",['Acetic acid.'],1.0,
Define physical change.,"A change in which a substance undergoes a change in its physical properties, is generally reversible and no new substance is formed is called a physical change.
","['A change in which a substance undergoes a change in its physical properties is called a physical change. A physical change is generallyreversible. In such a change no new substance is formed. Let us now consider the other kind of change. 5.2 C HEMICAL CHANGE A change with which you are quitefamiliar is the rusting of iron. If youleave a piece of iron in the open for some time, it acquires a film of brownish substance. This substance is called rust and the process is called rusting (Fig. 5.2). Iron gates of parks orfarmlands, iron benches kept in lawnsand gardens, almost every article of iron, kept in the open gets rusted. At home you must have seen shovels and spadesgetting rusted when exposed to theActivity 5.4 Boil some water in a\n\nlso called a chemical reaction . Chemical changes are very important in our lives. All new substances are formed as a result of chemical changes. For example, digestion of food in ourbody, ripening of fruits, fermentation of grapes, etc., happen due to series of chemical changes. A medicine is the endproduct of a chain of chemical reactions. Useful new materials, such as plastics and detergents, are produced bychemical reactions. Indeed, every new material is discovered by studying chemical changes. We have seen that one or more new substances are produced in a chemicalchange. In addition to new products,the following may accompany a chemical change: \uf06eHeat, light or any other radiation (ultraviolet, for example) may be given off or absorb\n\n________ and _________. (d) Changes in which only _________ properties of a substance change are called physical changes. (e) Changes in which new substances are formed are called _________ changes. 4. When baking soda is mixed with lemon juice, bubbles are formed with the evolution of a gas. What type of change is it? Explain. 5. When a candle burns, both physical and chemical changes take place. Identify these changes. Give another example of a familiar process in which both the chemical and physical changes take place. 6. How would you show that setting of curd is a chemical change? 7. Explain why burning of wood and cutting it into small pieces are considered as two different types of changes. 8. Describe how crystals of copper sul']","['A change in which a substance undergoes a change in its physical properties is called a physical change. A physical change is generallyreversible. In such a change no new substance is formed. Let us now consider the other kind of change. 5.2 C HEMICAL CHANGE A change with which you are quitefamiliar is the rusting of iron. If youleave a piece of iron in the open for some time, it acquires a film of brownish substance. This substance is called rust and the process is called rusting (Fig. 5.2). Iron gates of parks orfarmlands, iron benches kept in lawnsand gardens, almost every article of iron, kept in the open gets rusted. At home you must have seen shovels and spadesgetting rusted when exposed to theActivity 5.4 Boil some water in a\n\nlso called a chemical reaction . Chemical changes are very important in our lives. All new substances are formed as a result of chemical changes. For example, digestion of food in ourbody, ripening of fruits, fermentation of grapes, etc., happen due to series of chemical changes. A medicine is the endproduct of a chain of chemical reactions. Useful new materials, such as plastics and detergents, are produced bychemical reactions. Indeed, every new material is discovered by studying chemical changes. We have seen that one or more new substances are produced in a chemicalchange. In addition to new products,the following may accompany a chemical change: \uf06eHeat, light or any other radiation (ultraviolet, for example) may be given off or absorb\n\n________ and _________. (d) Changes in which only _________ properties of a substance change are called physical changes. (e) Changes in which new substances are formed are called _________ changes. 4. When baking soda is mixed with lemon juice, bubbles are formed with the evolution of a gas. What type of change is it? Explain. 5. When a candle burns, both physical and chemical changes take place. Identify these changes. Give another example of a familiar process in which both the chemical and physical changes take place. 6. How would you show that setting of curd is a chemical change? 7. Explain why burning of wood and cutting it into small pieces are considered as two different types of changes. 8. Describe how crystals of copper sul']",['A reversible change affecting only physical properties without forming new substances.'],1.0,0.9050255928937925
What is a chemical change?,"A chemical change is a process where one or more new substances are formed, often accompanied by heat, light, or other radiation.
","['lso called a chemical reaction . Chemical changes are very important in our lives. All new substances are formed as a result of chemical changes. For example, digestion of food in ourbody, ripening of fruits, fermentation of grapes, etc., happen due to series of chemical changes. A medicine is the endproduct of a chain of chemical reactions. Useful new materials, such as plastics and detergents, are produced bychemical reactions. Indeed, every new material is discovered by studying chemical changes. We have seen that one or more new substances are produced in a chemicalchange. In addition to new products,the following may accompany a chemical change: \uf06eHeat, light or any other radiation (ultraviolet, for example) may be given off or absorb\n\nn we call the change taking place in the solution a chemical change? Recall the definition of a chemical change that you learnt in Class VII. In 1800, a British chemist, William Nicholson (1753–1815), had shown that if electrodes were immersed in water , and a current was passed, bubbles of oxygen and hydrogen were produced. Oxygen bubbles formed on the electrode connected to the positive terminal of the battery and hydrogen bubbles formed on the other electrode. The passage of an electric current through a conducting solution causes chemical reactions. As a result, bubbles of a gas may be formed on the electrodes. Deposits of metal may be seen on electrodes. Changes of colour of solutions may occur . The reaction would depend on what solu\n\n________ and _________. (d) Changes in which only _________ properties of a substance change are called physical changes. (e) Changes in which new substances are formed are called _________ changes. 4. When baking soda is mixed with lemon juice, bubbles are formed with the evolution of a gas. What type of change is it? Explain. 5. When a candle burns, both physical and chemical changes take place. Identify these changes. Give another example of a familiar process in which both the chemical and physical changes take place. 6. How would you show that setting of curd is a chemical change? 7. Explain why burning of wood and cutting it into small pieces are considered as two different types of changes. 8. Describe how crystals of copper sul']","['lso called a chemical reaction . Chemical changes are very important in our lives. All new substances are formed as a result of chemical changes. For example, digestion of food in ourbody, ripening of fruits, fermentation of grapes, etc., happen due to series of chemical changes. A medicine is the endproduct of a chain of chemical reactions. Useful new materials, such as plastics and detergents, are produced bychemical reactions. Indeed, every new material is discovered by studying chemical changes. We have seen that one or more new substances are produced in a chemicalchange. In addition to new products,the following may accompany a chemical change: \uf06eHeat, light or any other radiation (ultraviolet, for example) may be given off or absorb\n\nn we call the change taking place in the solution a chemical change? Recall the definition of a chemical change that you learnt in Class VII. In 1800, a British chemist, William Nicholson (1753–1815), had shown that if electrodes were immersed in water , and a current was passed, bubbles of oxygen and hydrogen were produced. Oxygen bubbles formed on the electrode connected to the positive terminal of the battery and hydrogen bubbles formed on the other electrode. The passage of an electric current through a conducting solution causes chemical reactions. As a result, bubbles of a gas may be formed on the electrodes. Deposits of metal may be seen on electrodes. Changes of colour of solutions may occur . The reaction would depend on what solu\n\n________ and _________. (d) Changes in which only _________ properties of a substance change are called physical changes. (e) Changes in which new substances are formed are called _________ changes. 4. When baking soda is mixed with lemon juice, bubbles are formed with the evolution of a gas. What type of change is it? Explain. 5. When a candle burns, both physical and chemical changes take place. Identify these changes. Give another example of a familiar process in which both the chemical and physical changes take place. 6. How would you show that setting of curd is a chemical change? 7. Explain why burning of wood and cutting it into small pieces are considered as two different types of changes. 8. Describe how crystals of copper sul']",['A change producing new substances and typically irreversible.'],1.0,1.0
Is rusting of iron physical or chemical? Explain.,"Rusting of iron is a chemical change because a new substance, iron oxide (rust), is formed through a chemical reaction between iron, oxygen, and water.
","['A change in which a substance undergoes a change in its physical properties is called a physical change. A physical change is generallyreversible. In such a change no new substance is formed. Let us now consider the other kind of change. 5.2 C HEMICAL CHANGE A change with which you are quitefamiliar is the rusting of iron. If youleave a piece of iron in the open for some time, it acquires a film of brownish substance. This substance is called rust and the process is called rusting (Fig. 5.2). Iron gates of parks orfarmlands, iron benches kept in lawnsand gardens, almost every article of iron, kept in the open gets rusted. At home you must have seen shovels and spadesgetting rusted when exposed to theActivity 5.4 Boil some water in a\n\nsame activity with a slice of potato or brinjal. The change of colour in these cases is due to theformation of new substances. Are not these changes chemical changes? In Chapter 4, you neutralised an acid with a base. Is neutralisation a chemicalchange?5.3 R USTING OF IRON Let us get back to rusting. This is onechange that affects iron articles and slowly destroys them. Since iron is usedin making bridges, ships, cars, truck bodies and many other articles, the monetary loss due to rusting is huge. The process of rusting can be represented by the following equation: Iron (Fe) + Oxygen (O 2, from the air) + water (H2O) \uf0ae\uf020 rust (iron oxide Fe2O3) For rusting, the presence of both oxygen and water (or water vapour)is essential. In fact, if th\n\nChemical change Chemical reactionCrystallisationGalvanisationPhysical changeRusting Reprint 2024-25 PHYSICAL AND CHEMICAL CHANGES 55(c) Iron pipes coated with zinc do not get rusted easily. (True/False) (d) Iron and rust are the same substances. (True/False) (e) Condensation of steam is not a chemical change. (True/False) 3. Fill in the blanks in the following statements: (a) When carbon dioxide is passed through lime water, it turns milky due to the formation of _________. (b) The chemical name of baking soda is _________. (c) Two methods by which rusting of iron can be prevented are _________ and _________. (d) Changes in which only _________ properties of a substance change are called physical changes. (e) Changes in which new s']","['A change in which a substance undergoes a change in its physical properties is called a physical change. A physical change is generallyreversible. In such a change no new substance is formed. Let us now consider the other kind of change. 5.2 C HEMICAL CHANGE A change with which you are quitefamiliar is the rusting of iron. If youleave a piece of iron in the open for some time, it acquires a film of brownish substance. This substance is called rust and the process is called rusting (Fig. 5.2). Iron gates of parks orfarmlands, iron benches kept in lawnsand gardens, almost every article of iron, kept in the open gets rusted. At home you must have seen shovels and spadesgetting rusted when exposed to theActivity 5.4 Boil some water in a\n\nsame activity with a slice of potato or brinjal. The change of colour in these cases is due to theformation of new substances. Are not these changes chemical changes? In Chapter 4, you neutralised an acid with a base. Is neutralisation a chemicalchange?5.3 R USTING OF IRON Let us get back to rusting. This is onechange that affects iron articles and slowly destroys them. Since iron is usedin making bridges, ships, cars, truck bodies and many other articles, the monetary loss due to rusting is huge. The process of rusting can be represented by the following equation: Iron (Fe) + Oxygen (O 2, from the air) + water (H2O) \uf0ae\uf020 rust (iron oxide Fe2O3) For rusting, the presence of both oxygen and water (or water vapour)is essential. In fact, if th\n\nChemical change Chemical reactionCrystallisationGalvanisationPhysical changeRusting Reprint 2024-25 PHYSICAL AND CHEMICAL CHANGES 55(c) Iron pipes coated with zinc do not get rusted easily. (True/False) (d) Iron and rust are the same substances. (True/False) (e) Condensation of steam is not a chemical change. (True/False) 3. Fill in the blanks in the following statements: (a) When carbon dioxide is passed through lime water, it turns milky due to the formation of _________. (b) The chemical name of baking soda is _________. (c) Two methods by which rusting of iron can be prevented are _________ and _________. (d) Changes in which only _________ properties of a substance change are called physical changes. (e) Changes in which new s']","['Chemical, as iron reacts with oxygen to form iron oxide (rust).']",1.0,0.9101015261090969
Example of physical change.,"Crystallisation is an example of a physical change.
","['A change in which a substance undergoes a change in its physical properties is called a physical change. A physical change is generallyreversible. In such a change no new substance is formed. Let us now consider the other kind of change. 5.2 C HEMICAL CHANGE A change with which you are quitefamiliar is the rusting of iron. If youleave a piece of iron in the open for some time, it acquires a film of brownish substance. This substance is called rust and the process is called rusting (Fig. 5.2). Iron gates of parks orfarmlands, iron benches kept in lawnsand gardens, almost every article of iron, kept in the open gets rusted. At home you must have seen shovels and spadesgetting rusted when exposed to theActivity 5.4 Boil some water in a\n\nlso called a chemical reaction . Chemical changes are very important in our lives. All new substances are formed as a result of chemical changes. For example, digestion of food in ourbody, ripening of fruits, fermentation of grapes, etc., happen due to series of chemical changes. A medicine is the endproduct of a chain of chemical reactions. Useful new materials, such as plastics and detergents, are produced bychemical reactions. Indeed, every new material is discovered by studying chemical changes. We have seen that one or more new substances are produced in a chemicalchange. In addition to new products,the following may accompany a chemical change: \uf06eHeat, light or any other radiation (ultraviolet, for example) may be given off or absorb\n\nis a chemical change. Reprint 2024-25 PHYSICAL AND CHEMICAL CHANGES 53 Copper sulphate CrystalsThis process of depositing a layer of zinc on iron is called galvanisation . The iron pipes we use in our homes to carry waterare galvanised to prevent rusting. You know that ships are made of iron and a part of them remains under water.On the part above water also, waterdrops keep clinging to the ship’s outer surface. Moreover, the water of the sea contains many salts. The salt watermakes the process of rust formation faster. Therefore, ships suffer a lot of damage from rusting in spite of beingformed from their solutions. The processis called crystallisation . It is an example of a physical change. Activity 5.9 (To be performed in the presenc']","['A change in which a substance undergoes a change in its physical properties is called a physical change. A physical change is generallyreversible. In such a change no new substance is formed. Let us now consider the other kind of change. 5.2 C HEMICAL CHANGE A change with which you are quitefamiliar is the rusting of iron. If youleave a piece of iron in the open for some time, it acquires a film of brownish substance. This substance is called rust and the process is called rusting (Fig. 5.2). Iron gates of parks orfarmlands, iron benches kept in lawnsand gardens, almost every article of iron, kept in the open gets rusted. At home you must have seen shovels and spadesgetting rusted when exposed to theActivity 5.4 Boil some water in a\n\nlso called a chemical reaction . Chemical changes are very important in our lives. All new substances are formed as a result of chemical changes. For example, digestion of food in ourbody, ripening of fruits, fermentation of grapes, etc., happen due to series of chemical changes. A medicine is the endproduct of a chain of chemical reactions. Useful new materials, such as plastics and detergents, are produced bychemical reactions. Indeed, every new material is discovered by studying chemical changes. We have seen that one or more new substances are produced in a chemicalchange. In addition to new products,the following may accompany a chemical change: \uf06eHeat, light or any other radiation (ultraviolet, for example) may be given off or absorb\n\nis a chemical change. Reprint 2024-25 PHYSICAL AND CHEMICAL CHANGES 53 Copper sulphate CrystalsThis process of depositing a layer of zinc on iron is called galvanisation . The iron pipes we use in our homes to carry waterare galvanised to prevent rusting. You know that ships are made of iron and a part of them remains under water.On the part above water also, waterdrops keep clinging to the ship’s outer surface. Moreover, the water of the sea contains many salts. The salt watermakes the process of rust formation faster. Therefore, ships suffer a lot of damage from rusting in spite of beingformed from their solutions. The processis called crystallisation . It is an example of a physical change. Activity 5.9 (To be performed in the presenc']",['Melting ice.'],1.0,0.8817888424471375
What forms when magnesium ribbon burns?,"Magnesium burns to form magnesium oxide and produces heat and light.
","['ed in the reaction is liberated. Such a reaction is called explosion. Explosion can also take place if pressure is applied on the cracker . 4.4Flame Observe an LPG flame. Can you tell the colour of the flame. What is the colour of a candle flame? Recall your experience of burning a magnesium ribbon in Class VII. If you do not have experience of burning the remaining items in Table 4.2 you can do that now. Table 4.2 Materials forming Flame on Burning S.No. Material Forms flame Does not form flame 1. Candle 2. Magnesium 3. Camphor 4. Kerosene Stove 5. CharcoalFig. 4.9 : Flames of kerosene lamp, candle and Bunsen burner flame of a kitchen stove Record your observations and mention whether on burning the material forms a flame or not. 2024-2\n\nme whereas coal does not. Similarly, you will find many other materials burning without a flame. Let us study the chemical process of burning and the types of flame produced during this process. 4.1 What is Combustion? Recall the activity of burning of magnesium ribbon per formed in Class VII. W e lear nt that magnesium burns to form magnesium oxide and produces heat and light (Fig. 4.1). We can per form a similar activity with a piece of charcoal. Hold the piece with a pair of tongs and bring it near the flame of a candle or a Bunsen bur ner. What do you observe? We find that char coal bur ns in air . We know that coal, too, bur ns in air producing carbon dioxide, heat and light.We wer e told that food is a fuel for our body. A chemical\n\nusted if left in that state for some time. Rust is not iron. It is different from iron on which it gets deposited. Let us consider a few more changes where new substances are formed. Activity 5.6 (To be demonstrated by the teacher) CAUTION It is dangerous to look for long at the burning magnesium ribbon. The teachers should advise children notto stare at the burning ribbon. Get a small piece of a thin strip or ribbon of magnesium. Clean its tip with sandpaper. Bring the tip near a candle flame. It burns with a brilliant whiteCollect the ash and mix it with a small amount of water. Stir the mixture(aqueous solution) well. Test the mixturewith blue and red litmus papers. Does the mixture turn red litmus blue? Does the mixture turn blue l']","['ed in the reaction is liberated. Such a reaction is called explosion. Explosion can also take place if pressure is applied on the cracker . 4.4Flame Observe an LPG flame. Can you tell the colour of the flame. What is the colour of a candle flame? Recall your experience of burning a magnesium ribbon in Class VII. If you do not have experience of burning the remaining items in Table 4.2 you can do that now. Table 4.2 Materials forming Flame on Burning S.No. Material Forms flame Does not form flame 1. Candle 2. Magnesium 3. Camphor 4. Kerosene Stove 5. CharcoalFig. 4.9 : Flames of kerosene lamp, candle and Bunsen burner flame of a kitchen stove Record your observations and mention whether on burning the material forms a flame or not. 2024-2\n\nme whereas coal does not. Similarly, you will find many other materials burning without a flame. Let us study the chemical process of burning and the types of flame produced during this process. 4.1 What is Combustion? Recall the activity of burning of magnesium ribbon per formed in Class VII. W e lear nt that magnesium burns to form magnesium oxide and produces heat and light (Fig. 4.1). We can per form a similar activity with a piece of charcoal. Hold the piece with a pair of tongs and bring it near the flame of a candle or a Bunsen bur ner. What do you observe? We find that char coal bur ns in air . We know that coal, too, bur ns in air producing carbon dioxide, heat and light.We wer e told that food is a fuel for our body. A chemical\n\nusted if left in that state for some time. Rust is not iron. It is different from iron on which it gets deposited. Let us consider a few more changes where new substances are formed. Activity 5.6 (To be demonstrated by the teacher) CAUTION It is dangerous to look for long at the burning magnesium ribbon. The teachers should advise children notto stare at the burning ribbon. Get a small piece of a thin strip or ribbon of magnesium. Clean its tip with sandpaper. Bring the tip near a candle flame. It burns with a brilliant whiteCollect the ash and mix it with a small amount of water. Stir the mixture(aqueous solution) well. Test the mixturewith blue and red litmus papers. Does the mixture turn red litmus blue? Does the mixture turn blue l']",['Magnesium oxide.'],1.0,
What gas supports burning?,"The provided text does not explicitly state which gas supports burning, but it mentions that charcoal and magnesium burn in air, implying that a component of air supports combustion.
","['asci/chem03/chem03767.htm lhttp://en.wikipedia.org/wiki/combustion 2024-25\n\nCOMBUSTION AND FLAME COMBUSTION AND FLAME We use dif ferent kinds of fuel for various purposes at home, in industry and for running automobiles. Can you name a few fuels used in our homes? Name a few fuels used in trade and industry. What fuels ar e used for running automobiles? Y our list will contain fuels like cowdung, wood, coal, charcoal, petrol, diesel, compressed natural gas (CNG), etc. You ar e familiar with the bur ning of a candle. What is the difference between the burning of a candle and the burning of a fuel like coal? May be you were able to guess right: candle burns with a flame whereas coal does not. Similarly, you will find many other materials burning without a flame. Let us study the chemical process of burning and the\n\nme whereas coal does not. Similarly, you will find many other materials burning without a flame. Let us study the chemical process of burning and the types of flame produced during this process. 4.1 What is Combustion? Recall the activity of burning of magnesium ribbon per formed in Class VII. W e lear nt that magnesium burns to form magnesium oxide and produces heat and light (Fig. 4.1). We can per form a similar activity with a piece of charcoal. Hold the piece with a pair of tongs and bring it near the flame of a candle or a Bunsen bur ner. What do you observe? We find that char coal bur ns in air . We know that coal, too, bur ns in air producing carbon dioxide, heat and light.We wer e told that food is a fuel for our body. A chemical']","['asci/chem03/chem03767.htm lhttp://en.wikipedia.org/wiki/combustion 2024-25\n\nCOMBUSTION AND FLAME COMBUSTION AND FLAME We use dif ferent kinds of fuel for various purposes at home, in industry and for running automobiles. Can you name a few fuels used in our homes? Name a few fuels used in trade and industry. What fuels ar e used for running automobiles? Y our list will contain fuels like cowdung, wood, coal, charcoal, petrol, diesel, compressed natural gas (CNG), etc. You ar e familiar with the bur ning of a candle. What is the difference between the burning of a candle and the burning of a fuel like coal? May be you were able to guess right: candle burns with a flame whereas coal does not. Similarly, you will find many other materials burning without a flame. Let us study the chemical process of burning and the\n\nme whereas coal does not. Similarly, you will find many other materials burning without a flame. Let us study the chemical process of burning and the types of flame produced during this process. 4.1 What is Combustion? Recall the activity of burning of magnesium ribbon per formed in Class VII. W e lear nt that magnesium burns to form magnesium oxide and produces heat and light (Fig. 4.1). We can per form a similar activity with a piece of charcoal. Hold the piece with a pair of tongs and bring it near the flame of a candle or a Bunsen bur ner. What do you observe? We find that char coal bur ns in air . We know that coal, too, bur ns in air producing carbon dioxide, heat and light.We wer e told that food is a fuel for our body. A chemical']",['Oxygen.'],1.0,
What type of reaction is rusting?,"Rusting is a chemical change.
","['A change in which a substance undergoes a change in its physical properties is called a physical change. A physical change is generallyreversible. In such a change no new substance is formed. Let us now consider the other kind of change. 5.2 C HEMICAL CHANGE A change with which you are quitefamiliar is the rusting of iron. If youleave a piece of iron in the open for some time, it acquires a film of brownish substance. This substance is called rust and the process is called rusting (Fig. 5.2). Iron gates of parks orfarmlands, iron benches kept in lawnsand gardens, almost every article of iron, kept in the open gets rusted. At home you must have seen shovels and spadesgetting rusted when exposed to theActivity 5.4 Boil some water in a\n\nsame activity with a slice of potato or brinjal. The change of colour in these cases is due to theformation of new substances. Are not these changes chemical changes? In Chapter 4, you neutralised an acid with a base. Is neutralisation a chemicalchange?5.3 R USTING OF IRON Let us get back to rusting. This is onechange that affects iron articles and slowly destroys them. Since iron is usedin making bridges, ships, cars, truck bodies and many other articles, the monetary loss due to rusting is huge. The process of rusting can be represented by the following equation: Iron (Fe) + Oxygen (O 2, from the air) + water (H2O) \uf0ae\uf020 rust (iron oxide Fe2O3) For rusting, the presence of both oxygen and water (or water vapour)is essential. In fact, if th\n\nrosive, fuming liquid. It is one of the few reagents that is able to dissolve gold and platinum. 3.2.4 How do Metals react with Solutions of other Metal Salts? Activity 3.12Activity 3.12Activity 3.12Activity 3.12Activity 3.12 /square6Take a clean wire of copper and an iron nail. /square6Put the copper wire in a solution of iron sulphate and the iron nail in a solution of copper sulphate taken in test tubes (Fig. 3.4). /square6Record your observations after 20 minutes. 2024-25 Metals and Non-metals 45/square6In which test tube did you find that a reaction has occurred? /square6On what basis can you say that a reaction has actually taken place? /square6Can you correlate your observations for the Activities 3.9, 3.10 and 3.11? /square6Write a']","['A change in which a substance undergoes a change in its physical properties is called a physical change. A physical change is generallyreversible. In such a change no new substance is formed. Let us now consider the other kind of change. 5.2 C HEMICAL CHANGE A change with which you are quitefamiliar is the rusting of iron. If youleave a piece of iron in the open for some time, it acquires a film of brownish substance. This substance is called rust and the process is called rusting (Fig. 5.2). Iron gates of parks orfarmlands, iron benches kept in lawnsand gardens, almost every article of iron, kept in the open gets rusted. At home you must have seen shovels and spadesgetting rusted when exposed to theActivity 5.4 Boil some water in a\n\nsame activity with a slice of potato or brinjal. The change of colour in these cases is due to theformation of new substances. Are not these changes chemical changes? In Chapter 4, you neutralised an acid with a base. Is neutralisation a chemicalchange?5.3 R USTING OF IRON Let us get back to rusting. This is onechange that affects iron articles and slowly destroys them. Since iron is usedin making bridges, ships, cars, truck bodies and many other articles, the monetary loss due to rusting is huge. The process of rusting can be represented by the following equation: Iron (Fe) + Oxygen (O 2, from the air) + water (H2O) \uf0ae\uf020 rust (iron oxide Fe2O3) For rusting, the presence of both oxygen and water (or water vapour)is essential. In fact, if th\n\nrosive, fuming liquid. It is one of the few reagents that is able to dissolve gold and platinum. 3.2.4 How do Metals react with Solutions of other Metal Salts? Activity 3.12Activity 3.12Activity 3.12Activity 3.12Activity 3.12 /square6Take a clean wire of copper and an iron nail. /square6Put the copper wire in a solution of iron sulphate and the iron nail in a solution of copper sulphate taken in test tubes (Fig. 3.4). /square6Record your observations after 20 minutes. 2024-25 Metals and Non-metals 45/square6In which test tube did you find that a reaction has occurred? /square6On what basis can you say that a reaction has actually taken place? /square6Can you correlate your observations for the Activities 3.9, 3.10 and 3.11? /square6Write a']",['Oxidation (chemical reaction).'],,
Can physical changes generally be reversed?,"Yes, a physical change is generally reversible.
","['over chalk from the dust? Activity 5.3 Take some ice in a glass or plastic tumbler. Melt a small portion of ice by placing the tumbler in the sun. You havenow a mixture of ice and water. Now place the tumbler in a freezing mixture (ice plus common salt). Does the water become solid ice once again? Physical and Chemical Changes Reprint 2024-25 SCIENCE 485.3 and 5.4, water changed its state (from solid to liquid, or from gas to liquid). InActivity 5.5, the hack-saw blade changed colour on heating. Properties such as shape, size, colour and state of a substance are called itsphysical properties . A change in which a substance undergoes a change in its physical properties is called a physical change. A physical change is generallyreversible. I\n\ns take place slowly, over a period of months and years. They do not happen all at the same time in one person, nor do they happen at an exact age. In some people, they happen early and quickly, while in others, they can happen slowly. Also, each change does not become complete quickly either . So, for example, thick hair on the face in boys appears as a few scattered hairs first, and only slowly does the growth begin to become uniform. Even so, all these changes show differences between people. Just as we have differently shaped noses or fingers, so also we have different patterns of hair growth, or size and shape of breast or penis. All of these changes are aspects of the sexual maturation of the body. Why does the body show sexual maturat\n\nusly not. Depending on the nature of variations, different individuals would have 2024-25 Heredity 1298.2 HEREDITY8.2 HEREDITY8.2 HEREDITY8.2 HEREDITY8.2 HEREDITY The most obvious outcome of the reproductive process still remains the generation of individuals of similar design. The rules of heredity determine the process by which traits and characteristics are reliably inherited. Let us take a closer look at these rules. 8.2.1 Inherited T raits What exactly do we mean by similarities and dif ferences? W e know that a child bears all the basic featur es of a human being. However , it does not look exactly like its parents, and human populations show a great deal of variation.QUESTIONS ?1. If a trait A exists in 10% of a population of an asex']","['over chalk from the dust? Activity 5.3 Take some ice in a glass or plastic tumbler. Melt a small portion of ice by placing the tumbler in the sun. You havenow a mixture of ice and water. Now place the tumbler in a freezing mixture (ice plus common salt). Does the water become solid ice once again? Physical and Chemical Changes Reprint 2024-25 SCIENCE 485.3 and 5.4, water changed its state (from solid to liquid, or from gas to liquid). InActivity 5.5, the hack-saw blade changed colour on heating. Properties such as shape, size, colour and state of a substance are called itsphysical properties . A change in which a substance undergoes a change in its physical properties is called a physical change. A physical change is generallyreversible. I\n\ns take place slowly, over a period of months and years. They do not happen all at the same time in one person, nor do they happen at an exact age. In some people, they happen early and quickly, while in others, they can happen slowly. Also, each change does not become complete quickly either . So, for example, thick hair on the face in boys appears as a few scattered hairs first, and only slowly does the growth begin to become uniform. Even so, all these changes show differences between people. Just as we have differently shaped noses or fingers, so also we have different patterns of hair growth, or size and shape of breast or penis. All of these changes are aspects of the sexual maturation of the body. Why does the body show sexual maturat\n\nusly not. Depending on the nature of variations, different individuals would have 2024-25 Heredity 1298.2 HEREDITY8.2 HEREDITY8.2 HEREDITY8.2 HEREDITY8.2 HEREDITY The most obvious outcome of the reproductive process still remains the generation of individuals of similar design. The rules of heredity determine the process by which traits and characteristics are reliably inherited. Let us take a closer look at these rules. 8.2.1 Inherited T raits What exactly do we mean by similarities and dif ferences? W e know that a child bears all the basic featur es of a human being. However , it does not look exactly like its parents, and human populations show a great deal of variation.QUESTIONS ?1. If a trait A exists in 10% of a population of an asex']",['Yes.'],,0.9557441371978236
What forms from magnesium oxide dissolved in water?,"Magnesium oxide dissolved in water forms magnesium hydroxide.
","['e mixture(aqueous solution) well. Test the mixturewith blue and red litmus papers. Does the mixture turn red litmus blue? Does the mixture turn blue litmus red? On the basis of this test, how do you classify the aqueous solution — acidic or basic? On dissolving the ash in water it forms a new substance. This change canbe written in the form of the following equation: Magnesium oxide (MgO) + Water (H 2O) \uf0ae\uf020Magnesium hydroxide [Mg(OH)2] As you have already learnt in Chapter 4, magnesium hydroxide is a base. So, magnesium oxide is a new substance formed on burning of magnesium.Magnesium hydroxide is another newThe equations here are different from those in mathematics. In equations of this kind, the arrow implies‘becomes’. No attempt should be\n\neven with steam? /square6Arrange the metals in the decr easing or der of r eactivity with water . 2024-25 Metals and Non-metals 43Metals react with water and produce a metal oxide and hydrogen gas. Metal oxides that are soluble in water dissolve in it to further form metal hydr oxide. But all metals do not r eact with water . Metal +Water →Metal oxide + Hydrogen Metal oxide +Water →Metal hydroxide Metals like potassium and sodium r eact violently with cold water . In case of sodium and potassium, the reaction is so violent and exothermic that the evolved hydrogen immediately catches fire. 2K(s) + 2H2O(l) → 2KOH(aq) + H2(g) + heat energy 2Na(s) + 2H2O(l) → 2NaOH(aq) + H2(g) + heat energy The reaction of calcium with water is less violen\n\n) + 2H2O(l) → 2KOH(aq) + H2(g) + heat energy 2Na(s) + 2H2O(l) → 2NaOH(aq) + H2(g) + heat energy The reaction of calcium with water is less violent. The heat evolved is not sufficient for the hydrogen to catch fire. Ca(s) + 2H2O(l) → Ca(OH)2(aq) + H2(g) Calcium starts floating because the bubbles of hydrogen gas formed stick to the surface of the metal. Magnesium does not r eact with cold water . It reacts with hot water to form magnesium hydroxide and hydrogen. It also starts floating due to the bubbles of hydrogen gas sticking to its surface. Metals like aluminium, iron and zinc do not react either with cold or hot water . But they r eact with steam to for m the metal oxide and hydr ogen. 2Al(s) +3H2O(g) → Al2O3(s) + 3H2(g) 3Fe(s) +4H']","['e mixture(aqueous solution) well. Test the mixturewith blue and red litmus papers. Does the mixture turn red litmus blue? Does the mixture turn blue litmus red? On the basis of this test, how do you classify the aqueous solution — acidic or basic? On dissolving the ash in water it forms a new substance. This change canbe written in the form of the following equation: Magnesium oxide (MgO) + Water (H 2O) \uf0ae\uf020Magnesium hydroxide [Mg(OH)2] As you have already learnt in Chapter 4, magnesium hydroxide is a base. So, magnesium oxide is a new substance formed on burning of magnesium.Magnesium hydroxide is another newThe equations here are different from those in mathematics. In equations of this kind, the arrow implies‘becomes’. No attempt should be\n\neven with steam? /square6Arrange the metals in the decr easing or der of r eactivity with water . 2024-25 Metals and Non-metals 43Metals react with water and produce a metal oxide and hydrogen gas. Metal oxides that are soluble in water dissolve in it to further form metal hydr oxide. But all metals do not r eact with water . Metal +Water →Metal oxide + Hydrogen Metal oxide +Water →Metal hydroxide Metals like potassium and sodium r eact violently with cold water . In case of sodium and potassium, the reaction is so violent and exothermic that the evolved hydrogen immediately catches fire. 2K(s) + 2H2O(l) → 2KOH(aq) + H2(g) + heat energy 2Na(s) + 2H2O(l) → 2NaOH(aq) + H2(g) + heat energy The reaction of calcium with water is less violen\n\n) + 2H2O(l) → 2KOH(aq) + H2(g) + heat energy 2Na(s) + 2H2O(l) → 2NaOH(aq) + H2(g) + heat energy The reaction of calcium with water is less violent. The heat evolved is not sufficient for the hydrogen to catch fire. Ca(s) + 2H2O(l) → Ca(OH)2(aq) + H2(g) Calcium starts floating because the bubbles of hydrogen gas formed stick to the surface of the metal. Magnesium does not r eact with cold water . It reacts with hot water to form magnesium hydroxide and hydrogen. It also starts floating due to the bubbles of hydrogen gas sticking to its surface. Metals like aluminium, iron and zinc do not react either with cold or hot water . But they r eact with steam to for m the metal oxide and hydr ogen. 2Al(s) +3H2O(g) → Al2O3(s) + 3H2(g) 3Fe(s) +4H']",['Magnesium hydroxide.'],1.0,0.9723397997649782
Why does iron rust more quickly when wet?,"Iron rusts more quickly when wet because it needs both air and water to rust.
","['iron, kept in the open gets rusted. At home you must have seen shovels and spadesgetting rusted when exposed to theActivity 5.4 Boil some water in a container. Do yousee the steam rising from the surface of water? Hold an inverted pan by its handle over the steam at some distancefrom the boiling water. Observe the inner surface of the pan. Do you see any droplet of water there? Activity 5.5 Be careful while handling a flame. Hold a used hack-saw blade with a pair of tongs. Keep the tip of the free end of the blade on the gas stove. Wait for a few minutes. Does the colour of the tip of the blade change? Remove the blade from the flame. Observe the tip once again after some time. Does it get back its original colour?In Activities 5.1 and 5.\n\nir . What does this tell us about the conditions under which iron articles rust?QUESTIONS ? 3.5 CORROSION3.5 CORROSION3.5 CORROSION3.5 CORROSION3.5 CORROSION You hav e lear nt the following about corr osion in Chapter 1 – /square6Silver articles become black after some time when exposed to air . This is because it reacts with sulphur in the air to form a coating of silver sulphide. /square6Copper reacts with moist carbon dioxide in the air and slowly loses its shiny brown surface and gains a green coat. This green substance is basic copper carbonate. /square6Iron when exposed to moist air for a long time acquires a coating of a brown flaky substance called rust. Let us find ou t the conditions under which iron rusts. A B C 2024-25 Science\n\nrk it. Anhydrous calcium chloride will absorb the moisture, if any, from the air . Leave these test tubes for a few days and then observe (Fig. 3.13). Investigating the conditions under which iron rusts. In tube A, both air and water are present. In tube B, there is no air dissolved in the water . In tube C, the air is dry .You will observe that iron nails rust in test tube A, but they do not rust in test tubes B and C. In the test tube A, the nails ar e exposed to both air and water . In the test tube B, the nails ar e exposed to only water , and the nails in test tube C ar e exposed to dry air . What does this tell us about the conditions under which iron articles rust?QUESTIONS ? 3.5 CORROSION3.5 CORROSION3.5 CORROSION3.5 CORROSION3.5 CO']","['iron, kept in the open gets rusted. At home you must have seen shovels and spadesgetting rusted when exposed to theActivity 5.4 Boil some water in a container. Do yousee the steam rising from the surface of water? Hold an inverted pan by its handle over the steam at some distancefrom the boiling water. Observe the inner surface of the pan. Do you see any droplet of water there? Activity 5.5 Be careful while handling a flame. Hold a used hack-saw blade with a pair of tongs. Keep the tip of the free end of the blade on the gas stove. Wait for a few minutes. Does the colour of the tip of the blade change? Remove the blade from the flame. Observe the tip once again after some time. Does it get back its original colour?In Activities 5.1 and 5.\n\nir . What does this tell us about the conditions under which iron articles rust?QUESTIONS ? 3.5 CORROSION3.5 CORROSION3.5 CORROSION3.5 CORROSION3.5 CORROSION You hav e lear nt the following about corr osion in Chapter 1 – /square6Silver articles become black after some time when exposed to air . This is because it reacts with sulphur in the air to form a coating of silver sulphide. /square6Copper reacts with moist carbon dioxide in the air and slowly loses its shiny brown surface and gains a green coat. This green substance is basic copper carbonate. /square6Iron when exposed to moist air for a long time acquires a coating of a brown flaky substance called rust. Let us find ou t the conditions under which iron rusts. A B C 2024-25 Science\n\nrk it. Anhydrous calcium chloride will absorb the moisture, if any, from the air . Leave these test tubes for a few days and then observe (Fig. 3.13). Investigating the conditions under which iron rusts. In tube A, both air and water are present. In tube B, there is no air dissolved in the water . In tube C, the air is dry .You will observe that iron nails rust in test tube A, but they do not rust in test tubes B and C. In the test tube A, the nails ar e exposed to both air and water . In the test tube B, the nails ar e exposed to only water , and the nails in test tube C ar e exposed to dry air . What does this tell us about the conditions under which iron articles rust?QUESTIONS ? 3.5 CORROSION3.5 CORROSION3.5 CORROSION3.5 CORROSION3.5 CO']",['Water accelerates the oxidation reaction.'],1.0,1.0000000000000002
What is respiration?,"Respiration is the process by which living organisms obtain energy from food.
","['ore, all living organisms respireto get energy from food. During breathing, we breathe in air. You know that air contains oxygen. We breathe outair which is rich in carbon dioxide. The air we breathe in is transported to all parts of the body and ultimately to eachcell. In the cells, oxygen in the air helps in the breakdown of food. The process of breakdown of food in the cell with therelease of energy is called cellular respiration. Cellular respiration takesplace in the cells of all organisms. In the cell, the food (glucose) is broken down into carbon dioxide and water usingoxygen. When breakdown of glucoseoccurs with the use of oxygen it is called aerobic respiration . Food can also be broken down, without using oxygen. This is called\n\ns of an organism (cellularrespiration). \uf06eIf the food is broken down with the use of oxygen, it is called aerobicrespiration. If the breakdown occurs without the use of oxygen, therespiration is called anaerobic respiration. \uf06eDuring heavy exercise when the supply of oxygen to our muscle cells isinsufficient, food breakdown is by anaerobic respiration. \uf06eBreathing is a part of the process of respiration during which anorganism takes in the oxygen-rich air and gives out air rich in carbondioxide. The respiratory organs for the exchange of gases vary in differentorganisms. \uf06eDuring inhalation, our lungs expand and then come back to the originalstate as the air moves out during exhalation. \uf06eIncreased physical activity enhances the rate of breathin\n\nupply of oxygen for artificial respiration? 4. Measure the breathing rate of the members of your family and some of your friends. Investigate: (c) If the breathing rate of children is different from that of adults. (d) If the breathing rate of males is different from that of females. If there is a difference in any of these cases, try to find the reason. Reprint 2024-25']","['ore, all living organisms respireto get energy from food. During breathing, we breathe in air. You know that air contains oxygen. We breathe outair which is rich in carbon dioxide. The air we breathe in is transported to all parts of the body and ultimately to eachcell. In the cells, oxygen in the air helps in the breakdown of food. The process of breakdown of food in the cell with therelease of energy is called cellular respiration. Cellular respiration takesplace in the cells of all organisms. In the cell, the food (glucose) is broken down into carbon dioxide and water usingoxygen. When breakdown of glucoseoccurs with the use of oxygen it is called aerobic respiration . Food can also be broken down, without using oxygen. This is called\n\ns of an organism (cellularrespiration). \uf06eIf the food is broken down with the use of oxygen, it is called aerobicrespiration. If the breakdown occurs without the use of oxygen, therespiration is called anaerobic respiration. \uf06eDuring heavy exercise when the supply of oxygen to our muscle cells isinsufficient, food breakdown is by anaerobic respiration. \uf06eBreathing is a part of the process of respiration during which anorganism takes in the oxygen-rich air and gives out air rich in carbondioxide. The respiratory organs for the exchange of gases vary in differentorganisms. \uf06eDuring inhalation, our lungs expand and then come back to the originalstate as the air moves out during exhalation. \uf06eIncreased physical activity enhances the rate of breathin\n\nupply of oxygen for artificial respiration? 4. Measure the breathing rate of the members of your family and some of your friends. Investigate: (c) If the breathing rate of children is different from that of adults. (d) If the breathing rate of males is different from that of females. If there is a difference in any of these cases, try to find the reason. Reprint 2024-25']",['Process by which organisms release energy from food.'],1.0,
What gas do we inhale?,"We inhale a mixture of gases, including oxygen.
","['ts and not in any other group ofanimals. The percentage of oxygen and carbondioxide in inhaled and exhaled air. Inhaled air Exhaled air Lungs21% oxygen 16.4% oxygen 4.4% carbon dioxide0.04% carbondioxideStraw Lime water Earthworm: Recall from Chapter 6 of Class VI that earthworms breathe through their skins. The skin of an earthworm feels moist and slimy ontouching. Gases can easily pass through them. Though frogs have a pair of lungs like human beings, they can alsobreathe through their skin, which is moist and slippery. Reprint 2024-25 RESPIRATION IN ORGANISMS 65 Gills Paheli wants to know whether roots, which are underground also take in oxygen? If so, how? dioxide. In the cells oxygen is used tobreak down glucose into carbon dioxideand\n\nr tubes which finally terminate in balloon-like structures which are called alveoli (singular–alveolus) . The alveoli provide a surface where the exchange of gases can take place. The walls of the alveoli contain an extensive network of blood-vessels. As we have seen in earlier years, when we breathe in, we lift our ribs and flatten our diaphragm, and the chest cavity becomes larger as a result. Because of this, air is sucked into the lungs and fills the expanded alveoli. The blood brings carbon dioxide from the rest of the body for release into the alveoli, and the oxygen in the alveolar air is taken up by blood in the alveolar blood vessels to be transported to all the cells in the body. During the breathing cycle, when air is taken in a\n\nin the lid in such a way that it dips in lime water. Now blow gentlythrough the straw a few times (Fig. 6.8). Is there a change in the appearance of lime water? Can you explain this changeon the basis of what you learnt in Chapter 5? You are aware that air we inhale or exhale is a mixture of gases. What dowe exhale? Do we exhale only carbon dioxide or a mixture of gases along withit? You must have also observed that if you exhale on a mirror, a film of moisture appears on its surface. Fromwhere do these droplets come? To understand the expansion of the lungs, pull the rubber sheet from the base downwards and watch the balloons. Next, push the rubber/plastic sheet upand observe the balloons. Did you see any changes in the balloons? What do t']","['ts and not in any other group ofanimals. The percentage of oxygen and carbondioxide in inhaled and exhaled air. Inhaled air Exhaled air Lungs21% oxygen 16.4% oxygen 4.4% carbon dioxide0.04% carbondioxideStraw Lime water Earthworm: Recall from Chapter 6 of Class VI that earthworms breathe through their skins. The skin of an earthworm feels moist and slimy ontouching. Gases can easily pass through them. Though frogs have a pair of lungs like human beings, they can alsobreathe through their skin, which is moist and slippery. Reprint 2024-25 RESPIRATION IN ORGANISMS 65 Gills Paheli wants to know whether roots, which are underground also take in oxygen? If so, how? dioxide. In the cells oxygen is used tobreak down glucose into carbon dioxideand\n\nr tubes which finally terminate in balloon-like structures which are called alveoli (singular–alveolus) . The alveoli provide a surface where the exchange of gases can take place. The walls of the alveoli contain an extensive network of blood-vessels. As we have seen in earlier years, when we breathe in, we lift our ribs and flatten our diaphragm, and the chest cavity becomes larger as a result. Because of this, air is sucked into the lungs and fills the expanded alveoli. The blood brings carbon dioxide from the rest of the body for release into the alveoli, and the oxygen in the alveolar air is taken up by blood in the alveolar blood vessels to be transported to all the cells in the body. During the breathing cycle, when air is taken in a\n\nin the lid in such a way that it dips in lime water. Now blow gentlythrough the straw a few times (Fig. 6.8). Is there a change in the appearance of lime water? Can you explain this changeon the basis of what you learnt in Chapter 5? You are aware that air we inhale or exhale is a mixture of gases. What dowe exhale? Do we exhale only carbon dioxide or a mixture of gases along withit? You must have also observed that if you exhale on a mirror, a film of moisture appears on its surface. Fromwhere do these droplets come? To understand the expansion of the lungs, pull the rubber sheet from the base downwards and watch the balloons. Next, push the rubber/plastic sheet upand observe the balloons. Did you see any changes in the balloons? What do t']",['Oxygen.'],,
What gas is exhaled?,"We exhale a mixture of gases along with carbon dioxide.
","['in the lid in such a way that it dips in lime water. Now blow gentlythrough the straw a few times (Fig. 6.8). Is there a change in the appearance of lime water? Can you explain this changeon the basis of what you learnt in Chapter 5? You are aware that air we inhale or exhale is a mixture of gases. What dowe exhale? Do we exhale only carbon dioxide or a mixture of gases along withit? You must have also observed that if you exhale on a mirror, a film of moisture appears on its surface. Fromwhere do these droplets come? To understand the expansion of the lungs, pull the rubber sheet from the base downwards and watch the balloons. Next, push the rubber/plastic sheet upand observe the balloons. Did you see any changes in the balloons? What do t\n\nr tubes which finally terminate in balloon-like structures which are called alveoli (singular–alveolus) . The alveoli provide a surface where the exchange of gases can take place. The walls of the alveoli contain an extensive network of blood-vessels. As we have seen in earlier years, when we breathe in, we lift our ribs and flatten our diaphragm, and the chest cavity becomes larger as a result. Because of this, air is sucked into the lungs and fills the expanded alveoli. The blood brings carbon dioxide from the rest of the body for release into the alveoli, and the oxygen in the alveolar air is taken up by blood in the alveolar blood vessels to be transported to all the cells in the body. During the breathing cycle, when air is taken in a\n\nts and not in any other group ofanimals. The percentage of oxygen and carbondioxide in inhaled and exhaled air. Inhaled air Exhaled air Lungs21% oxygen 16.4% oxygen 4.4% carbon dioxide0.04% carbondioxideStraw Lime water Earthworm: Recall from Chapter 6 of Class VI that earthworms breathe through their skins. The skin of an earthworm feels moist and slimy ontouching. Gases can easily pass through them. Though frogs have a pair of lungs like human beings, they can alsobreathe through their skin, which is moist and slippery. Reprint 2024-25 RESPIRATION IN ORGANISMS 65 Gills Paheli wants to know whether roots, which are underground also take in oxygen? If so, how? dioxide. In the cells oxygen is used tobreak down glucose into carbon dioxideand']","['in the lid in such a way that it dips in lime water. Now blow gentlythrough the straw a few times (Fig. 6.8). Is there a change in the appearance of lime water? Can you explain this changeon the basis of what you learnt in Chapter 5? You are aware that air we inhale or exhale is a mixture of gases. What dowe exhale? Do we exhale only carbon dioxide or a mixture of gases along withit? You must have also observed that if you exhale on a mirror, a film of moisture appears on its surface. Fromwhere do these droplets come? To understand the expansion of the lungs, pull the rubber sheet from the base downwards and watch the balloons. Next, push the rubber/plastic sheet upand observe the balloons. Did you see any changes in the balloons? What do t\n\nr tubes which finally terminate in balloon-like structures which are called alveoli (singular–alveolus) . The alveoli provide a surface where the exchange of gases can take place. The walls of the alveoli contain an extensive network of blood-vessels. As we have seen in earlier years, when we breathe in, we lift our ribs and flatten our diaphragm, and the chest cavity becomes larger as a result. Because of this, air is sucked into the lungs and fills the expanded alveoli. The blood brings carbon dioxide from the rest of the body for release into the alveoli, and the oxygen in the alveolar air is taken up by blood in the alveolar blood vessels to be transported to all the cells in the body. During the breathing cycle, when air is taken in a\n\nts and not in any other group ofanimals. The percentage of oxygen and carbondioxide in inhaled and exhaled air. Inhaled air Exhaled air Lungs21% oxygen 16.4% oxygen 4.4% carbon dioxide0.04% carbondioxideStraw Lime water Earthworm: Recall from Chapter 6 of Class VI that earthworms breathe through their skins. The skin of an earthworm feels moist and slimy ontouching. Gases can easily pass through them. Though frogs have a pair of lungs like human beings, they can alsobreathe through their skin, which is moist and slippery. Reprint 2024-25 RESPIRATION IN ORGANISMS 65 Gills Paheli wants to know whether roots, which are underground also take in oxygen? If so, how? dioxide. In the cells oxygen is used tobreak down glucose into carbon dioxideand']",['Carbon dioxide.'],1.0,
Define aerobic respiration.,"Aerobic respiration is the breakdown of food (glucose) in cells using oxygen to produce carbon dioxide, water, and energy.
","['s of an organism (cellularrespiration). \uf06eIf the food is broken down with the use of oxygen, it is called aerobicrespiration. If the breakdown occurs without the use of oxygen, therespiration is called anaerobic respiration. \uf06eDuring heavy exercise when the supply of oxygen to our muscle cells isinsufficient, food breakdown is by anaerobic respiration. \uf06eBreathing is a part of the process of respiration during which anorganism takes in the oxygen-rich air and gives out air rich in carbondioxide. The respiratory organs for the exchange of gases vary in differentorganisms. \uf06eDuring inhalation, our lungs expand and then come back to the originalstate as the air moves out during exhalation. \uf06eIncreased physical activity enhances the rate of breathin\n\nore, all living organisms respireto get energy from food. During breathing, we breathe in air. You know that air contains oxygen. We breathe outair which is rich in carbon dioxide. The air we breathe in is transported to all parts of the body and ultimately to eachcell. In the cells, oxygen in the air helps in the breakdown of food. The process of breakdown of food in the cell with therelease of energy is called cellular respiration. Cellular respiration takesplace in the cells of all organisms. In the cell, the food (glucose) is broken down into carbon dioxide and water usingoxygen. When breakdown of glucoseoccurs with the use of oxygen it is called aerobic respiration . Food can also be broken down, without using oxygen. This is called\n\nupply of oxygen for artificial respiration? 4. Measure the breathing rate of the members of your family and some of your friends. Investigate: (c) If the breathing rate of children is different from that of adults. (d) If the breathing rate of males is different from that of females. If there is a difference in any of these cases, try to find the reason. Reprint 2024-25']","['s of an organism (cellularrespiration). \uf06eIf the food is broken down with the use of oxygen, it is called aerobicrespiration. If the breakdown occurs without the use of oxygen, therespiration is called anaerobic respiration. \uf06eDuring heavy exercise when the supply of oxygen to our muscle cells isinsufficient, food breakdown is by anaerobic respiration. \uf06eBreathing is a part of the process of respiration during which anorganism takes in the oxygen-rich air and gives out air rich in carbondioxide. The respiratory organs for the exchange of gases vary in differentorganisms. \uf06eDuring inhalation, our lungs expand and then come back to the originalstate as the air moves out during exhalation. \uf06eIncreased physical activity enhances the rate of breathin\n\nore, all living organisms respireto get energy from food. During breathing, we breathe in air. You know that air contains oxygen. We breathe outair which is rich in carbon dioxide. The air we breathe in is transported to all parts of the body and ultimately to eachcell. In the cells, oxygen in the air helps in the breakdown of food. The process of breakdown of food in the cell with therelease of energy is called cellular respiration. Cellular respiration takesplace in the cells of all organisms. In the cell, the food (glucose) is broken down into carbon dioxide and water usingoxygen. When breakdown of glucoseoccurs with the use of oxygen it is called aerobic respiration . Food can also be broken down, without using oxygen. This is called\n\nupply of oxygen for artificial respiration? 4. Measure the breathing rate of the members of your family and some of your friends. Investigate: (c) If the breathing rate of children is different from that of adults. (d) If the breathing rate of males is different from that of females. If there is a difference in any of these cases, try to find the reason. Reprint 2024-25']",['Energy release from glucose using oxygen.'],1.0,0.9240580395708227
What organisms survive without oxygen?,"The provided text does not contain information about organisms that survive without oxygen.
","['How do Organisms Reproduce ?7 CHAPTER Before we discuss the mechanisms by which organisms reproduce, let us ask a more basic question – why do organisms reproduce? After all, reproduction is not necessary to maintain the life of an individual organism, unlike the essential life processes such as nutrition, respiration, or excretion. On the other hand, if an individual organism is going to create more individuals, a lot of its energy will be spent in the process. So why should an individual organism waste energy on a process it does not need to stay alive? It would be interesting to discuss the possible answers in the classroom! Whatever the answer to this question, it is obvious that we notice organisms because they reproduce. If there were\n\now that they are alive, some will say. In other words, we tend to think of some sort of movement, either growth-related or not, as common evidence for being alive. But a plant that is not visibly growing is still alive, and some animals can breathe without visible movement. So using visible movement as the defining characteristic of life is not enough. Movements over very small scales will be invisible to the naked eye – movements of molecules, for example. Is this invisible molecular movement necessary for life? If we ask this question to professional biologists, they will say yes. In fact, viruses do not show any molecular movement in them (until they infect some cell), and that is partly why there is a controversy about whether they are\n\neathing in aquatic organisms is much faster than that seen in terrestrial organisms. Fishes take in water through their mouths and force it past the gills where the dissolved oxygen is taken up by blood. Terrestrial organisms use the oxygen in the atmosphere for respiration. This oxygen is absorbed by different organs in different animals. All these organs have a structure that increases the surface area which is in contact with the oxygen-rich atmosphere. Since the exchange of oxygen and carbon dioxide has to take place across this surface, this surface is very fine and delicate. In order to protect this surface, it is usually placed within the body, so there have to be passages that will take air to this area. In addition, there is a mec']","['How do Organisms Reproduce ?7 CHAPTER Before we discuss the mechanisms by which organisms reproduce, let us ask a more basic question – why do organisms reproduce? After all, reproduction is not necessary to maintain the life of an individual organism, unlike the essential life processes such as nutrition, respiration, or excretion. On the other hand, if an individual organism is going to create more individuals, a lot of its energy will be spent in the process. So why should an individual organism waste energy on a process it does not need to stay alive? It would be interesting to discuss the possible answers in the classroom! Whatever the answer to this question, it is obvious that we notice organisms because they reproduce. If there were\n\now that they are alive, some will say. In other words, we tend to think of some sort of movement, either growth-related or not, as common evidence for being alive. But a plant that is not visibly growing is still alive, and some animals can breathe without visible movement. So using visible movement as the defining characteristic of life is not enough. Movements over very small scales will be invisible to the naked eye – movements of molecules, for example. Is this invisible molecular movement necessary for life? If we ask this question to professional biologists, they will say yes. In fact, viruses do not show any molecular movement in them (until they infect some cell), and that is partly why there is a controversy about whether they are\n\neathing in aquatic organisms is much faster than that seen in terrestrial organisms. Fishes take in water through their mouths and force it past the gills where the dissolved oxygen is taken up by blood. Terrestrial organisms use the oxygen in the atmosphere for respiration. This oxygen is absorbed by different organs in different animals. All these organs have a structure that increases the surface area which is in contact with the oxygen-rich atmosphere. Since the exchange of oxygen and carbon dioxide has to take place across this surface, this surface is very fine and delicate. In order to protect this surface, it is usually placed within the body, so there have to be passages that will take air to this area. In addition, there is a mec']",['Anaerobes like yeast.'],0.0,0.91517053841672
Why do muscles cramp during exercise?,"Muscle cramps during exercise occur due to the anaerobic respiration in muscle cells, leading to lactic acid accumulation.
","['rary deficiency of oxygen. During heavy exercise, fast running (Fig. 6.1), cycling, walking formany hours or heavy weight lifting, the demand for energy is high. But the supply of oxygen to produce the energyis limited. Then anaerobic respiration takes places in the muscle cells to fulfil the demand of energy: respire anaerobicallyHave you ever wondered why you get muscle cramps after heavy exercise? Thecramps occur when muscle cells respire anaerobically. The partial breakdown of glucose produces lactic acid. Theaccumulation of lactic acid causes muscle cramps. We get relief from cramps after ahot water bath or a massage. Can youguess why it is so? Hot water bath or massage improves circulation of blood. As a result, the supply of oxygen\n\nrmation, makes decisions based on information, and conveys decisions to muscles for action. In other words, when the action or movement is to be performed, muscle tissue will do the final job. How do animal muscles move? When a nerve impulse reaches the muscle, the muscle fibre must move. How does a muscle cell move? The simplest notion of movement at the cellular level is that muscle cells will move by changing their shape so that they shorten. So the next question is, how do muscle cells change their shape? The answer must lie in the chemistry of cellular components. Muscle cells have special proteins that change both their shape and their arrangement in the cell in response to nervous electrical impulses. When this happens, new arrangeme\n\nrocess. Sometimes, when there is a lack of oxygen in our muscle cells, another pathway for the break-down of pyruvate is taken. Here the pyruvate is converted into lactic acid which is also a three-carbon molecule. This build-up of lactic acid in our muscles during sudden activity causes cramps. The energy released during cellular respiration is immediately used to synthesise a molecule called ATP which is used to fuel all other activities in the cell. In these processes, ATP is broken down giving rise to a fixed amount of energy which can drive the endothermic reactions taking place in the cell. ATP ATP is the energy currency for most cellular processes. The energy released during the process of respiration is used to make an ATP molecule']","['rary deficiency of oxygen. During heavy exercise, fast running (Fig. 6.1), cycling, walking formany hours or heavy weight lifting, the demand for energy is high. But the supply of oxygen to produce the energyis limited. Then anaerobic respiration takes places in the muscle cells to fulfil the demand of energy: respire anaerobicallyHave you ever wondered why you get muscle cramps after heavy exercise? Thecramps occur when muscle cells respire anaerobically. The partial breakdown of glucose produces lactic acid. Theaccumulation of lactic acid causes muscle cramps. We get relief from cramps after ahot water bath or a massage. Can youguess why it is so? Hot water bath or massage improves circulation of blood. As a result, the supply of oxygen\n\nrmation, makes decisions based on information, and conveys decisions to muscles for action. In other words, when the action or movement is to be performed, muscle tissue will do the final job. How do animal muscles move? When a nerve impulse reaches the muscle, the muscle fibre must move. How does a muscle cell move? The simplest notion of movement at the cellular level is that muscle cells will move by changing their shape so that they shorten. So the next question is, how do muscle cells change their shape? The answer must lie in the chemistry of cellular components. Muscle cells have special proteins that change both their shape and their arrangement in the cell in response to nervous electrical impulses. When this happens, new arrangeme\n\nrocess. Sometimes, when there is a lack of oxygen in our muscle cells, another pathway for the break-down of pyruvate is taken. Here the pyruvate is converted into lactic acid which is also a three-carbon molecule. This build-up of lactic acid in our muscles during sudden activity causes cramps. The energy released during cellular respiration is immediately used to synthesise a molecule called ATP which is used to fuel all other activities in the cell. In these processes, ATP is broken down giving rise to a fixed amount of energy which can drive the endothermic reactions taking place in the cell. ATP ATP is the energy currency for most cellular processes. The energy released during the process of respiration is used to make an ATP molecule']",['Anaerobic respiration produces lactic acid buildup.'],1.0,0.9762602081044869
What do yeasts produce anaerobically?,"Yeasts produce alcohol and carbon dioxide anaerobically.
","['eakdown of glucoseoccurs with the use of oxygen it is called aerobic respiration . Food can also be broken down, without using oxygen. This is called anaerobic respiration . Breakdown of food releases energy. You should know that there are some organisms such as yeast that can survivein the absence of air. They are calledanaerobes . They get energy through anaerobic respiration. In the absence ofoxygen, glucose breaks down into alcoholand carbon dioxide, as given below: Reprint 2024-25 SCIENCE 58 Our muscle cells can also respire anaerobically, but only for a short time, when there is a temporary deficiency of oxygen. During heavy exercise, fast running (Fig. 6.1), cycling, walking formany hours or heavy weight lifting, the demand for ener\n\nin cells to provide energy for various life processes. Diverse organisms do this in different ways – some use oxygen to break-down glucose completely into carbon dioxide and water , some use other pathways that do not involve oxygen (Fig. 5.8). In all cases, the first step is the break-down of glucose, a six-carbon molecule, into a three-carbon molecule called pyruvate. This pr ocess takes place in the cytoplasm. Further , the pyruvate may be converted into ethanol and carbon dioxide. This process takes place in yeast during fermentation. Since this process takes place in the absence of air (oxygen), it is called anaerobic respiration. Break- down of pyruvate using oxygen takes place in the mitochondria. ThisFigure 5.7Figure 5.7Figure 5.7F\n\n(vinegar). Y east is used for commer cial production of alcohol and wine. For this purpose yeast is grown on natural sugars present in grains like barley, wheat, rice, crushed fruit juices , etc. Activity 2.4 Take a 500 mL beaker filled upto ¾ with water . Dissolve 2-3 teaspoons of sugar in it. Add half a Medicinal Use of Microorganisms When ever you fall ill the doctor may give you some antibiotic tablets, capsules or injections such as of penicillin. The source of these medicines is microorganisms. These medicines kill or stop the growth of the disease -causing microorganisms. Such medicines are called antibiotics . These days a number of antibiotics are being produced from bacteria and fungi. Streptomycin, tetracycline and erythromycin a']","['eakdown of glucoseoccurs with the use of oxygen it is called aerobic respiration . Food can also be broken down, without using oxygen. This is called anaerobic respiration . Breakdown of food releases energy. You should know that there are some organisms such as yeast that can survivein the absence of air. They are calledanaerobes . They get energy through anaerobic respiration. In the absence ofoxygen, glucose breaks down into alcoholand carbon dioxide, as given below: Reprint 2024-25 SCIENCE 58 Our muscle cells can also respire anaerobically, but only for a short time, when there is a temporary deficiency of oxygen. During heavy exercise, fast running (Fig. 6.1), cycling, walking formany hours or heavy weight lifting, the demand for ener\n\nin cells to provide energy for various life processes. Diverse organisms do this in different ways – some use oxygen to break-down glucose completely into carbon dioxide and water , some use other pathways that do not involve oxygen (Fig. 5.8). In all cases, the first step is the break-down of glucose, a six-carbon molecule, into a three-carbon molecule called pyruvate. This pr ocess takes place in the cytoplasm. Further , the pyruvate may be converted into ethanol and carbon dioxide. This process takes place in yeast during fermentation. Since this process takes place in the absence of air (oxygen), it is called anaerobic respiration. Break- down of pyruvate using oxygen takes place in the mitochondria. ThisFigure 5.7Figure 5.7Figure 5.7F\n\n(vinegar). Y east is used for commer cial production of alcohol and wine. For this purpose yeast is grown on natural sugars present in grains like barley, wheat, rice, crushed fruit juices , etc. Activity 2.4 Take a 500 mL beaker filled upto ¾ with water . Dissolve 2-3 teaspoons of sugar in it. Add half a Medicinal Use of Microorganisms When ever you fall ill the doctor may give you some antibiotic tablets, capsules or injections such as of penicillin. The source of these medicines is microorganisms. These medicines kill or stop the growth of the disease -causing microorganisms. Such medicines are called antibiotics . These days a number of antibiotics are being produced from bacteria and fungi. Streptomycin, tetracycline and erythromycin a']",['Alcohol and carbon dioxide.'],1.0,1.0
What increases after heavy physical exercise?,"The rate of breathing increases after heavy physical exercise.
","['rary deficiency of oxygen. During heavy exercise, fast running (Fig. 6.1), cycling, walking formany hours or heavy weight lifting, the demand for energy is high. But the supply of oxygen to produce the energyis limited. Then anaerobic respiration takes places in the muscle cells to fulfil the demand of energy: respire anaerobicallyHave you ever wondered why you get muscle cramps after heavy exercise? Thecramps occur when muscle cells respire anaerobically. The partial breakdown of glucose produces lactic acid. Theaccumulation of lactic acid causes muscle cramps. We get relief from cramps after ahot water bath or a massage. Can youguess why it is so? Hot water bath or massage improves circulation of blood. As a result, the supply of oxygen\n\ns of an organism (cellularrespiration). \uf06eIf the food is broken down with the use of oxygen, it is called aerobicrespiration. If the breakdown occurs without the use of oxygen, therespiration is called anaerobic respiration. \uf06eDuring heavy exercise when the supply of oxygen to our muscle cells isinsufficient, food breakdown is by anaerobic respiration. \uf06eBreathing is a part of the process of respiration during which anorganism takes in the oxygen-rich air and gives out air rich in carbondioxide. The respiratory organs for the exchange of gases vary in differentorganisms. \uf06eDuring inhalation, our lungs expand and then come back to the originalstate as the air moves out during exhalation. \uf06eIncreased physical activity enhances the rate of breathin\n\nntribution of male and female parents ensured in the progeny? 2024-25']","['rary deficiency of oxygen. During heavy exercise, fast running (Fig. 6.1), cycling, walking formany hours or heavy weight lifting, the demand for energy is high. But the supply of oxygen to produce the energyis limited. Then anaerobic respiration takes places in the muscle cells to fulfil the demand of energy: respire anaerobicallyHave you ever wondered why you get muscle cramps after heavy exercise? Thecramps occur when muscle cells respire anaerobically. The partial breakdown of glucose produces lactic acid. Theaccumulation of lactic acid causes muscle cramps. We get relief from cramps after ahot water bath or a massage. Can youguess why it is so? Hot water bath or massage improves circulation of blood. As a result, the supply of oxygen\n\ns of an organism (cellularrespiration). \uf06eIf the food is broken down with the use of oxygen, it is called aerobicrespiration. If the breakdown occurs without the use of oxygen, therespiration is called anaerobic respiration. \uf06eDuring heavy exercise when the supply of oxygen to our muscle cells isinsufficient, food breakdown is by anaerobic respiration. \uf06eBreathing is a part of the process of respiration during which anorganism takes in the oxygen-rich air and gives out air rich in carbondioxide. The respiratory organs for the exchange of gases vary in differentorganisms. \uf06eDuring inhalation, our lungs expand and then come back to the originalstate as the air moves out during exhalation. \uf06eIncreased physical activity enhances the rate of breathin\n\nntribution of male and female parents ensured in the progeny? 2024-25']",['Breathing rate and oxygen consumption.'],1.0,0.875412987846484
Why does a hot bath relieve muscle cramps?,"A hot bath improves blood circulation, increasing oxygen supply to muscle cells, which breaks down lactic acid and relieves cramps.
","['rary deficiency of oxygen. During heavy exercise, fast running (Fig. 6.1), cycling, walking formany hours or heavy weight lifting, the demand for energy is high. But the supply of oxygen to produce the energyis limited. Then anaerobic respiration takes places in the muscle cells to fulfil the demand of energy: respire anaerobicallyHave you ever wondered why you get muscle cramps after heavy exercise? Thecramps occur when muscle cells respire anaerobically. The partial breakdown of glucose produces lactic acid. Theaccumulation of lactic acid causes muscle cramps. We get relief from cramps after ahot water bath or a massage. Can youguess why it is so? Hot water bath or massage improves circulation of blood. As a result, the supply of oxygen\n\nr ahot water bath or a massage. Can youguess why it is so? Hot water bath or massage improves circulation of blood. As a result, the supply of oxygen to themuscle cells increases. The increase in the supply of oxygen results in the complete breakdown of lactic acid intocarbon dioxide and water. 6.2 B REATHING Activity 6.1Yeasts are single-celled organisms.They respire anaerobically and during this process yield alcohol. They are, therefore, used to make wine and beer. CAUTION Do this activity under the supervision of your teacher. Close your nostrils and mouth tightly and look at a watch. What did you feel after some time? How long were you able to keep both of them closed? Note down the time for which you couldhold your breath (Fig. 6.2).\n\nactivity, so it is bound to involve a complicated interaction of many nerve impulses from many neurons. If this is the case, it is no surprise that the thinking tissue in our body consists of dense networks of intricately arranged neurons. It sits in the forward end of the skull, and receives signals from all over the body which it thinks about before responding to them. Obviously, in order to receive these signals, this thinking part of the brain in the skull must be connected to nerves coming from various parts of the body. Similarly, if this part of the brain is to instruct muscles to move, nerves must carry this signal back to different parts of the body. If all of this is to be done when we touch a hot object, it may take enough time f']","['rary deficiency of oxygen. During heavy exercise, fast running (Fig. 6.1), cycling, walking formany hours or heavy weight lifting, the demand for energy is high. But the supply of oxygen to produce the energyis limited. Then anaerobic respiration takes places in the muscle cells to fulfil the demand of energy: respire anaerobicallyHave you ever wondered why you get muscle cramps after heavy exercise? Thecramps occur when muscle cells respire anaerobically. The partial breakdown of glucose produces lactic acid. Theaccumulation of lactic acid causes muscle cramps. We get relief from cramps after ahot water bath or a massage. Can youguess why it is so? Hot water bath or massage improves circulation of blood. As a result, the supply of oxygen\n\nr ahot water bath or a massage. Can youguess why it is so? Hot water bath or massage improves circulation of blood. As a result, the supply of oxygen to themuscle cells increases. The increase in the supply of oxygen results in the complete breakdown of lactic acid intocarbon dioxide and water. 6.2 B REATHING Activity 6.1Yeasts are single-celled organisms.They respire anaerobically and during this process yield alcohol. They are, therefore, used to make wine and beer. CAUTION Do this activity under the supervision of your teacher. Close your nostrils and mouth tightly and look at a watch. What did you feel after some time? How long were you able to keep both of them closed? Note down the time for which you couldhold your breath (Fig. 6.2).\n\nactivity, so it is bound to involve a complicated interaction of many nerve impulses from many neurons. If this is the case, it is no surprise that the thinking tissue in our body consists of dense networks of intricately arranged neurons. It sits in the forward end of the skull, and receives signals from all over the body which it thinks about before responding to them. Obviously, in order to receive these signals, this thinking part of the brain in the skull must be connected to nerves coming from various parts of the body. Similarly, if this part of the brain is to instruct muscles to move, nerves must carry this signal back to different parts of the body. If all of this is to be done when we touch a hot object, it may take enough time f']","['Increases blood circulation, delivering oxygen.']",,
What is cellular respiration?,"Cellular respiration is the process of breaking down food in cells with the release of energy.
","['ore, all living organisms respireto get energy from food. During breathing, we breathe in air. You know that air contains oxygen. We breathe outair which is rich in carbon dioxide. The air we breathe in is transported to all parts of the body and ultimately to eachcell. In the cells, oxygen in the air helps in the breakdown of food. The process of breakdown of food in the cell with therelease of energy is called cellular respiration. Cellular respiration takesplace in the cells of all organisms. In the cell, the food (glucose) is broken down into carbon dioxide and water usingoxygen. When breakdown of glucoseoccurs with the use of oxygen it is called aerobic respiration . Food can also be broken down, without using oxygen. This is called\n\nrespiration. 6.1 W HY DO WE RESPIRE ? In Chapter 2 you learnt that all organisms are made of small microscopic units called cells. A cell isthe smallest structural and functional unit of an organism. Each cell of an organism performs certain functionssuch as nutrition, transport, excretion and reproduction. To perform these functions, the cell needs energy. Evenwhen we are eating, sleeping or reading we require energy. But, where does this energy come from? Can you say whyyour parents insist that you should eat regularly? The food has stored energy, which is released during respiration.Therefore, all living organisms respireto get energy from food. During breathing, we breathe in air. You know that air contains oxygen. We breathe outair wh\n\ns of an organism (cellularrespiration). \uf06eIf the food is broken down with the use of oxygen, it is called aerobicrespiration. If the breakdown occurs without the use of oxygen, therespiration is called anaerobic respiration. \uf06eDuring heavy exercise when the supply of oxygen to our muscle cells isinsufficient, food breakdown is by anaerobic respiration. \uf06eBreathing is a part of the process of respiration during which anorganism takes in the oxygen-rich air and gives out air rich in carbondioxide. The respiratory organs for the exchange of gases vary in differentorganisms. \uf06eDuring inhalation, our lungs expand and then come back to the originalstate as the air moves out during exhalation. \uf06eIncreased physical activity enhances the rate of breathin']","['ore, all living organisms respireto get energy from food. During breathing, we breathe in air. You know that air contains oxygen. We breathe outair which is rich in carbon dioxide. The air we breathe in is transported to all parts of the body and ultimately to eachcell. In the cells, oxygen in the air helps in the breakdown of food. The process of breakdown of food in the cell with therelease of energy is called cellular respiration. Cellular respiration takesplace in the cells of all organisms. In the cell, the food (glucose) is broken down into carbon dioxide and water usingoxygen. When breakdown of glucoseoccurs with the use of oxygen it is called aerobic respiration . Food can also be broken down, without using oxygen. This is called\n\nrespiration. 6.1 W HY DO WE RESPIRE ? In Chapter 2 you learnt that all organisms are made of small microscopic units called cells. A cell isthe smallest structural and functional unit of an organism. Each cell of an organism performs certain functionssuch as nutrition, transport, excretion and reproduction. To perform these functions, the cell needs energy. Evenwhen we are eating, sleeping or reading we require energy. But, where does this energy come from? Can you say whyyour parents insist that you should eat regularly? The food has stored energy, which is released during respiration.Therefore, all living organisms respireto get energy from food. During breathing, we breathe in air. You know that air contains oxygen. We breathe outair wh\n\ns of an organism (cellularrespiration). \uf06eIf the food is broken down with the use of oxygen, it is called aerobicrespiration. If the breakdown occurs without the use of oxygen, therespiration is called anaerobic respiration. \uf06eDuring heavy exercise when the supply of oxygen to our muscle cells isinsufficient, food breakdown is by anaerobic respiration. \uf06eBreathing is a part of the process of respiration during which anorganism takes in the oxygen-rich air and gives out air rich in carbondioxide. The respiratory organs for the exchange of gases vary in differentorganisms. \uf06eDuring inhalation, our lungs expand and then come back to the originalstate as the air moves out during exhalation. \uf06eIncreased physical activity enhances the rate of breathin']",['Breakdown of glucose to release energy at the cellular level.'],,
Function of blood in humans?,"Blood transports oxygen, digested food, and waste products throughout the body.
","['ut on your body? Blood flows out. But what is blood? Blood is the fluid which flows in blood vessels. It transports substances like digested food from the small intestine to the other parts of the body. It carries oxygen from the lungs to the cells of the body. It also transports waste for removal from the body. How does the blood carry various substances? Blood is composed of a fluid, called plasma in which different types of cells are suspended. Heart Vein Artery Why is the colour of blood red? (Arteries are shown in red colour and veins in blue) Reprint 2024-25 TRANSPORTATION IN ANIMALS AND PLANTS 71One type of cells are the red blood cells (RBC) which contain a red pigment called haemoglobin . Haemoglobin binds with oxygen and transpo\n\non. Blood flows and carries various substances from one part of the body to the other . For example, it carries oxygen and food to all cells. It also collects wastes from all parts of the body and carries them to the liver and kidney for disposal. Blood and muscles are both examples of tissues found in our body. On the basis of the functions they perform we can think of different types of animal tissues, such as epithelial tissue, connective tissue, muscular tissue and nervous tissue. Blood is a type of connective tissue, and muscle forms muscular tissue. 6.3.1 EPITHELIAL TISSUE The covering or protective tissues in the animal body are epithelial tissues. Epithelium covers most organs and cavities within the body. It also forms a barrier\n\nsfusion of blood donated by volunteers. Blood isusually in short supply. Donating blood does not decrease the strength ofthe donors. Reprint 2024-25']","['ut on your body? Blood flows out. But what is blood? Blood is the fluid which flows in blood vessels. It transports substances like digested food from the small intestine to the other parts of the body. It carries oxygen from the lungs to the cells of the body. It also transports waste for removal from the body. How does the blood carry various substances? Blood is composed of a fluid, called plasma in which different types of cells are suspended. Heart Vein Artery Why is the colour of blood red? (Arteries are shown in red colour and veins in blue) Reprint 2024-25 TRANSPORTATION IN ANIMALS AND PLANTS 71One type of cells are the red blood cells (RBC) which contain a red pigment called haemoglobin . Haemoglobin binds with oxygen and transpo\n\non. Blood flows and carries various substances from one part of the body to the other . For example, it carries oxygen and food to all cells. It also collects wastes from all parts of the body and carries them to the liver and kidney for disposal. Blood and muscles are both examples of tissues found in our body. On the basis of the functions they perform we can think of different types of animal tissues, such as epithelial tissue, connective tissue, muscular tissue and nervous tissue. Blood is a type of connective tissue, and muscle forms muscular tissue. 6.3.1 EPITHELIAL TISSUE The covering or protective tissues in the animal body are epithelial tissues. Epithelium covers most organs and cavities within the body. It also forms a barrier\n\nsfusion of blood donated by volunteers. Blood isusually in short supply. Donating blood does not decrease the strength ofthe donors. Reprint 2024-25']","['Transports nutrients, oxygen, waste, and immune cells.']",,0.7730574551088069
What gives blood its red color?,"The presence of haemoglobin, a red pigment in red blood cells, makes blood appear red.
","['ut on your body? Blood flows out. But what is blood? Blood is the fluid which flows in blood vessels. It transports substances like digested food from the small intestine to the other parts of the body. It carries oxygen from the lungs to the cells of the body. It also transports waste for removal from the body. How does the blood carry various substances? Blood is composed of a fluid, called plasma in which different types of cells are suspended. Heart Vein Artery Why is the colour of blood red? (Arteries are shown in red colour and veins in blue) Reprint 2024-25 TRANSPORTATION IN ANIMALS AND PLANTS 71One type of cells are the red blood cells (RBC) which contain a red pigment called haemoglobin . Haemoglobin binds with oxygen and transpo\n\nND PLANTS 71One type of cells are the red blood cells (RBC) which contain a red pigment called haemoglobin . Haemoglobin binds with oxygen and transports it to all the parts of the body and ultimatelyto all the cells. It will be difficult to provide oxygen efficiently to all the cells of the body without haemoglobin. Thepresence of haemoglobin makes blood appear red. The blood also has white blood cells (WBC) which fight against germs thatmay enter our body. Boojho fell down while playing a game and his knee got injured. Bloodwas coming out from the cut. After some time, he noticed that bleeding hadstopped and a dark red clot had plugged the cut. Boojho was puzzled about this. The clot is formed because of the presence of another type of ce\n\ne next day. (c) Enlarged view of open end of stem(b) (c) Reprint 2024-25 TRANSPORTATION IN ANIMALS AND PLANTS 79 What you have learnt \uf06eIn most animals the blood that circulates in the body distributes food and oxygen to different cells of the body. It also carries waste productsfrom different parts of the body for excretion. \uf06eCirculatory system consists of the heart and blood vessels. \uf06eIn humans, blood flows through arteries and veins and the heart actsas a pumping organ. \uf06eBlood consists of plasma, RBC, WBC and platelets. Blood is red due tothe presence of a red pigment, haemoglobin. \uf06eThe human heart beats about 70–80 times per minute in an adultperson. This is called heart rate. \uf06eArteries carry blood from the heart to all parts of the bo']","['ut on your body? Blood flows out. But what is blood? Blood is the fluid which flows in blood vessels. It transports substances like digested food from the small intestine to the other parts of the body. It carries oxygen from the lungs to the cells of the body. It also transports waste for removal from the body. How does the blood carry various substances? Blood is composed of a fluid, called plasma in which different types of cells are suspended. Heart Vein Artery Why is the colour of blood red? (Arteries are shown in red colour and veins in blue) Reprint 2024-25 TRANSPORTATION IN ANIMALS AND PLANTS 71One type of cells are the red blood cells (RBC) which contain a red pigment called haemoglobin . Haemoglobin binds with oxygen and transpo\n\nND PLANTS 71One type of cells are the red blood cells (RBC) which contain a red pigment called haemoglobin . Haemoglobin binds with oxygen and transports it to all the parts of the body and ultimatelyto all the cells. It will be difficult to provide oxygen efficiently to all the cells of the body without haemoglobin. Thepresence of haemoglobin makes blood appear red. The blood also has white blood cells (WBC) which fight against germs thatmay enter our body. Boojho fell down while playing a game and his knee got injured. Bloodwas coming out from the cut. After some time, he noticed that bleeding hadstopped and a dark red clot had plugged the cut. Boojho was puzzled about this. The clot is formed because of the presence of another type of ce\n\ne next day. (c) Enlarged view of open end of stem(b) (c) Reprint 2024-25 TRANSPORTATION IN ANIMALS AND PLANTS 79 What you have learnt \uf06eIn most animals the blood that circulates in the body distributes food and oxygen to different cells of the body. It also carries waste productsfrom different parts of the body for excretion. \uf06eCirculatory system consists of the heart and blood vessels. \uf06eIn humans, blood flows through arteries and veins and the heart actsas a pumping organ. \uf06eBlood consists of plasma, RBC, WBC and platelets. Blood is red due tothe presence of a red pigment, haemoglobin. \uf06eThe human heart beats about 70–80 times per minute in an adultperson. This is called heart rate. \uf06eArteries carry blood from the heart to all parts of the bo']",['Haemoglobin.'],1.0,0.9636434917663488
What are platelets?,"Based on the context, platelets are involved in maintenance.
","['ntribution of male and female parents ensured in the progeny? 2024-25\n\nly and then rapidly. 2024-25\n\nunder high pressur e, the arteries have thick, elastic walls. V eins collect the blood from different organs and bring it back to the heart. They do not need thick walls because the blood is no longer under pressure, instead they have valves that ensure that the blood flows only in one direction. On reaching an organ or tissue, the artery divides into smaller and smaller vessels to bring the blood in contact with all the individual cells. The smallest vessels have walls which are one-cell thick and are called capillaries. Exchange of material between the blood and surrounding cells takes place across this thin wall. The capillaries then join together to form veins that convey the blood away from the organ or tissue. Maintenance by platelets']","['ntribution of male and female parents ensured in the progeny? 2024-25\n\nly and then rapidly. 2024-25\n\nunder high pressur e, the arteries have thick, elastic walls. V eins collect the blood from different organs and bring it back to the heart. They do not need thick walls because the blood is no longer under pressure, instead they have valves that ensure that the blood flows only in one direction. On reaching an organ or tissue, the artery divides into smaller and smaller vessels to bring the blood in contact with all the individual cells. The smallest vessels have walls which are one-cell thick and are called capillaries. Exchange of material between the blood and surrounding cells takes place across this thin wall. The capillaries then join together to form veins that convey the blood away from the organ or tissue. Maintenance by platelets']",['Blood cells that aid in clotting.'],1.0,0.8776044129002298
Blood vessels carrying oxygen-rich blood?,"Arteries carry oxygen-rich blood.
","['ut on your body? Blood flows out. But what is blood? Blood is the fluid which flows in blood vessels. It transports substances like digested food from the small intestine to the other parts of the body. It carries oxygen from the lungs to the cells of the body. It also transports waste for removal from the body. How does the blood carry various substances? Blood is composed of a fluid, called plasma in which different types of cells are suspended. Heart Vein Artery Why is the colour of blood red? (Arteries are shown in red colour and veins in blue) Reprint 2024-25 TRANSPORTATION IN ANIMALS AND PLANTS 71One type of cells are the red blood cells (RBC) which contain a red pigment called haemoglobin . Haemoglobin binds with oxygen and transpo\n\nunder high pressur e, the arteries have thick, elastic walls. V eins collect the blood from different organs and bring it back to the heart. They do not need thick walls because the blood is no longer under pressure, instead they have valves that ensure that the blood flows only in one direction. On reaching an organ or tissue, the artery divides into smaller and smaller vessels to bring the blood in contact with all the individual cells. The smallest vessels have walls which are one-cell thick and are called capillaries. Exchange of material between the blood and surrounding cells takes place across this thin wall. The capillaries then join together to form veins that convey the blood away from the organ or tissue. Maintenance by platelets\n\nnot a vein. It carries carbon dioxide-rich blood to the lungs. Pulmonary vein carries oxygen-rich blood from the lungs to the heart. Veins are the vessels which carry carbon dioxide-rich blood from all parts of the body back to the heart. The veins have thin walls. There are valves presentin veins which allow blood to flow only towards the heart. Refer to Fig. 7.3. Do you see the arteries divide into smaller vessels? On reaching the tissues, they divide further into extremely thin tubes called capillaries . The capillaries join to form veins which empty into the heart. Heart The heart is an organ which beats continuously to act as a pump for the transport of blood, which carries othersubstances with it. Imagine a pump working for years w']","['ut on your body? Blood flows out. But what is blood? Blood is the fluid which flows in blood vessels. It transports substances like digested food from the small intestine to the other parts of the body. It carries oxygen from the lungs to the cells of the body. It also transports waste for removal from the body. How does the blood carry various substances? Blood is composed of a fluid, called plasma in which different types of cells are suspended. Heart Vein Artery Why is the colour of blood red? (Arteries are shown in red colour and veins in blue) Reprint 2024-25 TRANSPORTATION IN ANIMALS AND PLANTS 71One type of cells are the red blood cells (RBC) which contain a red pigment called haemoglobin . Haemoglobin binds with oxygen and transpo\n\nunder high pressur e, the arteries have thick, elastic walls. V eins collect the blood from different organs and bring it back to the heart. They do not need thick walls because the blood is no longer under pressure, instead they have valves that ensure that the blood flows only in one direction. On reaching an organ or tissue, the artery divides into smaller and smaller vessels to bring the blood in contact with all the individual cells. The smallest vessels have walls which are one-cell thick and are called capillaries. Exchange of material between the blood and surrounding cells takes place across this thin wall. The capillaries then join together to form veins that convey the blood away from the organ or tissue. Maintenance by platelets\n\nnot a vein. It carries carbon dioxide-rich blood to the lungs. Pulmonary vein carries oxygen-rich blood from the lungs to the heart. Veins are the vessels which carry carbon dioxide-rich blood from all parts of the body back to the heart. The veins have thin walls. There are valves presentin veins which allow blood to flow only towards the heart. Refer to Fig. 7.3. Do you see the arteries divide into smaller vessels? On reaching the tissues, they divide further into extremely thin tubes called capillaries . The capillaries join to form veins which empty into the heart. Heart The heart is an organ which beats continuously to act as a pump for the transport of blood, which carries othersubstances with it. Imagine a pump working for years w']",['Arteries.'],1.0,0.7900635039964512
What connects arteries to veins?,"Capillaries connect arteries to veins.
","['under high pressur e, the arteries have thick, elastic walls. V eins collect the blood from different organs and bring it back to the heart. They do not need thick walls because the blood is no longer under pressure, instead they have valves that ensure that the blood flows only in one direction. On reaching an organ or tissue, the artery divides into smaller and smaller vessels to bring the blood in contact with all the individual cells. The smallest vessels have walls which are one-cell thick and are called capillaries. Exchange of material between the blood and surrounding cells takes place across this thin wall. The capillaries then join together to form veins that convey the blood away from the organ or tissue. Maintenance by platelets\n\nnot a vein. It carries carbon dioxide-rich blood to the lungs. Pulmonary vein carries oxygen-rich blood from the lungs to the heart. Veins are the vessels which carry carbon dioxide-rich blood from all parts of the body back to the heart. The veins have thin walls. There are valves presentin veins which allow blood to flow only towards the heart. Refer to Fig. 7.3. Do you see the arteries divide into smaller vessels? On reaching the tissues, they divide further into extremely thin tubes called capillaries . The capillaries join to form veins which empty into the heart. Heart The heart is an organ which beats continuously to act as a pump for the transport of blood, which carries othersubstances with it. Imagine a pump working for years w\n\nressure The force that blood exerts against the wall of a vessel is called blood pressure. This pressure is much greater in arteries than in veins. The pressure of blood inside the artery during ventricular systole (contraction) is called systolic pressure and pressure in artery during ventricular diastole (relaxation) is called diastolic pressure. The normal systolic pressure is about 120 mm of Hg and diastolic pressure is 80 mm of Hg. The tubes – blood vessels Arteries are the vessels which carry blood away from the heart to various organs of the body. Since the blood emerges from the heart under high pressur e, the arteries have thick, elastic walls. V eins collect the blood from different organs and bring it back to the heart. They do n']","['under high pressur e, the arteries have thick, elastic walls. V eins collect the blood from different organs and bring it back to the heart. They do not need thick walls because the blood is no longer under pressure, instead they have valves that ensure that the blood flows only in one direction. On reaching an organ or tissue, the artery divides into smaller and smaller vessels to bring the blood in contact with all the individual cells. The smallest vessels have walls which are one-cell thick and are called capillaries. Exchange of material between the blood and surrounding cells takes place across this thin wall. The capillaries then join together to form veins that convey the blood away from the organ or tissue. Maintenance by platelets\n\nnot a vein. It carries carbon dioxide-rich blood to the lungs. Pulmonary vein carries oxygen-rich blood from the lungs to the heart. Veins are the vessels which carry carbon dioxide-rich blood from all parts of the body back to the heart. The veins have thin walls. There are valves presentin veins which allow blood to flow only towards the heart. Refer to Fig. 7.3. Do you see the arteries divide into smaller vessels? On reaching the tissues, they divide further into extremely thin tubes called capillaries . The capillaries join to form veins which empty into the heart. Heart The heart is an organ which beats continuously to act as a pump for the transport of blood, which carries othersubstances with it. Imagine a pump working for years w\n\nressure The force that blood exerts against the wall of a vessel is called blood pressure. This pressure is much greater in arteries than in veins. The pressure of blood inside the artery during ventricular systole (contraction) is called systolic pressure and pressure in artery during ventricular diastole (relaxation) is called diastolic pressure. The normal systolic pressure is about 120 mm of Hg and diastolic pressure is 80 mm of Hg. The tubes – blood vessels Arteries are the vessels which carry blood away from the heart to various organs of the body. Since the blood emerges from the heart under high pressur e, the arteries have thick, elastic walls. V eins collect the blood from different organs and bring it back to the heart. They do n']",['Capillaries.'],1.0,0.818507256261168
What separates oxygenated and deoxygenated blood in the heart?,"The separation of the right and left sides of the heart prevents oxygenated and deoxygenated blood from mixing.
","['entricle, which in turn pumps it to the lungs for oxygenation. Since ventricles have to pump blood into various organs, they have thicker muscular walls than the atria do. V alves ensur e that blood does not flow backwards when the atria or ventricles contract. Oxygen enters the blood in the lungs The separation of the right side and the left side of the heart is useful to keep oxygenated and de- oxygenated blood from mixing. Such separation allows a highly efficient supply of oxygen to the body. This is useful in animals that have high energy needs, such as birds and mammals, which constantly use energy to maintain their body temperature. In animals that do not use energy for this purpose, the body temperature depends on the temperature in\n\nfrom the lungs comes to the thin-walled upper chamber of the heart on the left, the left atrium. The left atrium relaxes when it is collecting this blood. It then contracts, while the next chamber , the left ventricle, relaxes, so that the blood is transferred to it. When the muscular left ventricle contracts in its turn, the blood is pumped out to the body. De-oxygenated blood comes from the body to the upper chamber on the right, the right atrium, as it relaxes. As the right atrium contracts, the corr esponding lower chamber , the right ventricle, dilates. This transfers blood to the right ventricle, which in turn pumps it to the lungs for oxygenation. Since ventricles have to pump blood into various organs, they have thicker muscular wal\n\nif damaged. 2024-25 Science 92The heart is a muscular organ which is as big as our fist (Fig. 5.10). Because both oxygen and carbon dioxide have to be transported by the blood, the heart has different chambers to prevent the oxygen-rich blood from mixing with the blood containing carbon dioxide. The carbon dioxide-rich blood has to reach the lungs for the carbon dioxide to be removed, and the oxygenated blood from the lungs has to be brought back to the heart. This oxygen-rich blood is then pumped to the rest of the body. We can follow this pr ocess step by step (Fig. 5.11). Oxygen-rich blood from the lungs comes to the thin-walled upper chamber of the heart on the left, the left atrium. The left atrium relaxes when it is collecting this bl']","['entricle, which in turn pumps it to the lungs for oxygenation. Since ventricles have to pump blood into various organs, they have thicker muscular walls than the atria do. V alves ensur e that blood does not flow backwards when the atria or ventricles contract. Oxygen enters the blood in the lungs The separation of the right side and the left side of the heart is useful to keep oxygenated and de- oxygenated blood from mixing. Such separation allows a highly efficient supply of oxygen to the body. This is useful in animals that have high energy needs, such as birds and mammals, which constantly use energy to maintain their body temperature. In animals that do not use energy for this purpose, the body temperature depends on the temperature in\n\nfrom the lungs comes to the thin-walled upper chamber of the heart on the left, the left atrium. The left atrium relaxes when it is collecting this blood. It then contracts, while the next chamber , the left ventricle, relaxes, so that the blood is transferred to it. When the muscular left ventricle contracts in its turn, the blood is pumped out to the body. De-oxygenated blood comes from the body to the upper chamber on the right, the right atrium, as it relaxes. As the right atrium contracts, the corr esponding lower chamber , the right ventricle, dilates. This transfers blood to the right ventricle, which in turn pumps it to the lungs for oxygenation. Since ventricles have to pump blood into various organs, they have thicker muscular wal\n\nif damaged. 2024-25 Science 92The heart is a muscular organ which is as big as our fist (Fig. 5.10). Because both oxygen and carbon dioxide have to be transported by the blood, the heart has different chambers to prevent the oxygen-rich blood from mixing with the blood containing carbon dioxide. The carbon dioxide-rich blood has to reach the lungs for the carbon dioxide to be removed, and the oxygenated blood from the lungs has to be brought back to the heart. This oxygen-rich blood is then pumped to the rest of the body. We can follow this pr ocess step by step (Fig. 5.11). Oxygen-rich blood from the lungs comes to the thin-walled upper chamber of the heart on the left, the left atrium. The left atrium relaxes when it is collecting this bl']",['Septum (partition).'],,0.8338106014216341
Why is blood donation important?,"Blood donation is important because there is no substitute for blood, and it's often in short supply to help people who lose blood from surgery, injury, or illness.
","['sfusion of blood donated by volunteers. Blood isusually in short supply. Donating blood does not decrease the strength ofthe donors. Reprint 2024-25\n\nhe heart. 12. Why is it necessary to excrete waste products? 13. Draw a diagram of the human excretory system and label the various parts. Extended Learning — Activities and Projects 1. Find out about blood groups and their importance. 2. When a person suffers from chest pain, the doctor immediately takes an ECG. Visit a doctor and get information about ECG. You may even look up an encyclopaedia or the internet. Did you know? There is no substitute for blood. If people lose blood from surgery or injuryor if their bodies cannot produce enough blood, there is only one way toget it — through transfusion of blood donated by volunteers. Blood isusually in short supply. Donating blood does not decrease the strength ofthe donors. Reprint 2024-25\n\nntribution of male and female parents ensured in the progeny? 2024-25']","['sfusion of blood donated by volunteers. Blood isusually in short supply. Donating blood does not decrease the strength ofthe donors. Reprint 2024-25\n\nhe heart. 12. Why is it necessary to excrete waste products? 13. Draw a diagram of the human excretory system and label the various parts. Extended Learning — Activities and Projects 1. Find out about blood groups and their importance. 2. When a person suffers from chest pain, the doctor immediately takes an ECG. Visit a doctor and get information about ECG. You may even look up an encyclopaedia or the internet. Did you know? There is no substitute for blood. If people lose blood from surgery or injuryor if their bodies cannot produce enough blood, there is only one way toget it — through transfusion of blood donated by volunteers. Blood isusually in short supply. Donating blood does not decrease the strength ofthe donors. Reprint 2024-25\n\nntribution of male and female parents ensured in the progeny? 2024-25']",['Saves lives by providing essential blood components.'],,
What do white blood cells do?,"The provided text does not mention the function of white blood cells.
","['From the last chapter , we r ecall that all living organisms ar e made of cells. In unicellular organisms, a single cell per forms all basic functions. For example, in Amoeba, a single cell carries out movement, intake of food, gaseous exchange and excretion. But in multi- cellular organisms there are millions of cells. Most of these cells are specialised to carry out specific functions. Each specialised function is taken up by a different group of cells. Since these cells carry out only a particular function, they do it very efficiently. In human beings, muscle cells contract and relax to cause movement, nerve cells carry messages, blood flows to transport oxygen, food, hormones and waste material and so on. In plants, vascular tissues con\n\nhapes. In some cases the cell shape could be mor e or less fixed and peculiar for a particular type of cell', 'for example, nerve cells have a typical shape. Each living cell has the capacity to perform certain basic functions that ar e characteristic of all living for ms. How does a living cell per form these basic functions? We know that ther e is a division of labour in multicellular or ganisms such as human beings. This means that dif ferent parts of the human body per form dif ferent functions. The human body has a heart to pump blood, a stomach to digest food and so on. Similarly, division of labour is also seen within a single cell. In fact, each such cell has got certain specific components within it known as cell organelles. Each kin\n\non. Blood flows and carries various substances from one part of the body to the other . For example, it carries oxygen and food to all cells. It also collects wastes from all parts of the body and carries them to the liver and kidney for disposal. Blood and muscles are both examples of tissues found in our body. On the basis of the functions they perform we can think of different types of animal tissues, such as epithelial tissue, connective tissue, muscular tissue and nervous tissue. Blood is a type of connective tissue, and muscle forms muscular tissue. 6.3.1 EPITHELIAL TISSUE The covering or protective tissues in the animal body are epithelial tissues. Epithelium covers most organs and cavities within the body. It also forms a barrier']","['From the last chapter , we r ecall that all living organisms ar e made of cells. In unicellular organisms, a single cell per forms all basic functions. For example, in Amoeba, a single cell carries out movement, intake of food, gaseous exchange and excretion. But in multi- cellular organisms there are millions of cells. Most of these cells are specialised to carry out specific functions. Each specialised function is taken up by a different group of cells. Since these cells carry out only a particular function, they do it very efficiently. In human beings, muscle cells contract and relax to cause movement, nerve cells carry messages, blood flows to transport oxygen, food, hormones and waste material and so on. In plants, vascular tissues con\n\nhapes. In some cases the cell shape could be mor e or less fixed and peculiar for a particular type of cell', 'for example, nerve cells have a typical shape. Each living cell has the capacity to perform certain basic functions that ar e characteristic of all living for ms. How does a living cell per form these basic functions? We know that ther e is a division of labour in multicellular or ganisms such as human beings. This means that dif ferent parts of the human body per form dif ferent functions. The human body has a heart to pump blood, a stomach to digest food and so on. Similarly, division of labour is also seen within a single cell. In fact, each such cell has got certain specific components within it known as cell organelles. Each kin\n\non. Blood flows and carries various substances from one part of the body to the other . For example, it carries oxygen and food to all cells. It also collects wastes from all parts of the body and carries them to the liver and kidney for disposal. Blood and muscles are both examples of tissues found in our body. On the basis of the functions they perform we can think of different types of animal tissues, such as epithelial tissue, connective tissue, muscular tissue and nervous tissue. Blood is a type of connective tissue, and muscle forms muscular tissue. 6.3.1 EPITHELIAL TISSUE The covering or protective tissues in the animal body are epithelial tissues. Epithelium covers most organs and cavities within the body. It also forms a barrier']",['Defend against infections.'],1.0,
How is pulse rate measured?,"Pulse rate is measured by counting the number of throbbing movements (pulse beats) felt on the inner side of the wrist in one minute.
","['nt the number of pulse beats in one minute. How many pulse beats could you count? The number of beats per minuteis called the pulse rate . A resting person, usually has a pulse rate between 72 and 80 beats per minute. Find other places in your body where you can feel the pulse. Record your own pulse beats per minute and those of your classmates.Insert the values you obtained inTable 7.1 and compare them. Reprint 2024-25 SCIENCE 72Table 7.1 Pulse rate S. No. Name Pulse per minute 1. 2. 3. 4.5. Paheli explained that the pulmonary artery carries blood from the heart, so it is called an artery and not a vein. It carries carbon dioxide-rich blood to the lungs. Pulmonary vein carries oxygen-rich blood from the lungs to the heart. Veins are the\n\nears. Place Table 7.2 Heartbeat and pulse rate Name of student While resting After running (4–5 minutes) Heartbeat Pulse rate Heartbeat Pulse rate (b) Model of stethoscopeChest Piece Ear PieceTube Reprint 2024-25 TRANSPORTATION IN ANIMALS AND PLANTS 75the mouth of the funnel on your chest near the heart. Now try to listencarefully. Do you hear a regular thumping sound ? The sound is that of heart beats. How many times did yourheart beat in a minute ? Count again after running for 4–5 minutes. Compare your observations. Record your own pulse rate and heart beat and that of your friends whileresting and after running and record inTable 7.2. Do you find any relationship between your heart beat and pulse rate? Each heart beat generates one p\n\nwo types of blood vessels, arteries and veins are present in the body. (Fig. 7.1) Arteries carry oxygen-rich blood from the heart to all parts of the body.Since the blood flow is rapid and at ahigh pressure, the arteries have thickelastic walls. Let us perform an activity to study the flow of blood through arteries. Activity 7.1 Place the middle and index finger ofyour right hand on the inner side of your left wrist (Fig. 7.2). Can you feel some throbbing movements? Why do youthink there is throbbing? This throbbing is called the pulse and it is due to the blood flowing in the arteries.Count the number of pulse beats in one minute. How many pulse beats could you count? The number of beats per minuteis called the pulse rate . A resting p']","['nt the number of pulse beats in one minute. How many pulse beats could you count? The number of beats per minuteis called the pulse rate . A resting person, usually has a pulse rate between 72 and 80 beats per minute. Find other places in your body where you can feel the pulse. Record your own pulse beats per minute and those of your classmates.Insert the values you obtained inTable 7.1 and compare them. Reprint 2024-25 SCIENCE 72Table 7.1 Pulse rate S. No. Name Pulse per minute 1. 2. 3. 4.5. Paheli explained that the pulmonary artery carries blood from the heart, so it is called an artery and not a vein. It carries carbon dioxide-rich blood to the lungs. Pulmonary vein carries oxygen-rich blood from the lungs to the heart. Veins are the\n\nears. Place Table 7.2 Heartbeat and pulse rate Name of student While resting After running (4–5 minutes) Heartbeat Pulse rate Heartbeat Pulse rate (b) Model of stethoscopeChest Piece Ear PieceTube Reprint 2024-25 TRANSPORTATION IN ANIMALS AND PLANTS 75the mouth of the funnel on your chest near the heart. Now try to listencarefully. Do you hear a regular thumping sound ? The sound is that of heart beats. How many times did yourheart beat in a minute ? Count again after running for 4–5 minutes. Compare your observations. Record your own pulse rate and heart beat and that of your friends whileresting and after running and record inTable 7.2. Do you find any relationship between your heart beat and pulse rate? Each heart beat generates one p\n\nwo types of blood vessels, arteries and veins are present in the body. (Fig. 7.1) Arteries carry oxygen-rich blood from the heart to all parts of the body.Since the blood flow is rapid and at ahigh pressure, the arteries have thickelastic walls. Let us perform an activity to study the flow of blood through arteries. Activity 7.1 Place the middle and index finger ofyour right hand on the inner side of your left wrist (Fig. 7.2). Can you feel some throbbing movements? Why do youthink there is throbbing? This throbbing is called the pulse and it is due to the blood flowing in the arteries.Count the number of pulse beats in one minute. How many pulse beats could you count? The number of beats per minuteis called the pulse rate . A resting p']",['Counting heartbeats per minute.'],1.0,1.0000000000000002
What vessel returns blood to the heart?,"Veins collect blood from different organs and bring it back to the heart.
","['from the lungs comes to the thin-walled upper chamber of the heart on the left, the left atrium. The left atrium relaxes when it is collecting this blood. It then contracts, while the next chamber , the left ventricle, relaxes, so that the blood is transferred to it. When the muscular left ventricle contracts in its turn, the blood is pumped out to the body. De-oxygenated blood comes from the body to the upper chamber on the right, the right atrium, as it relaxes. As the right atrium contracts, the corr esponding lower chamber , the right ventricle, dilates. This transfers blood to the right ventricle, which in turn pumps it to the lungs for oxygenation. Since ventricles have to pump blood into various organs, they have thicker muscular wal\n\nnot a vein. It carries carbon dioxide-rich blood to the lungs. Pulmonary vein carries oxygen-rich blood from the lungs to the heart. Veins are the vessels which carry carbon dioxide-rich blood from all parts of the body back to the heart. The veins have thin walls. There are valves presentin veins which allow blood to flow only towards the heart. Refer to Fig. 7.3. Do you see the arteries divide into smaller vessels? On reaching the tissues, they divide further into extremely thin tubes called capillaries . The capillaries join to form veins which empty into the heart. Heart The heart is an organ which beats continuously to act as a pump for the transport of blood, which carries othersubstances with it. Imagine a pump working for years w\n\nunder high pressur e, the arteries have thick, elastic walls. V eins collect the blood from different organs and bring it back to the heart. They do not need thick walls because the blood is no longer under pressure, instead they have valves that ensure that the blood flows only in one direction. On reaching an organ or tissue, the artery divides into smaller and smaller vessels to bring the blood in contact with all the individual cells. The smallest vessels have walls which are one-cell thick and are called capillaries. Exchange of material between the blood and surrounding cells takes place across this thin wall. The capillaries then join together to form veins that convey the blood away from the organ or tissue. Maintenance by platelets']","['from the lungs comes to the thin-walled upper chamber of the heart on the left, the left atrium. The left atrium relaxes when it is collecting this blood. It then contracts, while the next chamber , the left ventricle, relaxes, so that the blood is transferred to it. When the muscular left ventricle contracts in its turn, the blood is pumped out to the body. De-oxygenated blood comes from the body to the upper chamber on the right, the right atrium, as it relaxes. As the right atrium contracts, the corr esponding lower chamber , the right ventricle, dilates. This transfers blood to the right ventricle, which in turn pumps it to the lungs for oxygenation. Since ventricles have to pump blood into various organs, they have thicker muscular wal\n\nnot a vein. It carries carbon dioxide-rich blood to the lungs. Pulmonary vein carries oxygen-rich blood from the lungs to the heart. Veins are the vessels which carry carbon dioxide-rich blood from all parts of the body back to the heart. The veins have thin walls. There are valves presentin veins which allow blood to flow only towards the heart. Refer to Fig. 7.3. Do you see the arteries divide into smaller vessels? On reaching the tissues, they divide further into extremely thin tubes called capillaries . The capillaries join to form veins which empty into the heart. Heart The heart is an organ which beats continuously to act as a pump for the transport of blood, which carries othersubstances with it. Imagine a pump working for years w\n\nunder high pressur e, the arteries have thick, elastic walls. V eins collect the blood from different organs and bring it back to the heart. They do not need thick walls because the blood is no longer under pressure, instead they have valves that ensure that the blood flows only in one direction. On reaching an organ or tissue, the artery divides into smaller and smaller vessels to bring the blood in contact with all the individual cells. The smallest vessels have walls which are one-cell thick and are called capillaries. Exchange of material between the blood and surrounding cells takes place across this thin wall. The capillaries then join together to form veins that convey the blood away from the organ or tissue. Maintenance by platelets']",['Veins.'],1.0,0.8035123217424126
Define sexual reproduction in plants.,"Sexual reproduction in flowering plants involves the transfer of pollen grains from the anther to the stigma (pollination) followed by fertilization.
","['ch are useful for ensuring the survival of the species. Modes of sexual reproduction allow for greater variation to be generated. /square6Reproduction in flowering plants involves transfer of pollen grains from the anther to the stigma which is referred to as pollination. This is followed by fertilisation. /square6Changes in the body at puberty, such as increase in breast size in girls and new facial hair growth in boys, are signs of sexual maturation. /square6The male reproductive system in human beings consists of testes which produce sperms, vas deferens, seminal vesicles, prostate gland, urethra and penis. /square6The female reproductive system in human beings consists of ovaries, fallopian tubes, uterus and vagina. /square6Sexual repro\n\nfrom differentvegetative parts such as leaves, stems and roots. \uf06eFlower is the reproductive part of a plant. \uf06eA flower may be unisexual with either the male or the female reproductiveparts. \uf06eA bisexual flower has both the male and the female reproductive parts. \uf06eThe male gametes are found inside the pollen grains and female gametesare found in the ovule. \uf06ePollination is the process of transfer of pollen grains from the anther ofone flower to the stigma of the same or another flower. \uf06ePollination is of two types, self-pollination and cross-pollination. Inself-pollination, pollen grains are transferred from the anther to thestigma of the same flower. In cross-pollination, pollen grains aretransferred from the anther of one flower to the stigm\n\nknowing facts about reproduction. For more information visit : l www.teenshealth.org/teen/sexual_health/ l www.adolescenthealth.com 2024-25']","['ch are useful for ensuring the survival of the species. Modes of sexual reproduction allow for greater variation to be generated. /square6Reproduction in flowering plants involves transfer of pollen grains from the anther to the stigma which is referred to as pollination. This is followed by fertilisation. /square6Changes in the body at puberty, such as increase in breast size in girls and new facial hair growth in boys, are signs of sexual maturation. /square6The male reproductive system in human beings consists of testes which produce sperms, vas deferens, seminal vesicles, prostate gland, urethra and penis. /square6The female reproductive system in human beings consists of ovaries, fallopian tubes, uterus and vagina. /square6Sexual repro\n\nfrom differentvegetative parts such as leaves, stems and roots. \uf06eFlower is the reproductive part of a plant. \uf06eA flower may be unisexual with either the male or the female reproductiveparts. \uf06eA bisexual flower has both the male and the female reproductive parts. \uf06eThe male gametes are found inside the pollen grains and female gametesare found in the ovule. \uf06ePollination is the process of transfer of pollen grains from the anther ofone flower to the stigma of the same or another flower. \uf06ePollination is of two types, self-pollination and cross-pollination. Inself-pollination, pollen grains are transferred from the anther to thestigma of the same flower. In cross-pollination, pollen grains aretransferred from the anther of one flower to the stigm\n\nknowing facts about reproduction. For more information visit : l www.teenshealth.org/teen/sexual_health/ l www.adolescenthealth.com 2024-25']",['Production of new plants from seeds through fertilization.'],1.0,0.86650879596707
What is vegetative propagation?,"Vegetative propagation is a mode of reproduction in plants where parts like the root, stem, and leaves develop into new plants under appropriate conditions.
","['mode for reproduction. This property of vegetative propagation is used in methods such as layering or grafting to grow many plants like sugarcane, roses, or grapes for agricultural purposes. Plants raised by vegetative propagation can bear flowers and fruits earlier than those produced from seeds. Such methods also make possible the propagation of plants such as banana, orange, rose and jasmine that have lost the capacity to produce seeds. Another advantage of vegetative propagation is that all plants produced are genetically similar enough to the parent plant to have all its characteristics. 2024-25 Science 118Similarly buds produced in the notches along the leaf margin of Bryophyllum fall on the soil and develop into new plants (Fig. 7.5\n\nally depend on being cut up to be able to reproduce. 7.2.4 Budding Organisms such as Hydra use regenerative cells for reproduction in the process of budding. In Hydra , a bud develops as an outgrowth due to repeated cell division at one specific site (Fig. 7.4). These buds develop into tiny individuals and when fully mature, detach from the parent body and become new independent individuals. 7.2.5 V egetative Propagation There are many plants in which parts like the root, stem and leaves develop into new plants under appropriate conditions. Unlike in most animals, plants can indeed use such a mode for reproduction. This property of vegetative propagation is used in methods such as layering or grafting to grow many plants like sugarcane, ros\n\nake a pinch of yeast and place it in acontainer with some water. Add a spoonful of sugar and shake to dissolve it. Keep it in the warm part of a room.After an hour, put a drop of this liquid on a glass slide and observe under a microscope. What do you observe? Youmay see the formation of new yeast cells (Fig. 8.5).from the main plant body. Each detached part can grow into a new plant.Fig. 8.4 Leaf of Bryophyllum with buds in the margin Boojho wants to know if there is any advantage of vegetative propagation. Plants produced by vegetative propagation take less time to grow andbear flowers and fruits earlier than those produced from seeds. The new plantsare exact copies of the parent plant, as they are produced from a single parent. Later in']","['mode for reproduction. This property of vegetative propagation is used in methods such as layering or grafting to grow many plants like sugarcane, roses, or grapes for agricultural purposes. Plants raised by vegetative propagation can bear flowers and fruits earlier than those produced from seeds. Such methods also make possible the propagation of plants such as banana, orange, rose and jasmine that have lost the capacity to produce seeds. Another advantage of vegetative propagation is that all plants produced are genetically similar enough to the parent plant to have all its characteristics. 2024-25 Science 118Similarly buds produced in the notches along the leaf margin of Bryophyllum fall on the soil and develop into new plants (Fig. 7.5\n\nally depend on being cut up to be able to reproduce. 7.2.4 Budding Organisms such as Hydra use regenerative cells for reproduction in the process of budding. In Hydra , a bud develops as an outgrowth due to repeated cell division at one specific site (Fig. 7.4). These buds develop into tiny individuals and when fully mature, detach from the parent body and become new independent individuals. 7.2.5 V egetative Propagation There are many plants in which parts like the root, stem and leaves develop into new plants under appropriate conditions. Unlike in most animals, plants can indeed use such a mode for reproduction. This property of vegetative propagation is used in methods such as layering or grafting to grow many plants like sugarcane, ros\n\nake a pinch of yeast and place it in acontainer with some water. Add a spoonful of sugar and shake to dissolve it. Keep it in the warm part of a room.After an hour, put a drop of this liquid on a glass slide and observe under a microscope. What do you observe? Youmay see the formation of new yeast cells (Fig. 8.5).from the main plant body. Each detached part can grow into a new plant.Fig. 8.4 Leaf of Bryophyllum with buds in the margin Boojho wants to know if there is any advantage of vegetative propagation. Plants produced by vegetative propagation take less time to grow andbear flowers and fruits earlier than those produced from seeds. The new plantsare exact copies of the parent plant, as they are produced from a single parent. Later in']",['New plant growth from vegetative parts like stems or leaves without seeds.'],1.0,1.0000000000000002
What is budding in yeast?,"Budding in yeast is an asexual reproduction process where a small bulb-like projection (bud) grows from the parent cell, detaches, and forms a new yeast cell.
","['fruits earlier than those produced from seeds. The new plantsare exact copies of the parent plant, as they are produced from a single parent. Later in this chapter you will learn that plants produced by sexualreproduction have characters of both the parents. Plants produce seeds as a resultof sexual reproduction. Budding You have already learnt about the tiny organisms like yeast can be seen only under a microscope. These grow andmultiply every few hours if sufficient nutrients are made available to them. Remember that yeast is a single-celledorganism. Let us see how they reproduce?The small bulb-like projection coming out from the yeast cell is calleda bud. The bud gradually grows and gets detached from the parent cell and forms a new yeas\n\nulb-like projection coming out from the yeast cell is calleda bud. The bud gradually grows and gets detached from the parent cell and forms a new yeast cell. The new yeast cell grows, matures and produces more yeast cells. Sometimes, another budarises from the bud forming a chain of buds. If this process continues, a large number of yeast cells are produced in ashort time. Fragmentation You might have seen slimy green patches in ponds, or in other stagnant water bodies. These are the algae. When New budNew plants Reprint 2024-25 REPRODUCTION IN PLANTS 85 air. As they are very light they can cover long distances. Spores are asexual reproductive bodies. Each spore is covered by ahard protective coat to withstandunfavourable conditions such\n\nr ( atta or maida ), add some sugar and mix with warm water . Add a small amount of yeast powder and knead to make a soft dough. What do you observe after two hours? Did you find the dough rising? Maida with yeast powder Raised maida Yeast r eproduces rapidly and produces carbon dioxide during respiration. Bubbles of the gas fill the dough and increase its volume (Fig. 2.6). This is the basis of the use of yeast in the baking industry for making breads, pastries and cakes. Commercial Use of Microorganisms Microorganisms are used for the large scale production of alcohol, wine and acetic acid (vinegar). Y east is used for commer cial production of alcohol and wine. For this purpose yeast is grown on natural sugars present in grains like bar']","['fruits earlier than those produced from seeds. The new plantsare exact copies of the parent plant, as they are produced from a single parent. Later in this chapter you will learn that plants produced by sexualreproduction have characters of both the parents. Plants produce seeds as a resultof sexual reproduction. Budding You have already learnt about the tiny organisms like yeast can be seen only under a microscope. These grow andmultiply every few hours if sufficient nutrients are made available to them. Remember that yeast is a single-celledorganism. Let us see how they reproduce?The small bulb-like projection coming out from the yeast cell is calleda bud. The bud gradually grows and gets detached from the parent cell and forms a new yeas\n\nulb-like projection coming out from the yeast cell is calleda bud. The bud gradually grows and gets detached from the parent cell and forms a new yeast cell. The new yeast cell grows, matures and produces more yeast cells. Sometimes, another budarises from the bud forming a chain of buds. If this process continues, a large number of yeast cells are produced in ashort time. Fragmentation You might have seen slimy green patches in ponds, or in other stagnant water bodies. These are the algae. When New budNew plants Reprint 2024-25 REPRODUCTION IN PLANTS 85 air. As they are very light they can cover long distances. Spores are asexual reproductive bodies. Each spore is covered by ahard protective coat to withstandunfavourable conditions such\n\nr ( atta or maida ), add some sugar and mix with warm water . Add a small amount of yeast powder and knead to make a soft dough. What do you observe after two hours? Did you find the dough rising? Maida with yeast powder Raised maida Yeast r eproduces rapidly and produces carbon dioxide during respiration. Bubbles of the gas fill the dough and increase its volume (Fig. 2.6). This is the basis of the use of yeast in the baking industry for making breads, pastries and cakes. Commercial Use of Microorganisms Microorganisms are used for the large scale production of alcohol, wine and acetic acid (vinegar). Y east is used for commer cial production of alcohol and wine. For this purpose yeast is grown on natural sugars present in grains like bar']",['Formation of new yeast cells as small buds from a parent cell.'],1.0,0.9703333001190049
What advantage does vegetative propagation have?,"Vegetative propagation allows plants to grow faster, bear flowers and fruits earlier, and produce genetically identical copies of the parent plant.
","['mode for reproduction. This property of vegetative propagation is used in methods such as layering or grafting to grow many plants like sugarcane, roses, or grapes for agricultural purposes. Plants raised by vegetative propagation can bear flowers and fruits earlier than those produced from seeds. Such methods also make possible the propagation of plants such as banana, orange, rose and jasmine that have lost the capacity to produce seeds. Another advantage of vegetative propagation is that all plants produced are genetically similar enough to the parent plant to have all its characteristics. 2024-25 Science 118Similarly buds produced in the notches along the leaf margin of Bryophyllum fall on the soil and develop into new plants (Fig. 7.5\n\nake a pinch of yeast and place it in acontainer with some water. Add a spoonful of sugar and shake to dissolve it. Keep it in the warm part of a room.After an hour, put a drop of this liquid on a glass slide and observe under a microscope. What do you observe? Youmay see the formation of new yeast cells (Fig. 8.5).from the main plant body. Each detached part can grow into a new plant.Fig. 8.4 Leaf of Bryophyllum with buds in the margin Boojho wants to know if there is any advantage of vegetative propagation. Plants produced by vegetative propagation take less time to grow andbear flowers and fruits earlier than those produced from seeds. The new plantsare exact copies of the parent plant, as they are produced from a single parent. Later in\n\nally depend on being cut up to be able to reproduce. 7.2.4 Budding Organisms such as Hydra use regenerative cells for reproduction in the process of budding. In Hydra , a bud develops as an outgrowth due to repeated cell division at one specific site (Fig. 7.4). These buds develop into tiny individuals and when fully mature, detach from the parent body and become new independent individuals. 7.2.5 V egetative Propagation There are many plants in which parts like the root, stem and leaves develop into new plants under appropriate conditions. Unlike in most animals, plants can indeed use such a mode for reproduction. This property of vegetative propagation is used in methods such as layering or grafting to grow many plants like sugarcane, ros']","['mode for reproduction. This property of vegetative propagation is used in methods such as layering or grafting to grow many plants like sugarcane, roses, or grapes for agricultural purposes. Plants raised by vegetative propagation can bear flowers and fruits earlier than those produced from seeds. Such methods also make possible the propagation of plants such as banana, orange, rose and jasmine that have lost the capacity to produce seeds. Another advantage of vegetative propagation is that all plants produced are genetically similar enough to the parent plant to have all its characteristics. 2024-25 Science 118Similarly buds produced in the notches along the leaf margin of Bryophyllum fall on the soil and develop into new plants (Fig. 7.5\n\nake a pinch of yeast and place it in acontainer with some water. Add a spoonful of sugar and shake to dissolve it. Keep it in the warm part of a room.After an hour, put a drop of this liquid on a glass slide and observe under a microscope. What do you observe? Youmay see the formation of new yeast cells (Fig. 8.5).from the main plant body. Each detached part can grow into a new plant.Fig. 8.4 Leaf of Bryophyllum with buds in the margin Boojho wants to know if there is any advantage of vegetative propagation. Plants produced by vegetative propagation take less time to grow andbear flowers and fruits earlier than those produced from seeds. The new plantsare exact copies of the parent plant, as they are produced from a single parent. Later in\n\nally depend on being cut up to be able to reproduce. 7.2.4 Budding Organisms such as Hydra use regenerative cells for reproduction in the process of budding. In Hydra , a bud develops as an outgrowth due to repeated cell division at one specific site (Fig. 7.4). These buds develop into tiny individuals and when fully mature, detach from the parent body and become new independent individuals. 7.2.5 V egetative Propagation There are many plants in which parts like the root, stem and leaves develop into new plants under appropriate conditions. Unlike in most animals, plants can indeed use such a mode for reproduction. This property of vegetative propagation is used in methods such as layering or grafting to grow many plants like sugarcane, ros']",['Faster growth and genetic consistency.'],1.0,0.970539347076202
Define spores.,"Spores are asexual reproductive bodies, each covered by a hard protective coat to withstand unfavorable conditions, enabling them to survive for a long time and develop into new individuals under favorable conditions.
","['cover long distances. Spores are asexual reproductive bodies. Each spore is covered by ahard protective coat to withstandunfavourable conditions such as high temperature and low humidity. So they can survive for a long time. Underfavourable conditions, a spore germinates and develops into a new individual. Plants such as moss andferns (Fig. 8.8) also reproduce by means of spores. 12.2 S EXUAL REPRODUCTION You have learnt earlier the structure ofa flower. You know that the flowers are the reproductive parts of a plant.Stamens are the male reproductive part and pistil is the female reproductive part (Fig. 8.9).water and nutrients are available algaegrow and multiply rapidly byfragmentation. An alga breaks up into two or more fragments. Thes\n\ne part (Fig. 8.9).water and nutrients are available algaegrow and multiply rapidly byfragmentation. An alga breaks up into two or more fragments. These fragments or pieces grow into new individuals(Fig. 8.6). This process continues and they cover a large area in a short period of time. in fungusSpore formation In Chapter 1 you learnt that the fungi on a bread piece grow from spores which are present in the air. Repeat Activity1.2. Observe the spores in the cotton- like mesh on the bread. When spores are released they keep floating in theFig. 8.8 Reproduction through spore formation in fern HyphaSporangium SporesSori (Spore formingbodies) Reprint 2024-25 SCIENCE 86 Boojho wants to know how the male gamete in the pollen grain reaches the fem\n\nnd deserts to marshy lands. /circlerightMicroorganisms are found in air , water and in the bodies of plants and animals. /circlerightThey may be unicellular or multicellular . /circlerightMicroorganisms include bacteria, fungi, protozoa and some algae. Viruses, though different from the above mentioned living organisms, are considered microbes. /circlerightViruses are quite different from other microorganisms. They reproduce only inside the host organism: bacterium, plant or ani- mal cell. /circlerightSome microorganisms are useful for commercial production of medicines and alcohol. /circlerightSome microorganisms decompose the organic waste and dead plants and animals into simple substances and clean up the environment. /circlerightProtozo']","['cover long distances. Spores are asexual reproductive bodies. Each spore is covered by ahard protective coat to withstandunfavourable conditions such as high temperature and low humidity. So they can survive for a long time. Underfavourable conditions, a spore germinates and develops into a new individual. Plants such as moss andferns (Fig. 8.8) also reproduce by means of spores. 12.2 S EXUAL REPRODUCTION You have learnt earlier the structure ofa flower. You know that the flowers are the reproductive parts of a plant.Stamens are the male reproductive part and pistil is the female reproductive part (Fig. 8.9).water and nutrients are available algaegrow and multiply rapidly byfragmentation. An alga breaks up into two or more fragments. Thes\n\ne part (Fig. 8.9).water and nutrients are available algaegrow and multiply rapidly byfragmentation. An alga breaks up into two or more fragments. These fragments or pieces grow into new individuals(Fig. 8.6). This process continues and they cover a large area in a short period of time. in fungusSpore formation In Chapter 1 you learnt that the fungi on a bread piece grow from spores which are present in the air. Repeat Activity1.2. Observe the spores in the cotton- like mesh on the bread. When spores are released they keep floating in theFig. 8.8 Reproduction through spore formation in fern HyphaSporangium SporesSori (Spore formingbodies) Reprint 2024-25 SCIENCE 86 Boojho wants to know how the male gamete in the pollen grain reaches the fem\n\nnd deserts to marshy lands. /circlerightMicroorganisms are found in air , water and in the bodies of plants and animals. /circlerightThey may be unicellular or multicellular . /circlerightMicroorganisms include bacteria, fungi, protozoa and some algae. Viruses, though different from the above mentioned living organisms, are considered microbes. /circlerightViruses are quite different from other microorganisms. They reproduce only inside the host organism: bacterium, plant or ani- mal cell. /circlerightSome microorganisms are useful for commercial production of medicines and alcohol. /circlerightSome microorganisms decompose the organic waste and dead plants and animals into simple substances and clean up the environment. /circlerightProtozo']",['Reproductive cells capable of developing into new organisms without fertilization.'],0.8333333333333334,0.8634142432306842
What plants reproduce from leaf buds?,"The provided text does not specify which plants reproduce from leaf buds.
","['ally depend on being cut up to be able to reproduce. 7.2.4 Budding Organisms such as Hydra use regenerative cells for reproduction in the process of budding. In Hydra , a bud develops as an outgrowth due to repeated cell division at one specific site (Fig. 7.4). These buds develop into tiny individuals and when fully mature, detach from the parent body and become new independent individuals. 7.2.5 V egetative Propagation There are many plants in which parts like the root, stem and leaves develop into new plants under appropriate conditions. Unlike in most animals, plants can indeed use such a mode for reproduction. This property of vegetative propagation is used in methods such as layering or grafting to grow many plants like sugarcane, ros\n\nfruits earlier than those produced from seeds. The new plantsare exact copies of the parent plant, as they are produced from a single parent. Later in this chapter you will learn that plants produced by sexualreproduction have characters of both the parents. Plants produce seeds as a resultof sexual reproduction. Budding You have already learnt about the tiny organisms like yeast can be seen only under a microscope. These grow andmultiply every few hours if sufficient nutrients are made available to them. Remember that yeast is a single-celledorganism. Let us see how they reproduce?The small bulb-like projection coming out from the yeast cell is calleda bud. The bud gradually grows and gets detached from the parent cell and forms a new yeas\n\nReproduction in Plants8 To produce its kind is a characteristic of all living organisms. You have already learnt this in Class VI. The production of new individuals from their parents is known as reproduction. But, how do plants reproduce? There are different modes of reproduction in plants which we shall learn in this chapter. 8.1 M ODES OF REPRODUCTION In Class VI you learnt about different parts of a flowering plant. Try to list thevarious parts of a plant and write the functions of each. Most plants have roots, stems and leaves. These are calledthe vegetative parts of a plant. After a certain period of growth, most plantsbear flowers. You may have seen themango trees flowering in spring. It is these flowers that give rise to juicy mang']","['ally depend on being cut up to be able to reproduce. 7.2.4 Budding Organisms such as Hydra use regenerative cells for reproduction in the process of budding. In Hydra , a bud develops as an outgrowth due to repeated cell division at one specific site (Fig. 7.4). These buds develop into tiny individuals and when fully mature, detach from the parent body and become new independent individuals. 7.2.5 V egetative Propagation There are many plants in which parts like the root, stem and leaves develop into new plants under appropriate conditions. Unlike in most animals, plants can indeed use such a mode for reproduction. This property of vegetative propagation is used in methods such as layering or grafting to grow many plants like sugarcane, ros\n\nfruits earlier than those produced from seeds. The new plantsare exact copies of the parent plant, as they are produced from a single parent. Later in this chapter you will learn that plants produced by sexualreproduction have characters of both the parents. Plants produce seeds as a resultof sexual reproduction. Budding You have already learnt about the tiny organisms like yeast can be seen only under a microscope. These grow andmultiply every few hours if sufficient nutrients are made available to them. Remember that yeast is a single-celledorganism. Let us see how they reproduce?The small bulb-like projection coming out from the yeast cell is calleda bud. The bud gradually grows and gets detached from the parent cell and forms a new yeas\n\nReproduction in Plants8 To produce its kind is a characteristic of all living organisms. You have already learnt this in Class VI. The production of new individuals from their parents is known as reproduction. But, how do plants reproduce? There are different modes of reproduction in plants which we shall learn in this chapter. 8.1 M ODES OF REPRODUCTION In Class VI you learnt about different parts of a flowering plant. Try to list thevarious parts of a plant and write the functions of each. Most plants have roots, stems and leaves. These are calledthe vegetative parts of a plant. After a certain period of growth, most plantsbear flowers. You may have seen themango trees flowering in spring. It is these flowers that give rise to juicy mang']",['Bryophyllum.'],,0.0
Difference between asexual and sexual plant reproduction.,"Asexual reproduction produces new plants without seeds, while sexual reproduction involves the fusion of gametes to produce seeds.
","['e stigma of the same or of another flower of the same kind is known as _____________. (d) The fusion of male and female gametes is termed as _____________. (e) Seed dispersal takes place by means of _____________, _____________ and _____________. 2. Describe the different methods of asexual reproduction. Give examples. 3. Explain what you understand by sexual reproduction.4. State the main difference between asexual and sexual reproduction.5. Sketch the reproductive parts of a flower.6. Explain the difference between self-pollination and cross-pollination.7. How does the process of fertilisation take place in flowers?8. Describe the various ways by which seeds are dispersed.9. Match items in Column I with those in Column II: Column I Column\n\ntain period of growth, most plantsbear flowers. You may have seen themango trees flowering in spring. It is these flowers that give rise to juicy mango fruit we enjoy in summer. We eat the fruits and usually discard the seeds. Seeds germinate and form new plants. So, what is the function of flowers in plants? Flowers perform the function of reproduction in plants. Flowers are the reproductive parts . There are several ways by which plants produce their offspring. These are categorised into two types: (i) asexual, and (ii) sexual reproduction. In asexual reproduction plants can give rise to new plants without seeds, whereas in sexualAsexual reproduction In asexual reproduction new plants are obtained without production of seeds. Vegetative\n\nnd roots? Leaf of Bryophyllum with buds More to Know? 2024-25 How do Organisms Reproduce? 119All the modes of reproduction that we have discussed so far allow new generations to be created from a single individual. This is known as asexual reproduction. ?1. How does binary fission differ from multiple fission? 2. How will an organism be benefited if it reproduces through spores? 3. Can you think of reasons why more complex organisms cannot give rise to new individuals through regeneration? 4. Why is vegetative propagation practised for growing some types of plants? 5. Why is DNA copying an essential part of the process of reproduction? 7.3 SEXUAL REPRODUCTION7.3 SEXUAL REPRODUCTION7.3 SEXUAL REPRODUCTION7.3 SEXUAL REPRODUCTION7.3 SEXUAL REP']","['e stigma of the same or of another flower of the same kind is known as _____________. (d) The fusion of male and female gametes is termed as _____________. (e) Seed dispersal takes place by means of _____________, _____________ and _____________. 2. Describe the different methods of asexual reproduction. Give examples. 3. Explain what you understand by sexual reproduction.4. State the main difference between asexual and sexual reproduction.5. Sketch the reproductive parts of a flower.6. Explain the difference between self-pollination and cross-pollination.7. How does the process of fertilisation take place in flowers?8. Describe the various ways by which seeds are dispersed.9. Match items in Column I with those in Column II: Column I Column\n\ntain period of growth, most plantsbear flowers. You may have seen themango trees flowering in spring. It is these flowers that give rise to juicy mango fruit we enjoy in summer. We eat the fruits and usually discard the seeds. Seeds germinate and form new plants. So, what is the function of flowers in plants? Flowers perform the function of reproduction in plants. Flowers are the reproductive parts . There are several ways by which plants produce their offspring. These are categorised into two types: (i) asexual, and (ii) sexual reproduction. In asexual reproduction plants can give rise to new plants without seeds, whereas in sexualAsexual reproduction In asexual reproduction new plants are obtained without production of seeds. Vegetative\n\nnd roots? Leaf of Bryophyllum with buds More to Know? 2024-25 How do Organisms Reproduce? 119All the modes of reproduction that we have discussed so far allow new generations to be created from a single individual. This is known as asexual reproduction. ?1. How does binary fission differ from multiple fission? 2. How will an organism be benefited if it reproduces through spores? 3. Can you think of reasons why more complex organisms cannot give rise to new individuals through regeneration? 4. Why is vegetative propagation practised for growing some types of plants? 5. Why is DNA copying an essential part of the process of reproduction? 7.3 SEXUAL REPRODUCTION7.3 SEXUAL REPRODUCTION7.3 SEXUAL REPRODUCTION7.3 SEXUAL REPRODUCTION7.3 SEXUAL REP']","['Asexual is without seeds', 'sexual involves seeds.']",1.0,0.9591032936681657
How do potato plants reproduce?,"Potato plants can reproduce vegetatively using buds found in the notches on the potato.
","['Spore formation in RhizopusActivity 7.5Activity 7.5Activity 7.5Activity 7.5Activity 7.5 /square6Take a potato and observe its surface. Can notches be seen? /square6Cut the potato into small pieces such that some pieces contain a notch or bud and some do not. /square6Spread some cotton on a tray and wet it. Place the potato pieces on this cotton. Note where the pieces with the buds are placed. /square6Observe changes taking place in these potato pieces over the next few days. Make sure that the cotton is kept moistened. /square6Which are the potato pieces that give rise to fresh green shoots and roots? Leaf of Bryophyllum with buds More to Know? 2024-25 How do Organisms Reproduce? 119All the modes of reproduction that we have discussed so f\n\nntribution of male and female parents ensured in the progeny? 2024-25\n\nReproduction in Plants8 To produce its kind is a characteristic of all living organisms. You have already learnt this in Class VI. The production of new individuals from their parents is known as reproduction. But, how do plants reproduce? There are different modes of reproduction in plants which we shall learn in this chapter. 8.1 M ODES OF REPRODUCTION In Class VI you learnt about different parts of a flowering plant. Try to list thevarious parts of a plant and write the functions of each. Most plants have roots, stems and leaves. These are calledthe vegetative parts of a plant. After a certain period of growth, most plantsbear flowers. You may have seen themango trees flowering in spring. It is these flowers that give rise to juicy mang']","['Spore formation in RhizopusActivity 7.5Activity 7.5Activity 7.5Activity 7.5Activity 7.5 /square6Take a potato and observe its surface. Can notches be seen? /square6Cut the potato into small pieces such that some pieces contain a notch or bud and some do not. /square6Spread some cotton on a tray and wet it. Place the potato pieces on this cotton. Note where the pieces with the buds are placed. /square6Observe changes taking place in these potato pieces over the next few days. Make sure that the cotton is kept moistened. /square6Which are the potato pieces that give rise to fresh green shoots and roots? Leaf of Bryophyllum with buds More to Know? 2024-25 How do Organisms Reproduce? 119All the modes of reproduction that we have discussed so f\n\nntribution of male and female parents ensured in the progeny? 2024-25\n\nReproduction in Plants8 To produce its kind is a characteristic of all living organisms. You have already learnt this in Class VI. The production of new individuals from their parents is known as reproduction. But, how do plants reproduce? There are different modes of reproduction in plants which we shall learn in this chapter. 8.1 M ODES OF REPRODUCTION In Class VI you learnt about different parts of a flowering plant. Try to list thevarious parts of a plant and write the functions of each. Most plants have roots, stems and leaves. These are calledthe vegetative parts of a plant. After a certain period of growth, most plantsbear flowers. You may have seen themango trees flowering in spring. It is these flowers that give rise to juicy mang']",['Through eyes or buds on potato tubers.'],1.0,0.9574642137788866
What happens during fragmentation in algae?,"During fragmentation in algae, the alga breaks into two or more fragments, and each fragment grows into a new individual.
","['e part (Fig. 8.9).water and nutrients are available algaegrow and multiply rapidly byfragmentation. An alga breaks up into two or more fragments. These fragments or pieces grow into new individuals(Fig. 8.6). This process continues and they cover a large area in a short period of time. in fungusSpore formation In Chapter 1 you learnt that the fungi on a bread piece grow from spores which are present in the air. Repeat Activity1.2. Observe the spores in the cotton- like mesh on the bread. When spores are released they keep floating in theFig. 8.8 Reproduction through spore formation in fern HyphaSporangium SporesSori (Spore formingbodies) Reprint 2024-25 SCIENCE 86 Boojho wants to know how the male gamete in the pollen grain reaches the fem\n\n(c) (d) (e) (f) 2024-25 Science 116these structures. Other single-celled organisms, such as the malarial parasite, Plasmodium , divide into many daughter cells simultaneously by multiple fission. Yeast, on the other hand, can put out small buds that separate and grow further , as we saw in Activity 7.1. 7.2.2 Fragmentation Multiple fission in Plasmodium Activity 7.4Activity 7.4Activity 7.4Activity 7.4Activity 7.4 /square6Collect water from a lake or pond that appears dark green and contains filamentous structures. /square6Put one or two filaments on a slide. /square6Put a drop of glycerine on these filaments and cover it with a coverslip. /square6Observe the slide under a microscope. /squar\n\ninto separate individuals. For example, simple animals like Hydra and Planaria can be cut into any number of pieces and each piece grows into a complete organism. This is known as regeneration (see Fig. 7.3). Regeneration is carried out by specialised cells. These cells proliferate and make large numbers of cells. From this mass of cells, different cells undergo changes to become various cell types and tissues. These changes 2024-25 How do Organisms Reproduce? 117 sequence referred to as development. However , regeneration is not the same as reproduction, since most organisms would not normally depend on being cut up to be able to reproduce. 7.2.4 Budding Organisms such as Hydra use regenerative cells for reproduction in the process of b']","['e part (Fig. 8.9).water and nutrients are available algaegrow and multiply rapidly byfragmentation. An alga breaks up into two or more fragments. These fragments or pieces grow into new individuals(Fig. 8.6). This process continues and they cover a large area in a short period of time. in fungusSpore formation In Chapter 1 you learnt that the fungi on a bread piece grow from spores which are present in the air. Repeat Activity1.2. Observe the spores in the cotton- like mesh on the bread. When spores are released they keep floating in theFig. 8.8 Reproduction through spore formation in fern HyphaSporangium SporesSori (Spore formingbodies) Reprint 2024-25 SCIENCE 86 Boojho wants to know how the male gamete in the pollen grain reaches the fem\n\n(c) (d) (e) (f) 2024-25 Science 116these structures. Other single-celled organisms, such as the malarial parasite, Plasmodium , divide into many daughter cells simultaneously by multiple fission. Yeast, on the other hand, can put out small buds that separate and grow further , as we saw in Activity 7.1. 7.2.2 Fragmentation Multiple fission in Plasmodium Activity 7.4Activity 7.4Activity 7.4Activity 7.4Activity 7.4 /square6Collect water from a lake or pond that appears dark green and contains filamentous structures. /square6Put one or two filaments on a slide. /square6Put a drop of glycerine on these filaments and cover it with a coverslip. /square6Observe the slide under a microscope. /squar\n\ninto separate individuals. For example, simple animals like Hydra and Planaria can be cut into any number of pieces and each piece grows into a complete organism. This is known as regeneration (see Fig. 7.3). Regeneration is carried out by specialised cells. These cells proliferate and make large numbers of cells. From this mass of cells, different cells undergo changes to become various cell types and tissues. These changes 2024-25 How do Organisms Reproduce? 117 sequence referred to as development. However , regeneration is not the same as reproduction, since most organisms would not normally depend on being cut up to be able to reproduce. 7.2.4 Budding Organisms such as Hydra use regenerative cells for reproduction in the process of b']","['Algae breaks into fragments, each forming a new plant.']",1.0,0.9798845427390349
Why are seeds important?,"Seeds are important because farmers prefer to use good quality, clean, and healthy seeds of a good variety that give a high yield for crop production.
","['ntribution of male and female parents ensured in the progeny? 2024-25\n\needs [Fig. 1.2 (a), (b)]. Traditional tool : The tool used traditionally for sowing seeds is shaped like a funnel [Fig. 1.2 (a)]. The seeds are filled into the funnel, passed down through two or three pipes having sharp ends. These ends pierce into the soil and place seeds there.Cultivator : Nowadays ploughing is done by tractor -driven cultivator . The use of cultivator saves labour and time. [Fig. 1.1 (c)]. 1.4 Sowing Sowing is an important part of crop production. Before sowing, good quality, clean and healthy seeds of a good variety —are selected. Farmers prefer to use seeds which give high yield. Selection of Seedsgrip beam bent plate rodhandle One day I saw my mother put some gram seeds in a vessel and pour some water on them. After a\n\nHow do Organisms Reproduce ?7 CHAPTER Before we discuss the mechanisms by which organisms reproduce, let us ask a more basic question – why do organisms reproduce? After all, reproduction is not necessary to maintain the life of an individual organism, unlike the essential life processes such as nutrition, respiration, or excretion. On the other hand, if an individual organism is going to create more individuals, a lot of its energy will be spent in the process. So why should an individual organism waste energy on a process it does not need to stay alive? It would be interesting to discuss the possible answers in the classroom! Whatever the answer to this question, it is obvious that we notice organisms because they reproduce. If there were']","['ntribution of male and female parents ensured in the progeny? 2024-25\n\needs [Fig. 1.2 (a), (b)]. Traditional tool : The tool used traditionally for sowing seeds is shaped like a funnel [Fig. 1.2 (a)]. The seeds are filled into the funnel, passed down through two or three pipes having sharp ends. These ends pierce into the soil and place seeds there.Cultivator : Nowadays ploughing is done by tractor -driven cultivator . The use of cultivator saves labour and time. [Fig. 1.1 (c)]. 1.4 Sowing Sowing is an important part of crop production. Before sowing, good quality, clean and healthy seeds of a good variety —are selected. Farmers prefer to use seeds which give high yield. Selection of Seedsgrip beam bent plate rodhandle One day I saw my mother put some gram seeds in a vessel and pour some water on them. After a\n\nHow do Organisms Reproduce ?7 CHAPTER Before we discuss the mechanisms by which organisms reproduce, let us ask a more basic question – why do organisms reproduce? After all, reproduction is not necessary to maintain the life of an individual organism, unlike the essential life processes such as nutrition, respiration, or excretion. On the other hand, if an individual organism is going to create more individuals, a lot of its energy will be spent in the process. So why should an individual organism waste energy on a process it does not need to stay alive? It would be interesting to discuss the possible answers in the classroom! Whatever the answer to this question, it is obvious that we notice organisms because they reproduce. If there were']","['Enable plants to spread, survive harsh conditions, and maintain species diversity.']",,
What is speed?,"Speed is the distance travelled by an object in unit time.
","['ly and then rapidly. 2024-25\n\nmove can be dif ferent. Also, dif ferent objects can move at the same rate. One of the ways of measuring the rate of motion of an object is to find out the distance travelled by the object in unit time. This quantity is r eferred to as speed. The SI unit of speed is metr e per second. This is r epresented by the symbol m s–1 or m/s. The other units of speed include centimetr e per second (cm s–1) and kilometr e per hour (km h–1). To specify the speed of an object, we r equir e only its magnitude. The speed of an object need not be constant. In most cases, objects will be in non-unifor m motion. Ther efore, we describe the rate of motion of such objects in ter ms of their average speed. The average speed of an object is obtained by dividing\n\nt the motion of some objects is slow while that of some others is fast. Reprint 2024-25 MOTION AND TIME 93move. The distance covered by you after 5 minutes would be much smaller thanthat covered by the bus. Would you say that the bus is moving faster than the bicycle? We often say that the faster vehicle has a higher speed. In a 100-metre raceit is easy to decide whose speedis the highest. One who takesshortest time to cover the distance of 100 metres has the highest speed. 9.2 S PEED You are probably familiar withthe word speed. In theexamples given above, a higher speed seems to indicate that a given distance has beencovered in a shorter time, or a larger distance covered in a given time. The most convenient way to find out which of the']","['ly and then rapidly. 2024-25\n\nmove can be dif ferent. Also, dif ferent objects can move at the same rate. One of the ways of measuring the rate of motion of an object is to find out the distance travelled by the object in unit time. This quantity is r eferred to as speed. The SI unit of speed is metr e per second. This is r epresented by the symbol m s–1 or m/s. The other units of speed include centimetr e per second (cm s–1) and kilometr e per hour (km h–1). To specify the speed of an object, we r equir e only its magnitude. The speed of an object need not be constant. In most cases, objects will be in non-unifor m motion. Ther efore, we describe the rate of motion of such objects in ter ms of their average speed. The average speed of an object is obtained by dividing\n\nt the motion of some objects is slow while that of some others is fast. Reprint 2024-25 MOTION AND TIME 93move. The distance covered by you after 5 minutes would be much smaller thanthat covered by the bus. Would you say that the bus is moving faster than the bicycle? We often say that the faster vehicle has a higher speed. In a 100-metre raceit is easy to decide whose speedis the highest. One who takesshortest time to cover the distance of 100 metres has the highest speed. 9.2 S PEED You are probably familiar withthe word speed. In theexamples given above, a higher speed seems to indicate that a given distance has beencovered in a shorter time, or a larger distance covered in a given time. The most convenient way to find out which of the']",['The distance traveled by an object per unit time.'],,
What does a simple pendulum demonstrate?,"A simple pendulum demonstrates periodic or oscillatory motion.
","['ition A to the other extreme position B andcomes back to A. The time taken by the pendulum to complete one oscillation is called its time period . Activity 9.2 Set up a simple pendulum as shown in Fig. 9.4 (a) with a thread or string of length nearlyone metre. Switch off any fans nearby. Let the bob of the pendulum come to rest at itsmean position. Mark the mean position of the bob on the floor below it or on the wall behind it. To measure the time period of the pendulum we will needa stopwatch. However, if astopwatch is not available, a table clock or a wristwatch can be used.A OB Reprint 2024-25 SCIENCE 96Table 9.2 Time period of a simple pendulum Length of the string = 100 cm S.No. Time taken for 20 Time period oscillations (s) (s) 1. 42\n\nhile youdisplace it. Now release the bob from its displaced position. Remember that the bob is not to be pushed when it isreleased. Note the time on the clock when the bob is at its mean position. Instead of the mean position you maynote the time when the bob is at one of its extreme positions. Measure the time the pendulum takes to complete 20oscillations. Record your observationsFig. 9.4 (b) Different positions of the bob of an oscillating simple pendulumFig. 9.4 (a) A simple pendulumto A, to B and back to O. Thependulum also completes oneoscillation when its bob moves from one extreme position A to the other extreme position B andcomes back to A. The time taken by the pendulum to complete one oscillation is called its time period . Act\n\nended from a rigid stand by athread [Fig. 9.4 (a)]. The metallic ball is called the bob of the pendulum. rest in its mean position. When the bobof the pendulum is released after taking it slightly to one side, it begins to moveto and fro [Fig. 9.4 (b)]. The to and fro motion of a simple pendulum is an example of a periodic or an oscillatorymotion. The pendulum is said to have completed one oscillation when its bob, starting from its mean position O, movesTo set the pendulum in motion, gently hold the bob and move it slightly to one side. Make sure that the string attached to the bob is taut while youdisplace it. Now release the bob from its displaced position. Remember that the bob is not to be pushed when it isreleased. Note the time on t']","['ition A to the other extreme position B andcomes back to A. The time taken by the pendulum to complete one oscillation is called its time period . Activity 9.2 Set up a simple pendulum as shown in Fig. 9.4 (a) with a thread or string of length nearlyone metre. Switch off any fans nearby. Let the bob of the pendulum come to rest at itsmean position. Mark the mean position of the bob on the floor below it or on the wall behind it. To measure the time period of the pendulum we will needa stopwatch. However, if astopwatch is not available, a table clock or a wristwatch can be used.A OB Reprint 2024-25 SCIENCE 96Table 9.2 Time period of a simple pendulum Length of the string = 100 cm S.No. Time taken for 20 Time period oscillations (s) (s) 1. 42\n\nhile youdisplace it. Now release the bob from its displaced position. Remember that the bob is not to be pushed when it isreleased. Note the time on the clock when the bob is at its mean position. Instead of the mean position you maynote the time when the bob is at one of its extreme positions. Measure the time the pendulum takes to complete 20oscillations. Record your observationsFig. 9.4 (b) Different positions of the bob of an oscillating simple pendulumFig. 9.4 (a) A simple pendulumto A, to B and back to O. Thependulum also completes oneoscillation when its bob moves from one extreme position A to the other extreme position B andcomes back to A. The time taken by the pendulum to complete one oscillation is called its time period . Act\n\nended from a rigid stand by athread [Fig. 9.4 (a)]. The metallic ball is called the bob of the pendulum. rest in its mean position. When the bobof the pendulum is released after taking it slightly to one side, it begins to moveto and fro [Fig. 9.4 (b)]. The to and fro motion of a simple pendulum is an example of a periodic or an oscillatorymotion. The pendulum is said to have completed one oscillation when its bob, starting from its mean position O, movesTo set the pendulum in motion, gently hold the bob and move it slightly to one side. Make sure that the string attached to the bob is taut while youdisplace it. Now release the bob from its displaced position. Remember that the bob is not to be pushed when it isreleased. Note the time on t']",['Periodic motion.'],1.0,
Unit of speed commonly used.,"The units of speed commonly used are metre per second (m/s), centimetre per second (cm/s), and kilometre per hour (km/h).
","['move can be dif ferent. Also, dif ferent objects can move at the same rate. One of the ways of measuring the rate of motion of an object is to find out the distance travelled by the object in unit time. This quantity is r eferred to as speed. The SI unit of speed is metr e per second. This is r epresented by the symbol m s–1 or m/s. The other units of speed include centimetr e per second (cm s–1) and kilometr e per hour (km h–1). To specify the speed of an object, we r equir e only its magnitude. The speed of an object need not be constant. In most cases, objects will be in non-unifor m motion. Ther efore, we describe the rate of motion of such objects in ter ms of their average speed. The average speed of an object is obtained by dividing\n\nhat a given distance has beencovered in a shorter time, or a larger distance covered in a given time. The most convenient way to find out which of the two ormore objects is moving fasteris to compare the distances moved by them in a unit time. Thus, if we know the distancecovered by two buses in one hour, we can tell which one is faster. We call the distancecovered by an object in a unit time as the speed of the object. When we say that a car is moving with a speed of 50kilometres per hour, it implies that it will cover a distance of direction on a road 50 kilometres in one hour. However, a car seldom moves with a constant speed for one hour. In fact, it starts movingslowly and then picks up speed. So, when we say that the car has a speed\n\n4-25 SCIENCE 96Table 9.2 Time period of a simple pendulum Length of the string = 100 cm S.No. Time taken for 20 Time period oscillations (s) (s) 1. 42 2.1 2. 3.cells. These clocks are called quartz clocks. The time measured by quartzclocks is much more accurate than that by the clocks available earlier. Units of time and speed The basic unit of time is a second. Its symbol is s. Larger units of time are minutes (min) and hours (h). Youalready know how these units are related to one another. What would be the basic unit of speed? Since the speed is distance/time, the basic unit of speed is m/s. Of course, it could also be expressed in other units such as m/min or km/h. You must remember that the symbols of all units are written insingular .']","['move can be dif ferent. Also, dif ferent objects can move at the same rate. One of the ways of measuring the rate of motion of an object is to find out the distance travelled by the object in unit time. This quantity is r eferred to as speed. The SI unit of speed is metr e per second. This is r epresented by the symbol m s–1 or m/s. The other units of speed include centimetr e per second (cm s–1) and kilometr e per hour (km h–1). To specify the speed of an object, we r equir e only its magnitude. The speed of an object need not be constant. In most cases, objects will be in non-unifor m motion. Ther efore, we describe the rate of motion of such objects in ter ms of their average speed. The average speed of an object is obtained by dividing\n\nhat a given distance has beencovered in a shorter time, or a larger distance covered in a given time. The most convenient way to find out which of the two ormore objects is moving fasteris to compare the distances moved by them in a unit time. Thus, if we know the distancecovered by two buses in one hour, we can tell which one is faster. We call the distancecovered by an object in a unit time as the speed of the object. When we say that a car is moving with a speed of 50kilometres per hour, it implies that it will cover a distance of direction on a road 50 kilometres in one hour. However, a car seldom moves with a constant speed for one hour. In fact, it starts movingslowly and then picks up speed. So, when we say that the car has a speed\n\n4-25 SCIENCE 96Table 9.2 Time period of a simple pendulum Length of the string = 100 cm S.No. Time taken for 20 Time period oscillations (s) (s) 1. 42 2.1 2. 3.cells. These clocks are called quartz clocks. The time measured by quartzclocks is much more accurate than that by the clocks available earlier. Units of time and speed The basic unit of time is a second. Its symbol is s. Larger units of time are minutes (min) and hours (h). Youalready know how these units are related to one another. What would be the basic unit of speed? Since the speed is distance/time, the basic unit of speed is m/s. Of course, it could also be expressed in other units such as m/min or km/h. You must remember that the symbols of all units are written insingular .']",['Kilometers per hour or meters per second.'],1.0,
Formula for calculating speed.,"Speed is calculated by dividing the total distance travelled by the time taken.
","['move can be dif ferent. Also, dif ferent objects can move at the same rate. One of the ways of measuring the rate of motion of an object is to find out the distance travelled by the object in unit time. This quantity is r eferred to as speed. The SI unit of speed is metr e per second. This is r epresented by the symbol m s–1 or m/s. The other units of speed include centimetr e per second (cm s–1) and kilometr e per hour (km h–1). To specify the speed of an object, we r equir e only its magnitude. The speed of an object need not be constant. In most cases, objects will be in non-unifor m motion. Ther efore, we describe the rate of motion of such objects in ter ms of their average speed. The average speed of an object is obtained by dividing\n\nly and then rapidly. 2024-25\n\nhat a given distance has beencovered in a shorter time, or a larger distance covered in a given time. The most convenient way to find out which of the two ormore objects is moving fasteris to compare the distances moved by them in a unit time. Thus, if we know the distancecovered by two buses in one hour, we can tell which one is faster. We call the distancecovered by an object in a unit time as the speed of the object. When we say that a car is moving with a speed of 50kilometres per hour, it implies that it will cover a distance of direction on a road 50 kilometres in one hour. However, a car seldom moves with a constant speed for one hour. In fact, it starts movingslowly and then picks up speed. So, when we say that the car has a speed']","['move can be dif ferent. Also, dif ferent objects can move at the same rate. One of the ways of measuring the rate of motion of an object is to find out the distance travelled by the object in unit time. This quantity is r eferred to as speed. The SI unit of speed is metr e per second. This is r epresented by the symbol m s–1 or m/s. The other units of speed include centimetr e per second (cm s–1) and kilometr e per hour (km h–1). To specify the speed of an object, we r equir e only its magnitude. The speed of an object need not be constant. In most cases, objects will be in non-unifor m motion. Ther efore, we describe the rate of motion of such objects in ter ms of their average speed. The average speed of an object is obtained by dividing\n\nly and then rapidly. 2024-25\n\nhat a given distance has beencovered in a shorter time, or a larger distance covered in a given time. The most convenient way to find out which of the two ormore objects is moving fasteris to compare the distances moved by them in a unit time. Thus, if we know the distancecovered by two buses in one hour, we can tell which one is faster. We call the distancecovered by an object in a unit time as the speed of the object. When we say that a car is moving with a speed of 50kilometres per hour, it implies that it will cover a distance of direction on a road 50 kilometres in one hour. However, a car seldom moves with a constant speed for one hour. In fact, it starts movingslowly and then picks up speed. So, when we say that the car has a speed']",['Speed = Total distance ÷ Total time.'],1.0,
Define uniform motion.,"Uniform motion is when an object moves along a straight line with a constant speed.
","['rbit around the earth, a cyclist on a circular track at constant speed and so on. What you have learnt • Motion is a change of position', 'it can be described in terms of the distance moved or the displacement. • The motion of an object could be uniform or non-uniform depending on whether its velocity is constant or changing. • The speed of an object is the distance covered per unit time, and velocity is the displacement per unit time. • The acceleration of an object is the change in velocity per unit time. • Uniform and non-uniform motions of objects can be shown through graphs. • The motion of an object moving at uniform acceleration can be described with the help of the following equations, namely v = u + at s = ut + ½ at2 2as = v2 – u2Fig\n\nntervals of time which are much shorter than aday. Clocks or watches are perhaps the most common time measuring devices.Have you ever wondered how clocks and watches measure time? The working of clocks is rather complex. But all of them make use ofsome periodic motion. One of the most well-known periodic motions is that ofa simple pendulum. In everyday life we seldom find objects moving with a constant speed over long distances or for long durations of time.If the speed of an object moving along a straight line keeps changing, its motion is said to be non-uniform. On the other hand, an object moving along a straight line with a constant speed is said to be in uniform motion . In this case, the average speed is the same as the actual speed.\n\nof velocity and negative when it is opposite to the direction of velocity . The SI unit of acceleration is m s–2 . If an object travels in a straight line and its velocity increases or decreases by equal amounts in equal intervals of time, then the acceleration of the object is said to be uniform. The motion of a fre ely falling body is an example of uniformly accelerated motion. On the other hand, an object can travel with non-uniform acceleration if its velocity changes at a non-uniform rate. F or example, if a car travelling along a straight road increases its spe ed by unequal amounts in equal intervals of time, then the car is said to be moving with non-uniform acceleration. Activity ActivityActivity ActivityActivity 7.8 7.87.8 7.87.8']","['rbit around the earth, a cyclist on a circular track at constant speed and so on. What you have learnt • Motion is a change of position', 'it can be described in terms of the distance moved or the displacement. • The motion of an object could be uniform or non-uniform depending on whether its velocity is constant or changing. • The speed of an object is the distance covered per unit time, and velocity is the displacement per unit time. • The acceleration of an object is the change in velocity per unit time. • Uniform and non-uniform motions of objects can be shown through graphs. • The motion of an object moving at uniform acceleration can be described with the help of the following equations, namely v = u + at s = ut + ½ at2 2as = v2 – u2Fig\n\nntervals of time which are much shorter than aday. Clocks or watches are perhaps the most common time measuring devices.Have you ever wondered how clocks and watches measure time? The working of clocks is rather complex. But all of them make use ofsome periodic motion. One of the most well-known periodic motions is that ofa simple pendulum. In everyday life we seldom find objects moving with a constant speed over long distances or for long durations of time.If the speed of an object moving along a straight line keeps changing, its motion is said to be non-uniform. On the other hand, an object moving along a straight line with a constant speed is said to be in uniform motion . In this case, the average speed is the same as the actual speed.\n\nof velocity and negative when it is opposite to the direction of velocity . The SI unit of acceleration is m s–2 . If an object travels in a straight line and its velocity increases or decreases by equal amounts in equal intervals of time, then the acceleration of the object is said to be uniform. The motion of a fre ely falling body is an example of uniformly accelerated motion. On the other hand, an object can travel with non-uniform acceleration if its velocity changes at a non-uniform rate. F or example, if a car travelling along a straight road increases its spe ed by unequal amounts in equal intervals of time, then the car is said to be moving with non-uniform acceleration. Activity ActivityActivity ActivityActivity 7.8 7.87.8 7.87.8']",['Movement at a constant speed.'],1.0,0.892123909594695
Explain non-uniform motion.,"Non-uniform motion is when an object's speed changes or it doesn't cover equal distances in equal intervals of time.
","['equal intervals of time, then the car is said to be moving with non-uniform acceleration. Activity ActivityActivity ActivityActivity 7.8 7.87.8 7.87.8 •In your everyday life you come across a range of motions in which (a)acceleration is in the direction of motion, (b)acceleration is against the direction of motion, (c)acceleration is uniform, (d)acceleration is non-uniform. •Can you identify one example each for the above type of motion? Exampl ExamplExampl ExamplExampl e ee ee 7.4 Starting from a stationary position, Rahul paddles his bicycle toattain a velocity of 6 m s–1 in 30 s. Then he applies brakes such that the velocity of the bicycle comes down to 4 m s-1 in the next 5 s. Calculate the acceleration of the bicycle in both the cases.\n\nrbit around the earth, a cyclist on a circular track at constant speed and so on. What you have learnt • Motion is a change of position', 'it can be described in terms of the distance moved or the displacement. • The motion of an object could be uniform or non-uniform depending on whether its velocity is constant or changing. • The speed of an object is the distance covered per unit time, and velocity is the displacement per unit time. • The acceleration of an object is the change in velocity per unit time. • Uniform and non-uniform motions of objects can be shown through graphs. • The motion of an object moving at uniform acceleration can be described with the help of the following equations, namely v = u + at s = ut + ½ at2 2as = v2 – u2Fig\n\nntervals of time which are much shorter than aday. Clocks or watches are perhaps the most common time measuring devices.Have you ever wondered how clocks and watches measure time? The working of clocks is rather complex. But all of them make use ofsome periodic motion. One of the most well-known periodic motions is that ofa simple pendulum. In everyday life we seldom find objects moving with a constant speed over long distances or for long durations of time.If the speed of an object moving along a straight line keeps changing, its motion is said to be non-uniform. On the other hand, an object moving along a straight line with a constant speed is said to be in uniform motion . In this case, the average speed is the same as the actual speed.']","['equal intervals of time, then the car is said to be moving with non-uniform acceleration. Activity ActivityActivity ActivityActivity 7.8 7.87.8 7.87.8 •In your everyday life you come across a range of motions in which (a)acceleration is in the direction of motion, (b)acceleration is against the direction of motion, (c)acceleration is uniform, (d)acceleration is non-uniform. •Can you identify one example each for the above type of motion? Exampl ExamplExampl ExamplExampl e ee ee 7.4 Starting from a stationary position, Rahul paddles his bicycle toattain a velocity of 6 m s–1 in 30 s. Then he applies brakes such that the velocity of the bicycle comes down to 4 m s-1 in the next 5 s. Calculate the acceleration of the bicycle in both the cases.\n\nrbit around the earth, a cyclist on a circular track at constant speed and so on. What you have learnt • Motion is a change of position', 'it can be described in terms of the distance moved or the displacement. • The motion of an object could be uniform or non-uniform depending on whether its velocity is constant or changing. • The speed of an object is the distance covered per unit time, and velocity is the displacement per unit time. • The acceleration of an object is the change in velocity per unit time. • Uniform and non-uniform motions of objects can be shown through graphs. • The motion of an object moving at uniform acceleration can be described with the help of the following equations, namely v = u + at s = ut + ½ at2 2as = v2 – u2Fig\n\nntervals of time which are much shorter than aday. Clocks or watches are perhaps the most common time measuring devices.Have you ever wondered how clocks and watches measure time? The working of clocks is rather complex. But all of them make use ofsome periodic motion. One of the most well-known periodic motions is that ofa simple pendulum. In everyday life we seldom find objects moving with a constant speed over long distances or for long durations of time.If the speed of an object moving along a straight line keeps changing, its motion is said to be non-uniform. On the other hand, an object moving along a straight line with a constant speed is said to be in uniform motion . In this case, the average speed is the same as the actual speed.']",['Movement with changing speed.'],1.0,0.9431552303607896
How did ancient civilizations measure time?,"Ancient civilizations measured time by observing repeating natural events like the rising of the sun, phases of the moon, and the Earth's revolution around the sun.
","['you decide what time of the day it is? Have you ever wondered how our elderscould tell the approximate time of the day by just looking at shadows? How do we measure time interval of a month? A year? Our ancestors noticed that many events in nature repeat themselves after definite intervals of time. For example,they found that the sun rises everydayin the morning. The time between onesunrise and the next was called a day. Similarly, a month was measured from one new moon to the next. A year wasfixed as the time taken by the earth to complete one revolution of the sun. Often we need to measure intervals of time which are much shorter than aday. Clocks or watches are perhaps the most common time measuring devices.Have you ever wondered how clo\n\nthe other. He was surprised to find that his pulse beat the same number of times during the interval in which the lampcompleted one oscillation. Galileo experimented with various pendulums to verify his observation. He found that a pendulum of a given length takes always the same time to complete one oscillation. This observation led to thedevelopment of pendulum clocks. Winding clocks and wristwatches were refinements of the pendulum clocks. Reprint 2024-25 MOTION AND TIME 97Different units of time are used depending on the need. For example, it is convenient to express your age in years rather than in days or hours. Similarly, it will not be wise to expressin years the time taken by you to cover the distance between your home and your s\n\nar seldom moves with a constant speed for one hour. In fact, it starts movingslowly and then picks up speed. So, when we say that the car has a speed of 50 kilometres per hour, we usuallyconsider only the total distance covered by it in one hour. We do not bother whether the car has been moving with Reprint 2024-25 SCIENCE 94We can determine the speed of a given object once we can measure the time taken by it to cover a certain distance. In Class VI you learnt how to measuredistances. But, how do we measure time? Let us find out. 9.3 M EASUREMENT OF TIME If you did not have a clock, how wouldyou decide what time of the day it is? Have you ever wondered how our elderscould tell the approximate time of the day by just looking at shadows? How']","['you decide what time of the day it is? Have you ever wondered how our elderscould tell the approximate time of the day by just looking at shadows? How do we measure time interval of a month? A year? Our ancestors noticed that many events in nature repeat themselves after definite intervals of time. For example,they found that the sun rises everydayin the morning. The time between onesunrise and the next was called a day. Similarly, a month was measured from one new moon to the next. A year wasfixed as the time taken by the earth to complete one revolution of the sun. Often we need to measure intervals of time which are much shorter than aday. Clocks or watches are perhaps the most common time measuring devices.Have you ever wondered how clo\n\nthe other. He was surprised to find that his pulse beat the same number of times during the interval in which the lampcompleted one oscillation. Galileo experimented with various pendulums to verify his observation. He found that a pendulum of a given length takes always the same time to complete one oscillation. This observation led to thedevelopment of pendulum clocks. Winding clocks and wristwatches were refinements of the pendulum clocks. Reprint 2024-25 MOTION AND TIME 97Different units of time are used depending on the need. For example, it is convenient to express your age in years rather than in days or hours. Similarly, it will not be wise to expressin years the time taken by you to cover the distance between your home and your s\n\nar seldom moves with a constant speed for one hour. In fact, it starts movingslowly and then picks up speed. So, when we say that the car has a speed of 50 kilometres per hour, we usuallyconsider only the total distance covered by it in one hour. We do not bother whether the car has been moving with Reprint 2024-25 SCIENCE 94We can determine the speed of a given object once we can measure the time taken by it to cover a certain distance. In Class VI you learnt how to measuredistances. But, how do we measure time? Let us find out. 9.3 M EASUREMENT OF TIME If you did not have a clock, how wouldyou decide what time of the day it is? Have you ever wondered how our elderscould tell the approximate time of the day by just looking at shadows? How']",['By observing repetitive natural events like sunrise or lunar phases.'],1.0,1.0000000000000002
What is a periodic motion?,"A periodic motion is a type of motion that repeats itself after a regular interval of time, like that of a simple pendulum.
","['ntervals of time which are much shorter than aday. Clocks or watches are perhaps the most common time measuring devices.Have you ever wondered how clocks and watches measure time? The working of clocks is rather complex. But all of them make use ofsome periodic motion. One of the most well-known periodic motions is that ofa simple pendulum. In everyday life we seldom find objects moving with a constant speed over long distances or for long durations of time.If the speed of an object moving along a straight line keeps changing, its motion is said to be non-uniform. On the other hand, an object moving along a straight line with a constant speed is said to be in uniform motion . In this case, the average speed is the same as the actual speed.\n\nMotion and Time9 In Class VI, you learnt about different types of motions. You learnt that a motion could be along a straight line, it could be circular or periodic. Can you recall these three types of motions? Table 9.1 gives some common examples of motions. Identify the typeof motion in each case.9.1 S LOW OR FAST We know that some vehicles move fasterthan others. Even the same vehicle maymove faster or slower at different times. Make a list of ten objects moving along a straight path. Group the motion ofthese objects as slow and fast. How did you decide which object is moving slow and which one is moving fast? If vehicles are moving on a road in the same direction, we can easily tellwhich one of them is moving faster thanthe other. Let u\n\notion of the earth? If it is true, why don’t we dir ectly perceive the motion of the earth? An object may appear to be moving for one person and stationary for some other . For the passengers in a moving bus, the r oadside trees appear to be moving backwar ds. A person standing on the r oad–side per ceives the bus alongwith the passengers as moving. However , a passenger inside the bus sees his fellow passengers to be at r est. What do these observations indicate? Most motions ar e complex. Some objects may move in a straight line, others may take a circular path. Some may r otate and a few others may vibrate. Ther e may be situations involving a combination of these. In this chapter , we shall first lear n to describe the motion of objects']","['ntervals of time which are much shorter than aday. Clocks or watches are perhaps the most common time measuring devices.Have you ever wondered how clocks and watches measure time? The working of clocks is rather complex. But all of them make use ofsome periodic motion. One of the most well-known periodic motions is that ofa simple pendulum. In everyday life we seldom find objects moving with a constant speed over long distances or for long durations of time.If the speed of an object moving along a straight line keeps changing, its motion is said to be non-uniform. On the other hand, an object moving along a straight line with a constant speed is said to be in uniform motion . In this case, the average speed is the same as the actual speed.\n\nMotion and Time9 In Class VI, you learnt about different types of motions. You learnt that a motion could be along a straight line, it could be circular or periodic. Can you recall these three types of motions? Table 9.1 gives some common examples of motions. Identify the typeof motion in each case.9.1 S LOW OR FAST We know that some vehicles move fasterthan others. Even the same vehicle maymove faster or slower at different times. Make a list of ten objects moving along a straight path. Group the motion ofthese objects as slow and fast. How did you decide which object is moving slow and which one is moving fast? If vehicles are moving on a road in the same direction, we can easily tellwhich one of them is moving faster thanthe other. Let u\n\notion of the earth? If it is true, why don’t we dir ectly perceive the motion of the earth? An object may appear to be moving for one person and stationary for some other . For the passengers in a moving bus, the r oadside trees appear to be moving backwar ds. A person standing on the r oad–side per ceives the bus alongwith the passengers as moving. However , a passenger inside the bus sees his fellow passengers to be at r est. What do these observations indicate? Most motions ar e complex. Some objects may move in a straight line, others may take a circular path. Some may r otate and a few others may vibrate. Ther e may be situations involving a combination of these. In this chapter , we shall first lear n to describe the motion of objects']",['Motion repeating at regular intervals.'],1.0,1.0000000000000004
Purpose of quartz clocks?,"Quartz clocks measure time much more accurately than earlier clocks.
","['you decide what time of the day it is? Have you ever wondered how our elderscould tell the approximate time of the day by just looking at shadows? How do we measure time interval of a month? A year? Our ancestors noticed that many events in nature repeat themselves after definite intervals of time. For example,they found that the sun rises everydayin the morning. The time between onesunrise and the next was called a day. Similarly, a month was measured from one new moon to the next. A year wasfixed as the time taken by the earth to complete one revolution of the sun. Often we need to measure intervals of time which are much shorter than aday. Clocks or watches are perhaps the most common time measuring devices.Have you ever wondered how clo\n\n4-25 SCIENCE 96Table 9.2 Time period of a simple pendulum Length of the string = 100 cm S.No. Time taken for 20 Time period oscillations (s) (s) 1. 42 2.1 2. 3.cells. These clocks are called quartz clocks. The time measured by quartzclocks is much more accurate than that by the clocks available earlier. Units of time and speed The basic unit of time is a second. Its symbol is s. Larger units of time are minutes (min) and hours (h). Youalready know how these units are related to one another. What would be the basic unit of speed? Since the speed is distance/time, the basic unit of speed is m/s. Of course, it could also be expressed in other units such as m/min or km/h. You must remember that the symbols of all units are written insingular .\n\nntervals of time which are much shorter than aday. Clocks or watches are perhaps the most common time measuring devices.Have you ever wondered how clocks and watches measure time? The working of clocks is rather complex. But all of them make use ofsome periodic motion. One of the most well-known periodic motions is that ofa simple pendulum. In everyday life we seldom find objects moving with a constant speed over long distances or for long durations of time.If the speed of an object moving along a straight line keeps changing, its motion is said to be non-uniform. On the other hand, an object moving along a straight line with a constant speed is said to be in uniform motion . In this case, the average speed is the same as the actual speed.']","['you decide what time of the day it is? Have you ever wondered how our elderscould tell the approximate time of the day by just looking at shadows? How do we measure time interval of a month? A year? Our ancestors noticed that many events in nature repeat themselves after definite intervals of time. For example,they found that the sun rises everydayin the morning. The time between onesunrise and the next was called a day. Similarly, a month was measured from one new moon to the next. A year wasfixed as the time taken by the earth to complete one revolution of the sun. Often we need to measure intervals of time which are much shorter than aday. Clocks or watches are perhaps the most common time measuring devices.Have you ever wondered how clo\n\n4-25 SCIENCE 96Table 9.2 Time period of a simple pendulum Length of the string = 100 cm S.No. Time taken for 20 Time period oscillations (s) (s) 1. 42 2.1 2. 3.cells. These clocks are called quartz clocks. The time measured by quartzclocks is much more accurate than that by the clocks available earlier. Units of time and speed The basic unit of time is a second. Its symbol is s. Larger units of time are minutes (min) and hours (h). Youalready know how these units are related to one another. What would be the basic unit of speed? Since the speed is distance/time, the basic unit of speed is m/s. Of course, it could also be expressed in other units such as m/min or km/h. You must remember that the symbols of all units are written insingular .\n\nntervals of time which are much shorter than aday. Clocks or watches are perhaps the most common time measuring devices.Have you ever wondered how clocks and watches measure time? The working of clocks is rather complex. But all of them make use ofsome periodic motion. One of the most well-known periodic motions is that ofa simple pendulum. In everyday life we seldom find objects moving with a constant speed over long distances or for long durations of time.If the speed of an object moving along a straight line keeps changing, its motion is said to be non-uniform. On the other hand, an object moving along a straight line with a constant speed is said to be in uniform motion . In this case, the average speed is the same as the actual speed.']",['Accurate time measurement using vibrations in quartz crystals.'],1.0,
What is a pendulum's time period?,"The time taken by the pendulum to complete one oscillation is called its time period.
","['ition A to the other extreme position B andcomes back to A. The time taken by the pendulum to complete one oscillation is called its time period . Activity 9.2 Set up a simple pendulum as shown in Fig. 9.4 (a) with a thread or string of length nearlyone metre. Switch off any fans nearby. Let the bob of the pendulum come to rest at itsmean position. Mark the mean position of the bob on the floor below it or on the wall behind it. To measure the time period of the pendulum we will needa stopwatch. However, if astopwatch is not available, a table clock or a wristwatch can be used.A OB Reprint 2024-25 SCIENCE 96Table 9.2 Time period of a simple pendulum Length of the string = 100 cm S.No. Time taken for 20 Time period oscillations (s) (s) 1. 42\n\nhile youdisplace it. Now release the bob from its displaced position. Remember that the bob is not to be pushed when it isreleased. Note the time on the clock when the bob is at its mean position. Instead of the mean position you maynote the time when the bob is at one of its extreme positions. Measure the time the pendulum takes to complete 20oscillations. Record your observationsFig. 9.4 (b) Different positions of the bob of an oscillating simple pendulumFig. 9.4 (a) A simple pendulumto A, to B and back to O. Thependulum also completes oneoscillation when its bob moves from one extreme position A to the other extreme position B andcomes back to A. The time taken by the pendulum to complete one oscillation is called its time period . Act\n\nthe other. He was surprised to find that his pulse beat the same number of times during the interval in which the lampcompleted one oscillation. Galileo experimented with various pendulums to verify his observation. He found that a pendulum of a given length takes always the same time to complete one oscillation. This observation led to thedevelopment of pendulum clocks. Winding clocks and wristwatches were refinements of the pendulum clocks. Reprint 2024-25 MOTION AND TIME 97Different units of time are used depending on the need. For example, it is convenient to express your age in years rather than in days or hours. Similarly, it will not be wise to expressin years the time taken by you to cover the distance between your home and your s']","['ition A to the other extreme position B andcomes back to A. The time taken by the pendulum to complete one oscillation is called its time period . Activity 9.2 Set up a simple pendulum as shown in Fig. 9.4 (a) with a thread or string of length nearlyone metre. Switch off any fans nearby. Let the bob of the pendulum come to rest at itsmean position. Mark the mean position of the bob on the floor below it or on the wall behind it. To measure the time period of the pendulum we will needa stopwatch. However, if astopwatch is not available, a table clock or a wristwatch can be used.A OB Reprint 2024-25 SCIENCE 96Table 9.2 Time period of a simple pendulum Length of the string = 100 cm S.No. Time taken for 20 Time period oscillations (s) (s) 1. 42\n\nhile youdisplace it. Now release the bob from its displaced position. Remember that the bob is not to be pushed when it isreleased. Note the time on the clock when the bob is at its mean position. Instead of the mean position you maynote the time when the bob is at one of its extreme positions. Measure the time the pendulum takes to complete 20oscillations. Record your observationsFig. 9.4 (b) Different positions of the bob of an oscillating simple pendulumFig. 9.4 (a) A simple pendulumto A, to B and back to O. Thependulum also completes oneoscillation when its bob moves from one extreme position A to the other extreme position B andcomes back to A. The time taken by the pendulum to complete one oscillation is called its time period . Act\n\nthe other. He was surprised to find that his pulse beat the same number of times during the interval in which the lampcompleted one oscillation. Galileo experimented with various pendulums to verify his observation. He found that a pendulum of a given length takes always the same time to complete one oscillation. This observation led to thedevelopment of pendulum clocks. Winding clocks and wristwatches were refinements of the pendulum clocks. Reprint 2024-25 MOTION AND TIME 97Different units of time are used depending on the need. For example, it is convenient to express your age in years rather than in days or hours. Similarly, it will not be wise to expressin years the time taken by you to cover the distance between your home and your s']",['Time taken for one complete oscillation.'],1.0,
What is electric current?,"Electric current is the flow of electric charge through a conductor.
","['Electricity11 CHAPTER Electricity has an important place in modern society. It is a controllable and convenient form of energy for a variety of uses in homes, schools, hospitals, industries and so on. What constitutes electricity? How does it flow in an electric circuit? What are the factors that control or regulate the curr ent thr ough an electric cir cuit? In this Chapter , we shall attempt to answer such questions. W e shall also discuss the heating ef fect of electric current and its applications. 11.1 ELECTRIC CURRENT AND CIRCUIT11.1 ELECTRIC CURRENT AND CIRCUIT11.1 ELECTRIC CURRENT AND CIRCUIT11.1 ELECTRIC CURRENT AND CIRCUIT11.1 ELECTRIC CURRENT AND CIRCUIT We are familiar with air curr ent and water curr ent. W e know that flowing\n\nelectricity transmission? 2024-25\n\nCIRCUIT11.1 ELECTRIC CURRENT AND CIRCUIT11.1 ELECTRIC CURRENT AND CIRCUIT We are familiar with air curr ent and water curr ent. W e know that flowing water constitute water current in rivers. Similarly, if the electric charge flows through a conductor (for example, through a metallic wire), we say that ther e is an electric curr ent in the conductor . In a tor ch, we know that the cells (or a battery, when placed in proper order) provide flow of char ges or an electric curr ent thr ough the tor ch bulb to glow. W e have also seen that the torch gives light only when its switch is on. What does a switch do? A switch makes a conducting link between the cell and the bulb. A continuous and closed path of an electric current is called an electri']","['Electricity11 CHAPTER Electricity has an important place in modern society. It is a controllable and convenient form of energy for a variety of uses in homes, schools, hospitals, industries and so on. What constitutes electricity? How does it flow in an electric circuit? What are the factors that control or regulate the curr ent thr ough an electric cir cuit? In this Chapter , we shall attempt to answer such questions. W e shall also discuss the heating ef fect of electric current and its applications. 11.1 ELECTRIC CURRENT AND CIRCUIT11.1 ELECTRIC CURRENT AND CIRCUIT11.1 ELECTRIC CURRENT AND CIRCUIT11.1 ELECTRIC CURRENT AND CIRCUIT11.1 ELECTRIC CURRENT AND CIRCUIT We are familiar with air curr ent and water curr ent. W e know that flowing\n\nelectricity transmission? 2024-25\n\nCIRCUIT11.1 ELECTRIC CURRENT AND CIRCUIT11.1 ELECTRIC CURRENT AND CIRCUIT We are familiar with air curr ent and water curr ent. W e know that flowing water constitute water current in rivers. Similarly, if the electric charge flows through a conductor (for example, through a metallic wire), we say that ther e is an electric curr ent in the conductor . In a tor ch, we know that the cells (or a battery, when placed in proper order) provide flow of char ges or an electric curr ent thr ough the tor ch bulb to glow. W e have also seen that the torch gives light only when its switch is on. What does a switch do? A switch makes a conducting link between the cell and the bulb. A continuous and closed path of an electric current is called an electri']",['Flow of electric charge through a conductor.'],1.0,0.9999999999999997
Device measuring electric current?,"An ammeter is used to measure electric current.
","['Electricity11 CHAPTER Electricity has an important place in modern society. It is a controllable and convenient form of energy for a variety of uses in homes, schools, hospitals, industries and so on. What constitutes electricity? How does it flow in an electric circuit? What are the factors that control or regulate the curr ent thr ough an electric cir cuit? In this Chapter , we shall attempt to answer such questions. W e shall also discuss the heating ef fect of electric current and its applications. 11.1 ELECTRIC CURRENT AND CIRCUIT11.1 ELECTRIC CURRENT AND CIRCUIT11.1 ELECTRIC CURRENT AND CIRCUIT11.1 ELECTRIC CURRENT AND CIRCUIT11.1 ELECTRIC CURRENT AND CIRCUIT We are familiar with air curr ent and water curr ent. W e know that flowing\n\nCHEMICAL EFFECTS OF ELECTRIC CURRENTCHEMICAL EFFECTS OF ELECTRIC CURRENT Your elders might have cautioned you against touching an electrical appliance with wet hands. But do you know why it is dangerous to touch an electrical appliance with wet hands? We have lear nt earlier that the materials, which allow electric current to pass through them, are good conductors of electricity. On the other hand, materials, which do not allow electric current to pass through them easily, are poor conductors of electricity. In Class VI, we made a tester to test whether a particular material allows the electric current to pass through it or not. Do you recall how the tester helped us in deciding that? We found that metals such as copper and aluminium\n\ne current is the same in every part of the cir cuit or the same curr ent thr ough each r esistor .Activity 11.4Activity 11.4Activity 11.4Activity 11.4Activity 11.4 /square6Join three resistors of different values in series. Connect them with a battery, an ammeter and a plug key, as shown in Fig. 11.6. You may use the r esistors of values like 1 Ω, 2 Ω, 3 Ω etc., and a battery of 6 V for performing this Activity. /square6Plug the key. Note the ammeter reading. /square6Change the position of ammeter to anywhere in between the resistors. Note the ammeter reading each time. /square6Do you find any change in the value of current through the ammeter?11.6.1 Resistors in Series What happens to the value of current when a number of resistors are con']","['Electricity11 CHAPTER Electricity has an important place in modern society. It is a controllable and convenient form of energy for a variety of uses in homes, schools, hospitals, industries and so on. What constitutes electricity? How does it flow in an electric circuit? What are the factors that control or regulate the curr ent thr ough an electric cir cuit? In this Chapter , we shall attempt to answer such questions. W e shall also discuss the heating ef fect of electric current and its applications. 11.1 ELECTRIC CURRENT AND CIRCUIT11.1 ELECTRIC CURRENT AND CIRCUIT11.1 ELECTRIC CURRENT AND CIRCUIT11.1 ELECTRIC CURRENT AND CIRCUIT11.1 ELECTRIC CURRENT AND CIRCUIT We are familiar with air curr ent and water curr ent. W e know that flowing\n\nCHEMICAL EFFECTS OF ELECTRIC CURRENTCHEMICAL EFFECTS OF ELECTRIC CURRENT Your elders might have cautioned you against touching an electrical appliance with wet hands. But do you know why it is dangerous to touch an electrical appliance with wet hands? We have lear nt earlier that the materials, which allow electric current to pass through them, are good conductors of electricity. On the other hand, materials, which do not allow electric current to pass through them easily, are poor conductors of electricity. In Class VI, we made a tester to test whether a particular material allows the electric current to pass through it or not. Do you recall how the tester helped us in deciding that? We found that metals such as copper and aluminium\n\ne current is the same in every part of the cir cuit or the same curr ent thr ough each r esistor .Activity 11.4Activity 11.4Activity 11.4Activity 11.4Activity 11.4 /square6Join three resistors of different values in series. Connect them with a battery, an ammeter and a plug key, as shown in Fig. 11.6. You may use the r esistors of values like 1 Ω, 2 Ω, 3 Ω etc., and a battery of 6 V for performing this Activity. /square6Plug the key. Note the ammeter reading. /square6Change the position of ammeter to anywhere in between the resistors. Note the ammeter reading each time. /square6Do you find any change in the value of current through the ammeter?11.6.1 Resistors in Series What happens to the value of current when a number of resistors are con']",['Ammeter.'],1.0,0.8222223575656176
What causes heating in electric circuits?,"The heating in electric circuits is caused by the conversion of useful electrical energy into heat, which is an unavoidable consequence of electric current.
","['ble consequence of electric current. In many cases, it is undesirable as it converts useful electrical energy into heat. In electric circuits, the unavoidable heating can increase the temperature of the components and alter their properties. However , heating ef fect of electric curr ent has many useful applications. The electric laundry ir on, electric toaster , electric oven, electric kettle and electric heater are some of the familiar devices based on Joule’s heating. The electric heating is also used to produce light, as in an electric bulb. Here, the filament must retain as much of the heat generated as is possible, so that it gets very hot and emits light. It must not melt at such high temperature. A strong metal with high melting poi\n\nElectricity11 CHAPTER Electricity has an important place in modern society. It is a controllable and convenient form of energy for a variety of uses in homes, schools, hospitals, industries and so on. What constitutes electricity? How does it flow in an electric circuit? What are the factors that control or regulate the curr ent thr ough an electric cir cuit? In this Chapter , we shall attempt to answer such questions. W e shall also discuss the heating ef fect of electric current and its applications. 11.1 ELECTRIC CURRENT AND CIRCUIT11.1 ELECTRIC CURRENT AND CIRCUIT11.1 ELECTRIC CURRENT AND CIRCUIT11.1 ELECTRIC CURRENT AND CIRCUIT11.1 ELECTRIC CURRENT AND CIRCUIT We are familiar with air curr ent and water curr ent. W e know that flowing\n\nis the direct touching of wires. This may happen if the insulation on the wires has comeoff due to wear and tear. This may cause a short circuit. Another reason for excessive current can be theconnection of many devices to a single socket. This may cause overload in the circuit. You might have readreports in newspapers about fires caused by short circuits and overloads.buildings fuses are inserted in all electrical circuits. There is a maximum limit on the current which can safelyflow through a circuit. If by accident the current exceeds this safe limit, the wiresan electric bulb gets heated to such a high temperature that it starts glowing. If a large current passes through a wire, the wire may become so hot that it may even melt and bre']","['ble consequence of electric current. In many cases, it is undesirable as it converts useful electrical energy into heat. In electric circuits, the unavoidable heating can increase the temperature of the components and alter their properties. However , heating ef fect of electric curr ent has many useful applications. The electric laundry ir on, electric toaster , electric oven, electric kettle and electric heater are some of the familiar devices based on Joule’s heating. The electric heating is also used to produce light, as in an electric bulb. Here, the filament must retain as much of the heat generated as is possible, so that it gets very hot and emits light. It must not melt at such high temperature. A strong metal with high melting poi\n\nElectricity11 CHAPTER Electricity has an important place in modern society. It is a controllable and convenient form of energy for a variety of uses in homes, schools, hospitals, industries and so on. What constitutes electricity? How does it flow in an electric circuit? What are the factors that control or regulate the curr ent thr ough an electric cir cuit? In this Chapter , we shall attempt to answer such questions. W e shall also discuss the heating ef fect of electric current and its applications. 11.1 ELECTRIC CURRENT AND CIRCUIT11.1 ELECTRIC CURRENT AND CIRCUIT11.1 ELECTRIC CURRENT AND CIRCUIT11.1 ELECTRIC CURRENT AND CIRCUIT11.1 ELECTRIC CURRENT AND CIRCUIT We are familiar with air curr ent and water curr ent. W e know that flowing\n\nis the direct touching of wires. This may happen if the insulation on the wires has comeoff due to wear and tear. This may cause a short circuit. Another reason for excessive current can be theconnection of many devices to a single socket. This may cause overload in the circuit. You might have readreports in newspapers about fires caused by short circuits and overloads.buildings fuses are inserted in all electrical circuits. There is a maximum limit on the current which can safelyflow through a circuit. If by accident the current exceeds this safe limit, the wiresan electric bulb gets heated to such a high temperature that it starts glowing. If a large current passes through a wire, the wire may become so hot that it may even melt and bre']",['Resistance converting electric energy into heat.'],1.0,0.9959145444654115
What is a battery?,"A battery is a combination of two or more electric cells connected together, with the positive terminal of one cell connected to the negative terminal of the next cell.
","['minal of the next cell. Such a combination of two ormore cells is called a battery. Reprint 2024-25 ELECTRIC CURRENT AND ITS EFFECTS 111 that the rubber bands hold the metal strips tightly. You could also buy cell holders from the market for making batteries of twoor more electric cells. Place the cells in them properly, such that the positiveterminal of one cell is connected to the negative terminal of the next cell.Connect a piece of wire each to the two metal clips on the cell holder as shown in Fig.10.5. Your battery is ready foruse. The symbol used for representing a battery is shown in Table.10.1. Let us now draw a circuit diagram of an electric circuit using symbols shownin Table 10.1. Activity 10.1 Make the electric circuit shown\n\nand a negative terminal? In the symbolof the electric cell, the longer line represents the positive terminal and the thicker, shorter line represents thenegative terminal. For a switch the ‘ON’ position and the ‘OFF’ position are represented by thesymbols as shown. The wires used to connect the various components in a circuit are represented by lines. In Table 10.1, a battery and its symbol are also shown. Do you knowwhat a battery is? Look at the symbol of a battery. Can you make out what a battery could be? For some of the activities we may need more than onecell. So, we connect two or more cells together as shown in Fig.10.2. Notice Reprint 2024-25 SCIENCE 110Many devices such as torches, transistors, toys, TV remote controls, use batter\n\nby a battery, consisting of one or more electric cells. The chemical action within a cell generates the potential difference across the terminals of the cell, even when no current is drawn from it. When the cell is connected to a conducting circuit element, the potential difference sets the charges in motion in the conductor and produces an electric current. In order to maintain the current in a given electric circuit, the cell has to expend its chemical energy stored in it. We define the electric potential dif ference between two points in an electric circuit carrying some current as the work done to move a unit charge from one point to the other – Potential dif fer ence ( V) between two points = Work done ( W)/Char ge (Q) V=W/Q (11.2) The']","['minal of the next cell. Such a combination of two ormore cells is called a battery. Reprint 2024-25 ELECTRIC CURRENT AND ITS EFFECTS 111 that the rubber bands hold the metal strips tightly. You could also buy cell holders from the market for making batteries of twoor more electric cells. Place the cells in them properly, such that the positiveterminal of one cell is connected to the negative terminal of the next cell.Connect a piece of wire each to the two metal clips on the cell holder as shown in Fig.10.5. Your battery is ready foruse. The symbol used for representing a battery is shown in Table.10.1. Let us now draw a circuit diagram of an electric circuit using symbols shownin Table 10.1. Activity 10.1 Make the electric circuit shown\n\nand a negative terminal? In the symbolof the electric cell, the longer line represents the positive terminal and the thicker, shorter line represents thenegative terminal. For a switch the ‘ON’ position and the ‘OFF’ position are represented by thesymbols as shown. The wires used to connect the various components in a circuit are represented by lines. In Table 10.1, a battery and its symbol are also shown. Do you knowwhat a battery is? Look at the symbol of a battery. Can you make out what a battery could be? For some of the activities we may need more than onecell. So, we connect two or more cells together as shown in Fig.10.2. Notice Reprint 2024-25 SCIENCE 110Many devices such as torches, transistors, toys, TV remote controls, use batter\n\nby a battery, consisting of one or more electric cells. The chemical action within a cell generates the potential difference across the terminals of the cell, even when no current is drawn from it. When the cell is connected to a conducting circuit element, the potential difference sets the charges in motion in the conductor and produces an electric current. In order to maintain the current in a given electric circuit, the cell has to expend its chemical energy stored in it. We define the electric potential dif ference between two points in an electric circuit carrying some current as the work done to move a unit charge from one point to the other – Potential dif fer ence ( V) between two points = Work done ( W)/Char ge (Q) V=W/Q (11.2) The']",['A set of two or more electric cells connected together.'],,1.0
What does a fused bulb mean?,"The provided text does not explain what a fused bulb means, but it does describe how a fuse works and how a bulb filament works.
","['at generated as is possible, so that it gets very hot and emits light. It must not melt at such high temperature. A strong metal with high melting point such as tungsten (melting point 3380°C) is used for making bulb filaments. The filament should be thermally isolated as much as possible, using insulating support, etc. The bulbs are usually filled with chemically inactive nitrogen and argon gases to prolong the life of filament. Most of the power consumed by the filament appears as heat, but a small part of it is in the form of light radiated. Another common application of Joule’s heating is the fuse used in electric circuits. It protects circuits and appliances by stopping the flow of any unduly high electric current. The fuse is placed\n\nis the direct touching of wires. This may happen if the insulation on the wires has comeoff due to wear and tear. This may cause a short circuit. Another reason for excessive current can be theconnection of many devices to a single socket. This may cause overload in the circuit. You might have readreports in newspapers about fires caused by short circuits and overloads.buildings fuses are inserted in all electrical circuits. There is a maximum limit on the current which can safelyflow through a circuit. If by accident the current exceeds this safe limit, the wiresan electric bulb gets heated to such a high temperature that it starts glowing. If a large current passes through a wire, the wire may become so hot that it may even melt and bre\n\nthe fuse used in electric circuits. It protects circuits and appliances by stopping the flow of any unduly high electric current. The fuse is placed in series with the device. It consists of a piece of wire made of a metal or an alloy of appropriate melting point, for example aluminium, copper , iron, lead etc. If a current larger than the specified value flows through the circuit, the temperature of the fuse wire increases. This melts the fuse wire and breaks the circuit. The fuse wire is usually encased in a cartridge of porcelain or similar material with metal ends. The fuses used for domestic purposes are rated as 1 A, 2 A, 3 A, 5 A, 10 A, etc. For an electric iron which consumes 1 kW electric power when operated at 220 V, a current of']","['at generated as is possible, so that it gets very hot and emits light. It must not melt at such high temperature. A strong metal with high melting point such as tungsten (melting point 3380°C) is used for making bulb filaments. The filament should be thermally isolated as much as possible, using insulating support, etc. The bulbs are usually filled with chemically inactive nitrogen and argon gases to prolong the life of filament. Most of the power consumed by the filament appears as heat, but a small part of it is in the form of light radiated. Another common application of Joule’s heating is the fuse used in electric circuits. It protects circuits and appliances by stopping the flow of any unduly high electric current. The fuse is placed\n\nis the direct touching of wires. This may happen if the insulation on the wires has comeoff due to wear and tear. This may cause a short circuit. Another reason for excessive current can be theconnection of many devices to a single socket. This may cause overload in the circuit. You might have readreports in newspapers about fires caused by short circuits and overloads.buildings fuses are inserted in all electrical circuits. There is a maximum limit on the current which can safelyflow through a circuit. If by accident the current exceeds this safe limit, the wiresan electric bulb gets heated to such a high temperature that it starts glowing. If a large current passes through a wire, the wire may become so hot that it may even melt and bre\n\nthe fuse used in electric circuits. It protects circuits and appliances by stopping the flow of any unduly high electric current. The fuse is placed in series with the device. It consists of a piece of wire made of a metal or an alloy of appropriate melting point, for example aluminium, copper , iron, lead etc. If a current larger than the specified value flows through the circuit, the temperature of the fuse wire increases. This melts the fuse wire and breaks the circuit. The fuse wire is usually encased in a cartridge of porcelain or similar material with metal ends. The fuses used for domestic purposes are rated as 1 A, 2 A, 3 A, 5 A, 10 A, etc. For an electric iron which consumes 1 kW electric power when operated at 220 V, a current of']","[""The bulb's filament is broken, stopping current flow.""]",1.0,
What path does light follow when traveling through air?,"Light travels in a straight line in air, though its speed is slightly less than in a vacuum.
","['ths in a transparent medium. What happens when light enters from one transparent medium to another? Does it still move along a straight-line path or change its direction? W e shall r ecall some of our day-to-day experiences. You might have observed that the bottom of a tank or a pond containing water appears to be raised. Similarly, when a thick glass slab is placed over some printed matter , the letters appear raised when viewed through the glass slab. Why does it happen? Have you seen a pencil partly immersed in water in a glass tumbler? It appears to be displaced at the inter face of air and water . You might have observed that a lemon kept in water in a glass tumbler appears to be bigger than its actual size, when viewed from the sides.\n\nt medium into another will change its direction in the second medium. The extent of the change in direction that takes place in a given pair of media may be expressed in terms of the refractive index, the “constant” appearing on the right-hand side of Eq.(9.4). The refractive index can be linked to an important physical quantity, the relative speed of propagation of light in different media. It turns out that light propagates with different speeds in different media. Light travels fastest in vacuum with speed of 3×108 m s–1. In air , the speed of light is only marginally less, compared to that in vacuum. It reduces considerably in glass or water . The value of the r efractive index for a given pair of media depends upon the speed of light\n\nmoves down. This process continues till the whole water gets heated. This mode of heat transfer is known as convection. How does the heat travel in air? In which direction does the smoke go? The air near the heat source gets hot and rises. The air from the sides comes in to take its place. In this way the air gets heated. The following activityconfirms this idea. Activity 3.9 Light a candle. Keep one hand above the flame and one hand on the side of the flame (Fig. 3.10). Do your hands feelequally hot? If not which hand feels hotter? And why?Fig. 3.10 Transfer of heat by convection in air Be careful. Keep your hands at a safedistance from the flame so that they do not get burnt. Reprint 2024-25 SCIENCE 32From the sun the heat comes t']","['ths in a transparent medium. What happens when light enters from one transparent medium to another? Does it still move along a straight-line path or change its direction? W e shall r ecall some of our day-to-day experiences. You might have observed that the bottom of a tank or a pond containing water appears to be raised. Similarly, when a thick glass slab is placed over some printed matter , the letters appear raised when viewed through the glass slab. Why does it happen? Have you seen a pencil partly immersed in water in a glass tumbler? It appears to be displaced at the inter face of air and water . You might have observed that a lemon kept in water in a glass tumbler appears to be bigger than its actual size, when viewed from the sides.\n\nt medium into another will change its direction in the second medium. The extent of the change in direction that takes place in a given pair of media may be expressed in terms of the refractive index, the “constant” appearing on the right-hand side of Eq.(9.4). The refractive index can be linked to an important physical quantity, the relative speed of propagation of light in different media. It turns out that light propagates with different speeds in different media. Light travels fastest in vacuum with speed of 3×108 m s–1. In air , the speed of light is only marginally less, compared to that in vacuum. It reduces considerably in glass or water . The value of the r efractive index for a given pair of media depends upon the speed of light\n\nmoves down. This process continues till the whole water gets heated. This mode of heat transfer is known as convection. How does the heat travel in air? In which direction does the smoke go? The air near the heat source gets hot and rises. The air from the sides comes in to take its place. In this way the air gets heated. The following activityconfirms this idea. Activity 3.9 Light a candle. Keep one hand above the flame and one hand on the side of the flame (Fig. 3.10). Do your hands feelequally hot? If not which hand feels hotter? And why?Fig. 3.10 Transfer of heat by convection in air Be careful. Keep your hands at a safedistance from the flame so that they do not get burnt. Reprint 2024-25 SCIENCE 32From the sun the heat comes t']",['Light travels along a straight line.'],1.0,
Why can't you see a candle through a bent pipe?,"Light travels along straight lines, so it cannot bend to go through a bent pipe.
","['LIGHT 123Light11 You might have seen a beam of sunlight when it enters a room through a narrow opening or a hole. You may have also seen beams of light from the headlamps of scooters, cars and engines of trains [Fig. 11.1 (a)]. Similarly, a beam of light can be seen from a torch. Some of (a) Rail engine (b) Light house tower [Fig. 11.1 (b)]. What do these experiences suggest?11.1 L IGHT TRAVELS ALONG A STRAIGHT LINE Boojho recalls an activity he performedin Class VI. In that activity he looked (a) (b) Reprint 2024-25 SCIENCE 124Fig. 11.3 Reflection of objects in water at a lighted candle first through a straight pipe and then through a bent pipe (Fig. 11.2). Why was Boojho not able to see the candleflame through a bent pipe? This activi\n\nirst through a straight pipe and then through a bent pipe (Fig. 11.2). Why was Boojho not able to see the candleflame through a bent pipe? This activity showed that light travels along straight lines. How can we change the path of light? Do you know, whathappens when light falls on apolished or a shiny surface? 11.2 R EFLECTION OF LIGHT One way to change the directionof light is to let it fall on a shiny surface. For example, a shining stainless steel plate or a shiningsteel spoon can change the direction of light. The surface of water can also act like a mirrorand change the path of light. Have you ever seen the reflection of trees or buildings in water(Fig. 11.3)?Any polished or a shiny surface can act as a mirror. What happens whenligh\n\nge formedon a screen is called a real image . Recollect that in Activity 11.2 the imageformed by a plane mirror could not beobtained on a screen. Such an image is called a virtual image . Now let us try to obtain on the screen the image of a candle flame formed by aconcave mirror. Activity 11.7 Fix a concave mirror on a stand (any arrangement to keep the mirror steady would do) and place it on a table (Fig. 11.15). Paste a piece of white paperon a cardboard sheet (say aboutWhy are concave and convex mirrors called spherical mirrors? Take a rubber ball and cut a portion of it with a knife or a hack-saw blade [Fig. 11.13 (a)]. (Be careful. Ask an elder person to help you in cutting the ball). The inner surface of the cut ball is called conca']","['LIGHT 123Light11 You might have seen a beam of sunlight when it enters a room through a narrow opening or a hole. You may have also seen beams of light from the headlamps of scooters, cars and engines of trains [Fig. 11.1 (a)]. Similarly, a beam of light can be seen from a torch. Some of (a) Rail engine (b) Light house tower [Fig. 11.1 (b)]. What do these experiences suggest?11.1 L IGHT TRAVELS ALONG A STRAIGHT LINE Boojho recalls an activity he performedin Class VI. In that activity he looked (a) (b) Reprint 2024-25 SCIENCE 124Fig. 11.3 Reflection of objects in water at a lighted candle first through a straight pipe and then through a bent pipe (Fig. 11.2). Why was Boojho not able to see the candleflame through a bent pipe? This activi\n\nirst through a straight pipe and then through a bent pipe (Fig. 11.2). Why was Boojho not able to see the candleflame through a bent pipe? This activity showed that light travels along straight lines. How can we change the path of light? Do you know, whathappens when light falls on apolished or a shiny surface? 11.2 R EFLECTION OF LIGHT One way to change the directionof light is to let it fall on a shiny surface. For example, a shining stainless steel plate or a shiningsteel spoon can change the direction of light. The surface of water can also act like a mirrorand change the path of light. Have you ever seen the reflection of trees or buildings in water(Fig. 11.3)?Any polished or a shiny surface can act as a mirror. What happens whenligh\n\nge formedon a screen is called a real image . Recollect that in Activity 11.2 the imageformed by a plane mirror could not beobtained on a screen. Such an image is called a virtual image . Now let us try to obtain on the screen the image of a candle flame formed by aconcave mirror. Activity 11.7 Fix a concave mirror on a stand (any arrangement to keep the mirror steady would do) and place it on a table (Fig. 11.15). Paste a piece of white paperon a cardboard sheet (say aboutWhy are concave and convex mirrors called spherical mirrors? Take a rubber ball and cut a portion of it with a knife or a hack-saw blade [Fig. 11.13 (a)]. (Be careful. Ask an elder person to help you in cutting the ball). The inner surface of the cut ball is called conca']","[""Because light travels in a straight line and can't bend around corners.""]",0.6666666666666666,
What is reflection of light?,"Reflection of light is when a highly polished surface, like a mirror, bounces back most of the light that falls on it, changing its direction.
","['Science 134Light – Reflection and Refraction9 CHAPTER We see a variety of objects in the world ar ound us. However , we ar e unable to see anything in a dark room. On lighting up the room, things become visible. What makes things visible? During the day, the sunlight helps us to see objects. An object reflects light that falls on it. This reflected light, when received by our eyes, enables us to see things. We are able to see thr ough a transpar ent medium as light is transmitted through it. There are a number of common wonderful phenomena associated with light such as image formation by mirrors, the twinkling of stars, the beautiful colours of a rainbow, bending of light by a medium and so on. A study of the properties of light helps us t\n\nr a ‘wave’ nor a ‘particle’ – the new theory reconciles the particle properties of light with the wave nature. In this Chapter , we shall study the phenomena of r eflection and refraction of light using the straight-line propagation of light. These basic concepts will help us in the study of some of the optical phenomena in natur e. We shall try to understand in this Chapter the r eflection of light by spherical mirrors and refraction of light and their application in real life situations. 9.1 REFLECTION OF LIGHT9.1 REFLECTION OF LIGHT9.1 REFLECTION OF LIGHT9.1 REFLECTION OF LIGHT9.1 REFLECTION OF LIGHT A highly polished sur face, such as a mirr or, reflects most of the light falling on it. Y ou ar e already familiar with the laws of r efle\n\ncannot see any object. It is only when light from an object enters our eyes that we see the object. The light may have been emitted by the object, or may have been reflected by it. You lear nt in Class VII that a polished or a shiny sur face can act as a mirr or. A mirror changes the direction of light that falls on it. Can you tell in which direction the light falling on a sur face will be reflected? Let us find out. 13.2 Laws of Reflection Activity 13.1 Fix a white sheet of paper on a drawing board or a table. Take acomb and close all its openings except one in the middle. Y ou can use a strip of black paper for this purpose. Hold the comb perpendicular to the sheet of paper . Throw light from a torch through the opening of the comb from']","['Science 134Light – Reflection and Refraction9 CHAPTER We see a variety of objects in the world ar ound us. However , we ar e unable to see anything in a dark room. On lighting up the room, things become visible. What makes things visible? During the day, the sunlight helps us to see objects. An object reflects light that falls on it. This reflected light, when received by our eyes, enables us to see things. We are able to see thr ough a transpar ent medium as light is transmitted through it. There are a number of common wonderful phenomena associated with light such as image formation by mirrors, the twinkling of stars, the beautiful colours of a rainbow, bending of light by a medium and so on. A study of the properties of light helps us t\n\nr a ‘wave’ nor a ‘particle’ – the new theory reconciles the particle properties of light with the wave nature. In this Chapter , we shall study the phenomena of r eflection and refraction of light using the straight-line propagation of light. These basic concepts will help us in the study of some of the optical phenomena in natur e. We shall try to understand in this Chapter the r eflection of light by spherical mirrors and refraction of light and their application in real life situations. 9.1 REFLECTION OF LIGHT9.1 REFLECTION OF LIGHT9.1 REFLECTION OF LIGHT9.1 REFLECTION OF LIGHT9.1 REFLECTION OF LIGHT A highly polished sur face, such as a mirr or, reflects most of the light falling on it. Y ou ar e already familiar with the laws of r efle\n\ncannot see any object. It is only when light from an object enters our eyes that we see the object. The light may have been emitted by the object, or may have been reflected by it. You lear nt in Class VII that a polished or a shiny sur face can act as a mirr or. A mirror changes the direction of light that falls on it. Can you tell in which direction the light falling on a sur face will be reflected? Let us find out. 13.2 Laws of Reflection Activity 13.1 Fix a white sheet of paper on a drawing board or a table. Take acomb and close all its openings except one in the middle. Y ou can use a strip of black paper for this purpose. Hold the comb perpendicular to the sheet of paper . Throw light from a torch through the opening of the comb from']",['Reflection is when light hits a shiny or polished surface and bounces back.'],1.0,0.9999999999999994
What type of image is formed by a plane mirror?,"The image formed by a plane mirror is always virtual and erect.
","['le in the kit prepared by NCER T). Boojho remembered that in Class VII, he had studied some features of the image of an object formed by a plane mirror . Paheli asked him to r ecall those features: (i)Was the image er ect or upside down? (ii)Was it of the same size as the object? (iii)Did the image appear at the same distance behind the mirror as the object was in front of it? (iv)Could it be obtained on a screen? Let us understand a little more about the formation of an image by a plane mirror in the following way: Activity 13.3 A source of light O is placed in front of a plane mirror PQ. Two rays OA and OC are incident on it (Fig. 13.5). Can you find out the direction of the reflected rays? Draw nor mals to the sur face of the mirror PQ,\n\n. What ar e the pr operties of the image? Image for med by a plane mirror is always virtual and erect. The size of the image is equal to that of the object. The image formed is as far behind the mirror as the object is in fr ont of it. Further , the image is laterally inverted. How would the images be when the reflecting surfaces are curved? Let us explore. Activity 9.1Activity 9.1Activity 9.1Activity 9.1Activity 9.1 /square6Take a large shining spoon. Try to view your face in its curved surface. /square6Do you get the image? Is it smaller or larger? /square6Move the spoon slowly away from your face. Observe the image. How does it change? /square6Reverse the spoon and repeat the Activity. How does the image look like now? /square6Compa\n\nN OF LIGHT A highly polished sur face, such as a mirr or, reflects most of the light falling on it. Y ou ar e already familiar with the laws of r eflection of light. 2024-25 Light – Reflection and Refraction 135Let us recall these laws – (i)The angle of incidence is equal to the angle of reflection, and (ii)The incident ray, the normal to the mirror at the point of incidence and the reflected ray, all lie in the same plane. These laws of reflection are applicable to all types of reflecting surfaces including spherical sur faces. Y ou are familiar with the for mation of image by a plane mirr or. What ar e the pr operties of the image? Image for med by a plane mirror is always virtual and erect. The size of the image is equal to that of the']","['le in the kit prepared by NCER T). Boojho remembered that in Class VII, he had studied some features of the image of an object formed by a plane mirror . Paheli asked him to r ecall those features: (i)Was the image er ect or upside down? (ii)Was it of the same size as the object? (iii)Did the image appear at the same distance behind the mirror as the object was in front of it? (iv)Could it be obtained on a screen? Let us understand a little more about the formation of an image by a plane mirror in the following way: Activity 13.3 A source of light O is placed in front of a plane mirror PQ. Two rays OA and OC are incident on it (Fig. 13.5). Can you find out the direction of the reflected rays? Draw nor mals to the sur face of the mirror PQ,\n\n. What ar e the pr operties of the image? Image for med by a plane mirror is always virtual and erect. The size of the image is equal to that of the object. The image formed is as far behind the mirror as the object is in fr ont of it. Further , the image is laterally inverted. How would the images be when the reflecting surfaces are curved? Let us explore. Activity 9.1Activity 9.1Activity 9.1Activity 9.1Activity 9.1 /square6Take a large shining spoon. Try to view your face in its curved surface. /square6Do you get the image? Is it smaller or larger? /square6Move the spoon slowly away from your face. Observe the image. How does it change? /square6Reverse the spoon and repeat the Activity. How does the image look like now? /square6Compa\n\nN OF LIGHT A highly polished sur face, such as a mirr or, reflects most of the light falling on it. Y ou ar e already familiar with the laws of r eflection of light. 2024-25 Light – Reflection and Refraction 135Let us recall these laws – (i)The angle of incidence is equal to the angle of reflection, and (ii)The incident ray, the normal to the mirror at the point of incidence and the reflected ray, all lie in the same plane. These laws of reflection are applicable to all types of reflecting surfaces including spherical sur faces. Y ou are familiar with the for mation of image by a plane mirr or. What ar e the pr operties of the image? Image for med by a plane mirror is always virtual and erect. The size of the image is equal to that of the']",['An erect image of the same size as the object.'],,0.9554620920322953
Why does an ambulance have mirrored lettering?,"The word 'AMBULANCE' is written in a mirrored fashion so that drivers ahead can read it correctly in their rear-view mirrors and give way.
","['y like you? Have you ever noticed that there is one interesting difference between you and your imagein a mirror? Let us find out. Activity 11.4 Stand in front of a plane mirror and lookat your image. Raise your left hand.Which hand does your image raise (Fig. 11.8)? Now touch your right ear. Which ear does your hand touch in yourimage? Observe carefully. You will find that in the mirror the ‘right’ appears ‘left’ and the ‘left’ appears ‘right’. Note thatonly sides are interchanged', 'the image does not appear upside down. Now write down your name on a piece of paper and hold it in front of a plane Boojho saw an ambulance on the road. He was surprised to see that the word ‘AMBULANCE’ in front was written in a strange manner. Can you now under\n\nane Boojho saw an ambulance on the road. He was surprised to see that the word ‘AMBULANCE’ in front was written in a strange manner. Can you now understand why the word ‘AMBULANCE’ is written as in Fig. 11.9 ? When the driver of a vehicle ahead of an ambulance looks in her/his rear view mirror, she/he canread ‘AMBULANCE’ written on it and give way to it. It is the duty of every one of us to allow an ambulance to passwithout blocking its way. You might have observed that in the side mirror of a scooter or a car theimages of all the objects appear smaller than the objects themselves. Have you ever wondered why is it so? Reprint 2024-25 SCIENCE 12811.4 P LAYING WITH SPHERICAL MIRRORS Paheli and Boojho were waiting for their dinner. Boojho lif\n\ne size as me whether the mirror is small or large? Paheli made a note in her notebook: In a plane mirror the image is formed behind the mirror. It is erect, of the same size and is at the same distance from the mirror as the object is in front of it. You will find that the image is at the same distance behindthe mirror as the object is in frontof it. Now verify this by placing the object anywhere on the chart paper. Reprint 2024-25 LIGHT 127 in the imageFig. 11.9 An ambulance mirror. How does it appear in the mirror?11.3 R IGHT OR LEFT! When you see your image in a plane mirror, is it exactly like you? Have you ever noticed that there is one interesting difference between you and your imagein a mirror? Let us find out. Activity 11.4 Stand']","['y like you? Have you ever noticed that there is one interesting difference between you and your imagein a mirror? Let us find out. Activity 11.4 Stand in front of a plane mirror and lookat your image. Raise your left hand.Which hand does your image raise (Fig. 11.8)? Now touch your right ear. Which ear does your hand touch in yourimage? Observe carefully. You will find that in the mirror the ‘right’ appears ‘left’ and the ‘left’ appears ‘right’. Note thatonly sides are interchanged', 'the image does not appear upside down. Now write down your name on a piece of paper and hold it in front of a plane Boojho saw an ambulance on the road. He was surprised to see that the word ‘AMBULANCE’ in front was written in a strange manner. Can you now under\n\nane Boojho saw an ambulance on the road. He was surprised to see that the word ‘AMBULANCE’ in front was written in a strange manner. Can you now understand why the word ‘AMBULANCE’ is written as in Fig. 11.9 ? When the driver of a vehicle ahead of an ambulance looks in her/his rear view mirror, she/he canread ‘AMBULANCE’ written on it and give way to it. It is the duty of every one of us to allow an ambulance to passwithout blocking its way. You might have observed that in the side mirror of a scooter or a car theimages of all the objects appear smaller than the objects themselves. Have you ever wondered why is it so? Reprint 2024-25 SCIENCE 12811.4 P LAYING WITH SPHERICAL MIRRORS Paheli and Boojho were waiting for their dinner. Boojho lif\n\ne size as me whether the mirror is small or large? Paheli made a note in her notebook: In a plane mirror the image is formed behind the mirror. It is erect, of the same size and is at the same distance from the mirror as the object is in front of it. You will find that the image is at the same distance behindthe mirror as the object is in frontof it. Now verify this by placing the object anywhere on the chart paper. Reprint 2024-25 LIGHT 127 in the imageFig. 11.9 An ambulance mirror. How does it appear in the mirror?11.3 R IGHT OR LEFT! When you see your image in a plane mirror, is it exactly like you? Have you ever noticed that there is one interesting difference between you and your imagein a mirror? Let us find out. Activity 11.4 Stand']",['So it can be read correctly in a rear-view mirror.'],1.0,0.932251828634195
What is wastewater?,"Wastewater is dirty water, rich in lather, mixed with oil, and black-brown in color, that goes down the drains from sinks, showers, toilets, and laundries.
","['SCIENCE 156Wastewater Story13 All of us use water in our homes and make it dirty. Dirty! Are you surprised?Rich in lather, mixed with oil, black– brown water that goes down the drains from sinks, showers, toilets, laundries is dirty. It is called wastewater . This used water should not be wasted. We must clean it up by removing pollutants. Have you ever thought where thewastewater goes and what happens to it? 13.1 W ATER, OUR LIFELINE Clean water is a basic need of human being. Let us make a mindmap of the many uses of clean water. Activity 13.1 (We have given one example of the use of clean water. You can add many more.)Clean water that is fit for use is unfortunatelynot available to all. It has been reported that morethan one billion of p\n\nt” . It takes place in several stages. 13.2 W HAT IS SEWAGE ? Sewage is wastewater released by homes, industries, hospitals, offices and otherusers. It also includes rainwater that has run down the street during a storm or heavy rain. The water that washes offroads and rooftops carries harmful substances with it. Sewage is a liquid waste. Most of it is water, which hasdissolved and suspended impurities. Activity 13.2 Locate an open drain near your home, school or on the roadside and inspect water flowing through it. Record colour, odour and any other observation. Discuss with your friends and your teacher and fill up the following Table 13.1. We know that sewage is a complex mixture containing suspended solids, organic and inorganic impurit\n\nwastewater. Wastewater could be reused. \uf06eWastewater is generated in homes, industries, agricultural fields and in other human activities. This is called sewage. \uf06eSewage is a liquid waste which causes water and soil pollution. \uf06eWastewater is treated in a sewage treatment plant. \uf06eTreatment plants reduce pollutants in wastewater to a level where naturecan take care of it. \uf06eWhere underground sewerage systems and refuse disposal systems arenot available, the low cost on-site sanitation system can be adopted. \uf06eBy-products of wastewater treatment are sludge and biogas. \uf06eOpen drain system is a breeding place for flies, mosquitoes and organismswhich cause diseases. \uf06eWe should not defecate in the open. It is possible to have safe disposal ofexcreta']","['SCIENCE 156Wastewater Story13 All of us use water in our homes and make it dirty. Dirty! Are you surprised?Rich in lather, mixed with oil, black– brown water that goes down the drains from sinks, showers, toilets, laundries is dirty. It is called wastewater . This used water should not be wasted. We must clean it up by removing pollutants. Have you ever thought where thewastewater goes and what happens to it? 13.1 W ATER, OUR LIFELINE Clean water is a basic need of human being. Let us make a mindmap of the many uses of clean water. Activity 13.1 (We have given one example of the use of clean water. You can add many more.)Clean water that is fit for use is unfortunatelynot available to all. It has been reported that morethan one billion of p\n\nt” . It takes place in several stages. 13.2 W HAT IS SEWAGE ? Sewage is wastewater released by homes, industries, hospitals, offices and otherusers. It also includes rainwater that has run down the street during a storm or heavy rain. The water that washes offroads and rooftops carries harmful substances with it. Sewage is a liquid waste. Most of it is water, which hasdissolved and suspended impurities. Activity 13.2 Locate an open drain near your home, school or on the roadside and inspect water flowing through it. Record colour, odour and any other observation. Discuss with your friends and your teacher and fill up the following Table 13.1. We know that sewage is a complex mixture containing suspended solids, organic and inorganic impurit\n\nwastewater. Wastewater could be reused. \uf06eWastewater is generated in homes, industries, agricultural fields and in other human activities. This is called sewage. \uf06eSewage is a liquid waste which causes water and soil pollution. \uf06eWastewater is treated in a sewage treatment plant. \uf06eTreatment plants reduce pollutants in wastewater to a level where naturecan take care of it. \uf06eWhere underground sewerage systems and refuse disposal systems arenot available, the low cost on-site sanitation system can be adopted. \uf06eBy-products of wastewater treatment are sludge and biogas. \uf06eOpen drain system is a breeding place for flies, mosquitoes and organismswhich cause diseases. \uf06eWe should not defecate in the open. It is possible to have safe disposal ofexcreta']","['Used water containing impurities from homes, industries, etc.']",1.0,0.9999999999999996
What are the impurities in sewage?,"Sewage contains suspended solids, organic and inorganic impurities, nutrients, saprophytes, and disease-causing bacteria and other microbes.
","['t” . It takes place in several stages. 13.2 W HAT IS SEWAGE ? Sewage is wastewater released by homes, industries, hospitals, offices and otherusers. It also includes rainwater that has run down the street during a storm or heavy rain. The water that washes offroads and rooftops carries harmful substances with it. Sewage is a liquid waste. Most of it is water, which hasdissolved and suspended impurities. Activity 13.2 Locate an open drain near your home, school or on the roadside and inspect water flowing through it. Record colour, odour and any other observation. Discuss with your friends and your teacher and fill up the following Table 13.1. We know that sewage is a complex mixture containing suspended solids, organic and inorganic impurit\n\nyour teacher and fill up the following Table 13.1. We know that sewage is a complex mixture containing suspended solids, organic and inorganic impurities, nutrients, saprophytes and disease causing bacteria and other microbes. These include the following. Organic impurities –Human faeces, animal waste,oil, urea (urine), pesticides, herbicides, fruit and vegetable waste, etc. Inorganic impurities – Nitrates, Phosphates,metals. Nutrients – Phosphorus and Nitrogen. Bacteria – Such as vibrio cholera which causes cholera and salmonellaparatyphi which causes typhoid. Other microbes – Such as protozones which cause dysentery. 13.3 W ATER FRESHENS UP — A N EVENTFUL JOURNEY In a home or a public build\n\nReprint 2024-25 SCIENCE 164Exercises 1. Fill in the blanks: (a) Cleaning of water is a process of removing ____________. (b) Wastewater released by houses is called ____________. (c) Dried ____________ is used as manure. (d) Drains get blocked by ____________ and ____________. 2. What is sewage? Explain why it is harmful to discharge untreated sewage into rivers or seas. 3. Why should oils and fats be not released in the drain? Explain.4. Describe the steps involved in getting clarified water from wastewater.5. What is sludge? Explain how it is treated.6. Untreated human excreta is a health hazard. Explain.7. Name two chemicals used to disinfect water.8. Explain the function of bar screens in a wastewater treatment plant.9. Explain the rela']","['t” . It takes place in several stages. 13.2 W HAT IS SEWAGE ? Sewage is wastewater released by homes, industries, hospitals, offices and otherusers. It also includes rainwater that has run down the street during a storm or heavy rain. The water that washes offroads and rooftops carries harmful substances with it. Sewage is a liquid waste. Most of it is water, which hasdissolved and suspended impurities. Activity 13.2 Locate an open drain near your home, school or on the roadside and inspect water flowing through it. Record colour, odour and any other observation. Discuss with your friends and your teacher and fill up the following Table 13.1. We know that sewage is a complex mixture containing suspended solids, organic and inorganic impurit\n\nyour teacher and fill up the following Table 13.1. We know that sewage is a complex mixture containing suspended solids, organic and inorganic impurities, nutrients, saprophytes and disease causing bacteria and other microbes. These include the following. Organic impurities –Human faeces, animal waste,oil, urea (urine), pesticides, herbicides, fruit and vegetable waste, etc. Inorganic impurities – Nitrates, Phosphates,metals. Nutrients – Phosphorus and Nitrogen. Bacteria – Such as vibrio cholera which causes cholera and salmonellaparatyphi which causes typhoid. Other microbes – Such as protozones which cause dysentery. 13.3 W ATER FRESHENS UP — A N EVENTFUL JOURNEY In a home or a public build\n\nReprint 2024-25 SCIENCE 164Exercises 1. Fill in the blanks: (a) Cleaning of water is a process of removing ____________. (b) Wastewater released by houses is called ____________. (c) Dried ____________ is used as manure. (d) Drains get blocked by ____________ and ____________. 2. What is sewage? Explain why it is harmful to discharge untreated sewage into rivers or seas. 3. Why should oils and fats be not released in the drain? Explain.4. Describe the steps involved in getting clarified water from wastewater.5. What is sludge? Explain how it is treated.6. Untreated human excreta is a health hazard. Explain.7. Name two chemicals used to disinfect water.8. Explain the function of bar screens in a wastewater treatment plant.9. Explain the rela']","['Organic impurities like faeces, inorganic impurities like nitrates, nutrients, and bacteria.']",,
What is sewage treatment?,"Sewage treatment involves physical, chemical, and biological processes to remove contaminants from wastewater.
","['ge . It is like a transport system that carries sewage from the point of being produced to the point of disposal, i.e. treatment plant. Manholes are located at every 50 m to 60 m in the sewerage, at the junctionof two or more sewers and at points where there is a change in direction. Activity 13.3 Study the sewage route in your home/school/building. Do the following: \uf0a7Make a line diagram of the sewage route. \uf0a7Walk down the street or survey the campus to find the number of manholes. \uf0a7If possible, observe open drain and record which living organisms are found in and around it.In case you do not have a sewerage system in your locality, find out howsewage is being disposed off. Treatment of polluted water Perform the following activity. It will\n\nER TREATMENT PLANT (WWTP) Treatment of wastewater involves physical, chemical, and biological processes, which remove physical,chemical and biological matter that contaminates the wastewater.1. Wastewater is passed through bar screens. Large objects like rags, sticks, cans, plastic packets, napkins are removed (Fig. 13.3). removal tank. The speed of theincoming wastewater is decreased to allow sand, grit and pebbles to settledown (Fig. 13.4). 3. The water is then allowed to settle in a large tank which is sloped towardsthe middle. Solids like faeces settleat the bottom and are removed with Reprint 2024-25 SCIENCE 160After several hours, the suspended microbes settle at the bottom of the tank as activated sludge. The water is then removed\n\nto people living in far off places to getmore information. Prepare a brief report on the information youcollected. 3. Visit a sewage treatment plant. It could be as exciting and enriching as a visit to a zoo, a museum, or apark. To guide your observation here are a few suggestions. Record in your notepad:Place ___________ Date ___________ Time ___________ Name of the official at the plant __________ Guide/Teacher ___________ Reprint 2024-25 SCIENCE 166(a) The location of the sewage plant. (b) Treatment capacity. (c) The purpose of screening as the initial process. (d) How is air bubbled through the aeration tank? (e) How safe is the water at the end of the treatment? How is it tested?(f ) Where is the water discharged after treatment?(g']","['ge . It is like a transport system that carries sewage from the point of being produced to the point of disposal, i.e. treatment plant. Manholes are located at every 50 m to 60 m in the sewerage, at the junctionof two or more sewers and at points where there is a change in direction. Activity 13.3 Study the sewage route in your home/school/building. Do the following: \uf0a7Make a line diagram of the sewage route. \uf0a7Walk down the street or survey the campus to find the number of manholes. \uf0a7If possible, observe open drain and record which living organisms are found in and around it.In case you do not have a sewerage system in your locality, find out howsewage is being disposed off. Treatment of polluted water Perform the following activity. It will\n\nER TREATMENT PLANT (WWTP) Treatment of wastewater involves physical, chemical, and biological processes, which remove physical,chemical and biological matter that contaminates the wastewater.1. Wastewater is passed through bar screens. Large objects like rags, sticks, cans, plastic packets, napkins are removed (Fig. 13.3). removal tank. The speed of theincoming wastewater is decreased to allow sand, grit and pebbles to settledown (Fig. 13.4). 3. The water is then allowed to settle in a large tank which is sloped towardsthe middle. Solids like faeces settleat the bottom and are removed with Reprint 2024-25 SCIENCE 160After several hours, the suspended microbes settle at the bottom of the tank as activated sludge. The water is then removed\n\nto people living in far off places to getmore information. Prepare a brief report on the information youcollected. 3. Visit a sewage treatment plant. It could be as exciting and enriching as a visit to a zoo, a museum, or apark. To guide your observation here are a few suggestions. Record in your notepad:Place ___________ Date ___________ Time ___________ Name of the official at the plant __________ Guide/Teacher ___________ Reprint 2024-25 SCIENCE 166(a) The location of the sewage plant. (b) Treatment capacity. (c) The purpose of screening as the initial process. (d) How is air bubbled through the aeration tank? (e) How safe is the water at the end of the treatment? How is it tested?(f ) Where is the water discharged after treatment?(g']",['Cleaning wastewater by removing pollutants before reuse or disposal.'],1.0,0.9376249416648631
What are the two types of natural resources?,"The two types of natural resources are inexhaustible and exhaustible.
","['COAL AND PETROLEUM COAL AND PETROLEUM Can air , water and soil be exhausted by human activities? Y ou have alr eady studied about water in Class VII. Is water a limitless resource? In the light of the availability of various resources in nature, natural resources can be broadly classified into two kinds: (i) Inexhaustible Natural Resources: These resources are present in unlimited quantity in nature and are not likely to be exhausted by human activities. Examples ar e: sunlight, air . (ii) Exhaustible Natural Resources: The amount of these resources in nature is limited. They can be exhausted by human activities. Examples of these resources are forests, wildlife, minerals, coal, petroleum, natural gas etc. Activity 3.2 (It is a group activi\n\nby human activities. Examples of these resources are forests, wildlife, minerals, coal, petroleum, natural gas etc. Activity 3.2 (It is a group activity) Take some containers. Fill them with popcorn/peanuts/roasted gram/toffees. Divide students into groups of seven each. Further divide each group into three subgroups containing 1, 2 and 4 students. Label them as first, second and third generation respectively.We use various materials for our basic needs. Some of them are found in nature and some have been made by human efforts. Activity 3.1 Make a list of various materials used by us in daily life and classify them as natural and man-made. Natural Man-made Can we use all our natural resources forever ? Does this list include air , water ,\n\nsurfacingFig. 3.5: A petroleum refinery 2024-25 COAL AND PETROLEUM 37as a fuel for transport vehicles because it is less polluting. It is a cleaner fuel. The great advantage of CNG is that it can be used directly for burning in homes and factories where it can be supplied through pipes. Such a network of pipelines exists in V adodara (Gujarat), some parts of Delhi and other places. Natural gas is also used as a starting material for the manufacture of a number of chemicals and fertilisers. India has vast reserves of natural gas. In our country, natural gas has been found in T ripura, Rajasthan, Maharashtra and in the Krishna Godavari delta.3.4Some Natural Resources are Limited You have studied in the beginning of the chapter that some natur']","['COAL AND PETROLEUM COAL AND PETROLEUM Can air , water and soil be exhausted by human activities? Y ou have alr eady studied about water in Class VII. Is water a limitless resource? In the light of the availability of various resources in nature, natural resources can be broadly classified into two kinds: (i) Inexhaustible Natural Resources: These resources are present in unlimited quantity in nature and are not likely to be exhausted by human activities. Examples ar e: sunlight, air . (ii) Exhaustible Natural Resources: The amount of these resources in nature is limited. They can be exhausted by human activities. Examples of these resources are forests, wildlife, minerals, coal, petroleum, natural gas etc. Activity 3.2 (It is a group activi\n\nby human activities. Examples of these resources are forests, wildlife, minerals, coal, petroleum, natural gas etc. Activity 3.2 (It is a group activity) Take some containers. Fill them with popcorn/peanuts/roasted gram/toffees. Divide students into groups of seven each. Further divide each group into three subgroups containing 1, 2 and 4 students. Label them as first, second and third generation respectively.We use various materials for our basic needs. Some of them are found in nature and some have been made by human efforts. Activity 3.1 Make a list of various materials used by us in daily life and classify them as natural and man-made. Natural Man-made Can we use all our natural resources forever ? Does this list include air , water ,\n\nsurfacingFig. 3.5: A petroleum refinery 2024-25 COAL AND PETROLEUM 37as a fuel for transport vehicles because it is less polluting. It is a cleaner fuel. The great advantage of CNG is that it can be used directly for burning in homes and factories where it can be supplied through pipes. Such a network of pipelines exists in V adodara (Gujarat), some parts of Delhi and other places. Natural gas is also used as a starting material for the manufacture of a number of chemicals and fertilisers. India has vast reserves of natural gas. In our country, natural gas has been found in T ripura, Rajasthan, Maharashtra and in the Krishna Godavari delta.3.4Some Natural Resources are Limited You have studied in the beginning of the chapter that some natur']",['Inexhaustible and exhaustible natural resources.'],,
What are fossil fuels?,"Fossil fuels are coal, petroleum, and natural gas, formed from the dead remains of living organisms over millions of years.
","['Their formation is a very slow process and conditions for their formation cannot be created in the laboratory. 2024-25 SCIENCE 38 KEYWORDS KEYWORDS KEYWORDS KEYWORDS KEYWORDS COAL COAL GAS COAL T AR COKE FOSSIL FUEL NATURAL GAS PETROLEUM PETROLEUM REFINERY WHAT YOU HAVE LEARNT WHAT YOU HAVE LEARNT WHAT YOU HAVE LEARNT WHAT YOU HAVE LEARNT WHAT YOU HAVE LEARNT ÜCoal, petroleum and natural gas are fossil fuels. ÜFossil fuels were formed from the dead remains of living organisms millions of years ago. ÜFossil fuels are exhaustible resources. ÜCoke, coal tar and coal gas are the products of coal. ÜPetroleum gas, petrol, diesel, kerosene, paraffin wax, lubricating oil are obtained by refining petroleum. ÜCoal and petr oleum r esour ces ar e lim\n\n, Maharashtra and in the Krishna Godavari delta.3.4Some Natural Resources are Limited You have studied in the beginning of the chapter that some natural resources are exhaustible like fossil fuels, forests, minerals etc. You know that coal and petr oleum are fossil fuels. It required the dead organisms millions of years to get converted into these fuels. On the other hand, the known reserves of these will last only a few hundred years. Mor eover , bur ning of these fuels is a major cause of air pollution. Their use is also linked to global warming. It is therefore necessary that we use these fuels only when absolutely necessary. This will result in better environment, smaller risk of global warming and their availability for a longer period\n\nedy? It may be that the earlier generations in some groups were concerned about the coming generation(s) and left something for them. In this chapter we will learn about some exhaustible natural resources like coal, petroleum and natural gas. These were formed from the dead remains of living organisms (fossils). So, these are all known as fossil fuels.3.1 Coal You may have seen coal or hear d about it (Fig. 3.1). It is as hard as stone and is black in colour . Coal is one of the fuels used to cook food. Earlier , it was used in railway engines to produce steam to run the engine. It is also used in thermal power plants to produce electricity. Coal is also used as a fuel in various industries. Story of Coal Where do we get coal from and how']","['Their formation is a very slow process and conditions for their formation cannot be created in the laboratory. 2024-25 SCIENCE 38 KEYWORDS KEYWORDS KEYWORDS KEYWORDS KEYWORDS COAL COAL GAS COAL T AR COKE FOSSIL FUEL NATURAL GAS PETROLEUM PETROLEUM REFINERY WHAT YOU HAVE LEARNT WHAT YOU HAVE LEARNT WHAT YOU HAVE LEARNT WHAT YOU HAVE LEARNT WHAT YOU HAVE LEARNT ÜCoal, petroleum and natural gas are fossil fuels. ÜFossil fuels were formed from the dead remains of living organisms millions of years ago. ÜFossil fuels are exhaustible resources. ÜCoke, coal tar and coal gas are the products of coal. ÜPetroleum gas, petrol, diesel, kerosene, paraffin wax, lubricating oil are obtained by refining petroleum. ÜCoal and petr oleum r esour ces ar e lim\n\n, Maharashtra and in the Krishna Godavari delta.3.4Some Natural Resources are Limited You have studied in the beginning of the chapter that some natural resources are exhaustible like fossil fuels, forests, minerals etc. You know that coal and petr oleum are fossil fuels. It required the dead organisms millions of years to get converted into these fuels. On the other hand, the known reserves of these will last only a few hundred years. Mor eover , bur ning of these fuels is a major cause of air pollution. Their use is also linked to global warming. It is therefore necessary that we use these fuels only when absolutely necessary. This will result in better environment, smaller risk of global warming and their availability for a longer period\n\nedy? It may be that the earlier generations in some groups were concerned about the coming generation(s) and left something for them. In this chapter we will learn about some exhaustible natural resources like coal, petroleum and natural gas. These were formed from the dead remains of living organisms (fossils). So, these are all known as fossil fuels.3.1 Coal You may have seen coal or hear d about it (Fig. 3.1). It is as hard as stone and is black in colour . Coal is one of the fuels used to cook food. Earlier , it was used in railway engines to produce steam to run the engine. It is also used in thermal power plants to produce electricity. Coal is also used as a fuel in various industries. Story of Coal Where do we get coal from and how']","['Coal, petroleum, and natural gas formed from fossilized remains of organisms.']",1.0,0.9420470186263081
How was coal formed?,"Coal was formed from dead plants buried under the soil, compressed under high pressure and temperature over millions of years, in a process called carbonisation.
","['ed in thermal power plants to produce electricity. Coal is also used as a fuel in various industries. Story of Coal Where do we get coal from and how is it formed? About 300 million years ago the earth had dense forests in low lying wetland areas. Due to natural processes, like flooding, these forests got buried under the soil. As more soil deposited over them, they were compressed. The temperature also rose as they sank deeper and deeper . Under high pr essur e and high temperature, dead plants got slowly converted to coal. As coal contains mainly carbon, the slow process of conversion of dead vegetation into coal is called carbonisation. Since it was formed from the remains of vegetation, coal is also called a fossil fuel. A coal mine is\n\nd vegetation into coal is called carbonisation. Since it was formed from the remains of vegetation, coal is also called a fossil fuel. A coal mine is shown in Fig. 3.2. COAL AND PETROLEUM 33 2024-25 SCIENCE 34 Coal Gas Coal gas is obtained during the processing of coal to get coke. It is used Coal gas was used for street lighting for the first time in London in 1810 and in New Y ork ar ound 1820. Now a days, it is used as a source of heat rather than light.These days, bitumen, a petroleum product, is used in place of coal-tar for metalling the roads. produces mainly carbon dioxide gas. Coal is processed in industry to get some useful products such as coke, coal tar and coal gas. Coke It is a tough, porous and black substance. It is an almo\n\nTheir formation is a very slow process and conditions for their formation cannot be created in the laboratory. 2024-25 SCIENCE 38 KEYWORDS KEYWORDS KEYWORDS KEYWORDS KEYWORDS COAL COAL GAS COAL T AR COKE FOSSIL FUEL NATURAL GAS PETROLEUM PETROLEUM REFINERY WHAT YOU HAVE LEARNT WHAT YOU HAVE LEARNT WHAT YOU HAVE LEARNT WHAT YOU HAVE LEARNT WHAT YOU HAVE LEARNT ÜCoal, petroleum and natural gas are fossil fuels. ÜFossil fuels were formed from the dead remains of living organisms millions of years ago. ÜFossil fuels are exhaustible resources. ÜCoke, coal tar and coal gas are the products of coal. ÜPetroleum gas, petrol, diesel, kerosene, paraffin wax, lubricating oil are obtained by refining petroleum. ÜCoal and petr oleum r esour ces ar e lim']","['ed in thermal power plants to produce electricity. Coal is also used as a fuel in various industries. Story of Coal Where do we get coal from and how is it formed? About 300 million years ago the earth had dense forests in low lying wetland areas. Due to natural processes, like flooding, these forests got buried under the soil. As more soil deposited over them, they were compressed. The temperature also rose as they sank deeper and deeper . Under high pr essur e and high temperature, dead plants got slowly converted to coal. As coal contains mainly carbon, the slow process of conversion of dead vegetation into coal is called carbonisation. Since it was formed from the remains of vegetation, coal is also called a fossil fuel. A coal mine is\n\nd vegetation into coal is called carbonisation. Since it was formed from the remains of vegetation, coal is also called a fossil fuel. A coal mine is shown in Fig. 3.2. COAL AND PETROLEUM 33 2024-25 SCIENCE 34 Coal Gas Coal gas is obtained during the processing of coal to get coke. It is used Coal gas was used for street lighting for the first time in London in 1810 and in New Y ork ar ound 1820. Now a days, it is used as a source of heat rather than light.These days, bitumen, a petroleum product, is used in place of coal-tar for metalling the roads. produces mainly carbon dioxide gas. Coal is processed in industry to get some useful products such as coke, coal tar and coal gas. Coke It is a tough, porous and black substance. It is an almo\n\nTheir formation is a very slow process and conditions for their formation cannot be created in the laboratory. 2024-25 SCIENCE 38 KEYWORDS KEYWORDS KEYWORDS KEYWORDS KEYWORDS COAL COAL GAS COAL T AR COKE FOSSIL FUEL NATURAL GAS PETROLEUM PETROLEUM REFINERY WHAT YOU HAVE LEARNT WHAT YOU HAVE LEARNT WHAT YOU HAVE LEARNT WHAT YOU HAVE LEARNT WHAT YOU HAVE LEARNT ÜCoal, petroleum and natural gas are fossil fuels. ÜFossil fuels were formed from the dead remains of living organisms millions of years ago. ÜFossil fuels are exhaustible resources. ÜCoke, coal tar and coal gas are the products of coal. ÜPetroleum gas, petrol, diesel, kerosene, paraffin wax, lubricating oil are obtained by refining petroleum. ÜCoal and petr oleum r esour ces ar e lim']",['From plants buried under high pressure and temperature millions of years ago.'],1.0,0.9879572278120845
What is coal tar used for?,"Coal tar is used as a starting material for manufacturing various substances like synthetic dyes, drugs, explosives, perfumes, plastics, paints, photographic materials, roofing materials, and naphthalene balls.
","['s processed in industry to get some useful products such as coke, coal tar and coal gas. Coke It is a tough, porous and black substance. It is an almost pure form of carbon. Coke is used in the manufacture of steel and in the extraction of many metals. Coal Tar It is a black, thick liquid (Fig. 3.3) with an unpleasant smell. It is a mixture ofabout 200 substances. Products obtained from coal tar are used as starting materials for manufacturing various substances used in everyday life and in industry, like synthetic dyes, drugs, explosives, per fumes, plastics, paints, photographic materials, roofing materials, etc. Interestingly, naphthalene balls used to repel moths and other insects are also obtained from coal tar . 2024-25 COAL AND PETRO\n\nd vegetation into coal is called carbonisation. Since it was formed from the remains of vegetation, coal is also called a fossil fuel. A coal mine is shown in Fig. 3.2. COAL AND PETROLEUM 33 2024-25 SCIENCE 34 Coal Gas Coal gas is obtained during the processing of coal to get coke. It is used Coal gas was used for street lighting for the first time in London in 1810 and in New Y ork ar ound 1820. Now a days, it is used as a source of heat rather than light.These days, bitumen, a petroleum product, is used in place of coal-tar for metalling the roads. produces mainly carbon dioxide gas. Coal is processed in industry to get some useful products such as coke, coal tar and coal gas. Coke It is a tough, porous and black substance. It is an almo\n\ned in thermal power plants to produce electricity. Coal is also used as a fuel in various industries. Story of Coal Where do we get coal from and how is it formed? About 300 million years ago the earth had dense forests in low lying wetland areas. Due to natural processes, like flooding, these forests got buried under the soil. As more soil deposited over them, they were compressed. The temperature also rose as they sank deeper and deeper . Under high pr essur e and high temperature, dead plants got slowly converted to coal. As coal contains mainly carbon, the slow process of conversion of dead vegetation into coal is called carbonisation. Since it was formed from the remains of vegetation, coal is also called a fossil fuel. A coal mine is']","['s processed in industry to get some useful products such as coke, coal tar and coal gas. Coke It is a tough, porous and black substance. It is an almost pure form of carbon. Coke is used in the manufacture of steel and in the extraction of many metals. Coal Tar It is a black, thick liquid (Fig. 3.3) with an unpleasant smell. It is a mixture ofabout 200 substances. Products obtained from coal tar are used as starting materials for manufacturing various substances used in everyday life and in industry, like synthetic dyes, drugs, explosives, per fumes, plastics, paints, photographic materials, roofing materials, etc. Interestingly, naphthalene balls used to repel moths and other insects are also obtained from coal tar . 2024-25 COAL AND PETRO\n\nd vegetation into coal is called carbonisation. Since it was formed from the remains of vegetation, coal is also called a fossil fuel. A coal mine is shown in Fig. 3.2. COAL AND PETROLEUM 33 2024-25 SCIENCE 34 Coal Gas Coal gas is obtained during the processing of coal to get coke. It is used Coal gas was used for street lighting for the first time in London in 1810 and in New Y ork ar ound 1820. Now a days, it is used as a source of heat rather than light.These days, bitumen, a petroleum product, is used in place of coal-tar for metalling the roads. produces mainly carbon dioxide gas. Coal is processed in industry to get some useful products such as coke, coal tar and coal gas. Coke It is a tough, porous and black substance. It is an almo\n\ned in thermal power plants to produce electricity. Coal is also used as a fuel in various industries. Story of Coal Where do we get coal from and how is it formed? About 300 million years ago the earth had dense forests in low lying wetland areas. Due to natural processes, like flooding, these forests got buried under the soil. As more soil deposited over them, they were compressed. The temperature also rose as they sank deeper and deeper . Under high pr essur e and high temperature, dead plants got slowly converted to coal. As coal contains mainly carbon, the slow process of conversion of dead vegetation into coal is called carbonisation. Since it was formed from the remains of vegetation, coal is also called a fossil fuel. A coal mine is']","['Manufacturing dyes, drugs, explosives, perfumes, plastics, and roofing materials.']",1.0,0.8941616050515444
What is combustion?,"Combustion is the chemical process of burning a substance in air, producing heat and light.
","['asci/chem03/chem03767.htm lhttp://en.wikipedia.org/wiki/combustion 2024-25\n\nCOMBUSTION AND FLAME COMBUSTION AND FLAME We use dif ferent kinds of fuel for various purposes at home, in industry and for running automobiles. Can you name a few fuels used in our homes? Name a few fuels used in trade and industry. What fuels ar e used for running automobiles? Y our list will contain fuels like cowdung, wood, coal, charcoal, petrol, diesel, compressed natural gas (CNG), etc. You ar e familiar with the bur ning of a candle. What is the difference between the burning of a candle and the burning of a fuel like coal? May be you were able to guess right: candle burns with a flame whereas coal does not. Similarly, you will find many other materials burning without a flame. Let us study the chemical process of burning and the\n\nme whereas coal does not. Similarly, you will find many other materials burning without a flame. Let us study the chemical process of burning and the types of flame produced during this process. 4.1 What is Combustion? Recall the activity of burning of magnesium ribbon per formed in Class VII. W e lear nt that magnesium burns to form magnesium oxide and produces heat and light (Fig. 4.1). We can per form a similar activity with a piece of charcoal. Hold the piece with a pair of tongs and bring it near the flame of a candle or a Bunsen bur ner. What do you observe? We find that char coal bur ns in air . We know that coal, too, bur ns in air producing carbon dioxide, heat and light.We wer e told that food is a fuel for our body. A chemical']","['asci/chem03/chem03767.htm lhttp://en.wikipedia.org/wiki/combustion 2024-25\n\nCOMBUSTION AND FLAME COMBUSTION AND FLAME We use dif ferent kinds of fuel for various purposes at home, in industry and for running automobiles. Can you name a few fuels used in our homes? Name a few fuels used in trade and industry. What fuels ar e used for running automobiles? Y our list will contain fuels like cowdung, wood, coal, charcoal, petrol, diesel, compressed natural gas (CNG), etc. You ar e familiar with the bur ning of a candle. What is the difference between the burning of a candle and the burning of a fuel like coal? May be you were able to guess right: candle burns with a flame whereas coal does not. Similarly, you will find many other materials burning without a flame. Let us study the chemical process of burning and the\n\nme whereas coal does not. Similarly, you will find many other materials burning without a flame. Let us study the chemical process of burning and the types of flame produced during this process. 4.1 What is Combustion? Recall the activity of burning of magnesium ribbon per formed in Class VII. W e lear nt that magnesium burns to form magnesium oxide and produces heat and light (Fig. 4.1). We can per form a similar activity with a piece of charcoal. Hold the piece with a pair of tongs and bring it near the flame of a candle or a Bunsen bur ner. What do you observe? We find that char coal bur ns in air . We know that coal, too, bur ns in air producing carbon dioxide, heat and light.We wer e told that food is a fuel for our body. A chemical']",['A chemical process where a substance reacts with oxygen to release heat and sometimes light.'],1.0,
What are conditions necessary for combustion?,"Oxygen, a combustible substance, and ignition temperature are essential for combustion.
","['asci/chem03/chem03767.htm lhttp://en.wikipedia.org/wiki/combustion 2024-25\n\nise mark it non-combustible (Table 4.1).(a) (b) (c) essential for burning Rightly so. In our body food is broken down by reaction with oxygen and heat is pr oduced. W e learnt that in Class VII. Can you name some more substances which ar e combustible? Y ou can add those to Table 4.1. Let us investigate conditions under which combustion takes place. COMBUSTION AND FLAME 41chimney [Fig. 4.2(a)]. Observe what happens to the flame. Now remove the blocks and let the chimney rest on the table [Fig. 4.2(b)]. Again observe the flame. Finally, put a glass plate over the chimney [Fig. 4.2(c)]. W atch the flame again. What happens in the three cases? Does the flame flicker off? Does it flicker and give smoke? Does it burn unaffected? Can you i\n\nEMPERA TURE INFLAMMABLE SUBST ANCES WHAT YOU HAVE LEARNT WHAT YOU HAVE LEARNT WHAT YOU HAVE LEARNT WHAT YOU HAVE LEARNT WHAT YOU HAVE LEARNT ÜThe substances which burn in air are called combustible. ÜOxygen (in air) is essential for combustion. ÜDuring the process of combustion, heat and light are given out. ÜIgnition temperature is the lowest temperature at which a combustible substance catches fire. ÜInflammable substances have very low ignition temperature. ÜFire can be controlled by removing one or more requirements essential for producing fire. ÜWater is commonly used to contr ol fires. ÜWater cannot be used to contr ol fires involving electrical equipment or oils. ÜThere are various types of combustions such as rapid combustion, spont']","['asci/chem03/chem03767.htm lhttp://en.wikipedia.org/wiki/combustion 2024-25\n\nise mark it non-combustible (Table 4.1).(a) (b) (c) essential for burning Rightly so. In our body food is broken down by reaction with oxygen and heat is pr oduced. W e learnt that in Class VII. Can you name some more substances which ar e combustible? Y ou can add those to Table 4.1. Let us investigate conditions under which combustion takes place. COMBUSTION AND FLAME 41chimney [Fig. 4.2(a)]. Observe what happens to the flame. Now remove the blocks and let the chimney rest on the table [Fig. 4.2(b)]. Again observe the flame. Finally, put a glass plate over the chimney [Fig. 4.2(c)]. W atch the flame again. What happens in the three cases? Does the flame flicker off? Does it flicker and give smoke? Does it burn unaffected? Can you i\n\nEMPERA TURE INFLAMMABLE SUBST ANCES WHAT YOU HAVE LEARNT WHAT YOU HAVE LEARNT WHAT YOU HAVE LEARNT WHAT YOU HAVE LEARNT WHAT YOU HAVE LEARNT ÜThe substances which burn in air are called combustible. ÜOxygen (in air) is essential for combustion. ÜDuring the process of combustion, heat and light are given out. ÜIgnition temperature is the lowest temperature at which a combustible substance catches fire. ÜInflammable substances have very low ignition temperature. ÜFire can be controlled by removing one or more requirements essential for producing fire. ÜWater is commonly used to contr ol fires. ÜWater cannot be used to contr ol fires involving electrical equipment or oils. ÜThere are various types of combustions such as rapid combustion, spont']","['Presence of fuel, oxygen, and reaching ignition temperature.']",,0.9004223727612332
What is ignition temperature?,"Ignition temperature is the lowest temperature at which a combustible substance catches fire.
","['hy? 2024-25 COMBUSTION AND FLAME 43We find that a combustible substance cannot catch fire or burn as long as its temperature is lower than its ignition temperature. Have you ever seen cooking oil catching fire when a frying pan is kept for long on a burning stove? Kerosene oil and wood do not catch fire on their own at room temperature. But, if kerosene oil is heated a little, it will catch fire. But if wood is heated a little, it would still not catch fire. Does it mean that ignition temperature of kerosene oil is lower than that of wood? Does it mean that we need to take special care in storing kerosene oil? The following activity shows that it is essential for a substance to reach ignition temperature to burn. Activity 4.4 (Caution : Be\n\nEMPERA TURE INFLAMMABLE SUBST ANCES WHAT YOU HAVE LEARNT WHAT YOU HAVE LEARNT WHAT YOU HAVE LEARNT WHAT YOU HAVE LEARNT WHAT YOU HAVE LEARNT ÜThe substances which burn in air are called combustible. ÜOxygen (in air) is essential for combustion. ÜDuring the process of combustion, heat and light are given out. ÜIgnition temperature is the lowest temperature at which a combustible substance catches fire. ÜInflammable substances have very low ignition temperature. ÜFire can be controlled by removing one or more requirements essential for producing fire. ÜWater is commonly used to contr ol fires. ÜWater cannot be used to contr ol fires involving electrical equipment or oils. ÜThere are various types of combustions such as rapid combustion, spont\n\nasci/chem03/chem03767.htm lhttp://en.wikipedia.org/wiki/combustion 2024-25']","['hy? 2024-25 COMBUSTION AND FLAME 43We find that a combustible substance cannot catch fire or burn as long as its temperature is lower than its ignition temperature. Have you ever seen cooking oil catching fire when a frying pan is kept for long on a burning stove? Kerosene oil and wood do not catch fire on their own at room temperature. But, if kerosene oil is heated a little, it will catch fire. But if wood is heated a little, it would still not catch fire. Does it mean that ignition temperature of kerosene oil is lower than that of wood? Does it mean that we need to take special care in storing kerosene oil? The following activity shows that it is essential for a substance to reach ignition temperature to burn. Activity 4.4 (Caution : Be\n\nEMPERA TURE INFLAMMABLE SUBST ANCES WHAT YOU HAVE LEARNT WHAT YOU HAVE LEARNT WHAT YOU HAVE LEARNT WHAT YOU HAVE LEARNT WHAT YOU HAVE LEARNT ÜThe substances which burn in air are called combustible. ÜOxygen (in air) is essential for combustion. ÜDuring the process of combustion, heat and light are given out. ÜIgnition temperature is the lowest temperature at which a combustible substance catches fire. ÜInflammable substances have very low ignition temperature. ÜFire can be controlled by removing one or more requirements essential for producing fire. ÜWater is commonly used to contr ol fires. ÜWater cannot be used to contr ol fires involving electrical equipment or oils. ÜThere are various types of combustions such as rapid combustion, spont\n\nasci/chem03/chem03767.htm lhttp://en.wikipedia.org/wiki/combustion 2024-25']",['The minimum temperature at which a substance catches fire.'],,
What are combustible substances?,"Combustible substances are those that burn in air.
","['EMPERA TURE INFLAMMABLE SUBST ANCES WHAT YOU HAVE LEARNT WHAT YOU HAVE LEARNT WHAT YOU HAVE LEARNT WHAT YOU HAVE LEARNT WHAT YOU HAVE LEARNT ÜThe substances which burn in air are called combustible. ÜOxygen (in air) is essential for combustion. ÜDuring the process of combustion, heat and light are given out. ÜIgnition temperature is the lowest temperature at which a combustible substance catches fire. ÜInflammable substances have very low ignition temperature. ÜFire can be controlled by removing one or more requirements essential for producing fire. ÜWater is commonly used to contr ol fires. ÜWater cannot be used to contr ol fires involving electrical equipment or oils. ÜThere are various types of combustions such as rapid combustion, spont\n\nasci/chem03/chem03767.htm lhttp://en.wikipedia.org/wiki/combustion 2024-25\n\nammable substances . Examples of inflammable substances are petrol, alcohol, Liquified Petroleum Gas (LPG) etc. Can you list some more inflammable substances? 4.2How Do W e Contr ol Fir e? You must have seen or hear d of fir e breaking out in homes, shops and factories. If you have seen such an accident, write a short description in your note book. Also, share the experience with your classmates. It is important that all of us know the telephone numbers of the fire service.Fig. 4.6: Firemen extinguish the fire by throwing water under pressure Find out the telephone number of the fire service in your area. If a fire breaks out in your house or in your neighbourhood, the first thing to do is to call the fire service.Does your city/town have a']","['EMPERA TURE INFLAMMABLE SUBST ANCES WHAT YOU HAVE LEARNT WHAT YOU HAVE LEARNT WHAT YOU HAVE LEARNT WHAT YOU HAVE LEARNT WHAT YOU HAVE LEARNT ÜThe substances which burn in air are called combustible. ÜOxygen (in air) is essential for combustion. ÜDuring the process of combustion, heat and light are given out. ÜIgnition temperature is the lowest temperature at which a combustible substance catches fire. ÜInflammable substances have very low ignition temperature. ÜFire can be controlled by removing one or more requirements essential for producing fire. ÜWater is commonly used to contr ol fires. ÜWater cannot be used to contr ol fires involving electrical equipment or oils. ÜThere are various types of combustions such as rapid combustion, spont\n\nasci/chem03/chem03767.htm lhttp://en.wikipedia.org/wiki/combustion 2024-25\n\nammable substances . Examples of inflammable substances are petrol, alcohol, Liquified Petroleum Gas (LPG) etc. Can you list some more inflammable substances? 4.2How Do W e Contr ol Fir e? You must have seen or hear d of fir e breaking out in homes, shops and factories. If you have seen such an accident, write a short description in your note book. Also, share the experience with your classmates. It is important that all of us know the telephone numbers of the fire service.Fig. 4.6: Firemen extinguish the fire by throwing water under pressure Find out the telephone number of the fire service in your area. If a fire breaks out in your house or in your neighbourhood, the first thing to do is to call the fire service.Does your city/town have a']","['Substances that can catch fire and burn, like wood and paper.']",1.0,1.0
Why do forests sometimes catch fire spontaneously?,"Spontaneous forest fires are sometimes due to the heat of the sun or due to lightning strikes.
","['eads to trees, and very soon the whole forest is on fire (Fig. 4.4). It is very difficult to control such fires. whose clothes caught fire Now recall some of your experiences. Does a matchstick burn by itself? How does it burn? You must have had an experience of burning a piece of paper . Does it bur n when a burning matchstick is brought near it? Can you burn a piece of wood by bringing a lighted matchstick near it? Why do you have to use paper or kerosene oil to start fire in wood or coal? Have you heard of forest fires?is covered with a blanket to extinguish fire (Fig. 4.3). Can you guess why? 2024-25 COMBUSTION AND FLAME 43We find that a combustible substance cannot catch fire or burn as long as its temperature is lower than its igniti\n\nous combustion. 2024-25 SCIENCE 46 Spontaneous combustion of coal dust has resulted in many disastrous fires in coal mines. Spontaneous forest fires are sometimes due to the heat of the sun or due to lightning strike. However , most for est fir es ar e due to the carelessness of human beings. It is important to remember that the campfires must be completely extinguished before leaving a forest after a picnic, or a visit. We generally have fir eworks on festival days. When a cracker is ignited, a sudden reaction takes place with the evolution of heat, light and sound. A large amount of gas formed in the reaction is liberated. Such a reaction is called explosion. Explosion can also take place if pressure is applied on the cracker . 4.4Flame\n\nto help. in most cases cannot be eliminated. If, for instance, a building catches fire, the whole building is the fuel. 4.3Types of Combustion Bring a burning matchstick or a gas lighter near a gas stove in the kitchen. Turn on the knob of the gas stove. What do you observe?We find that the gas bur ns rapidly and produces heat and light. Such combustion is known as rapid combustion . There are substances like phosphorus which burn in air at room temperature. The type of combustion in which a material suddenly bursts into flames, without the application of any apparent cause is called spontaneous combustion. 2024-25 SCIENCE 46 Spontaneous combustion of coal dust has resulted in many disastrous fires in coal mines. Spontaneous forest fires a']","['eads to trees, and very soon the whole forest is on fire (Fig. 4.4). It is very difficult to control such fires. whose clothes caught fire Now recall some of your experiences. Does a matchstick burn by itself? How does it burn? You must have had an experience of burning a piece of paper . Does it bur n when a burning matchstick is brought near it? Can you burn a piece of wood by bringing a lighted matchstick near it? Why do you have to use paper or kerosene oil to start fire in wood or coal? Have you heard of forest fires?is covered with a blanket to extinguish fire (Fig. 4.3). Can you guess why? 2024-25 COMBUSTION AND FLAME 43We find that a combustible substance cannot catch fire or burn as long as its temperature is lower than its igniti\n\nous combustion. 2024-25 SCIENCE 46 Spontaneous combustion of coal dust has resulted in many disastrous fires in coal mines. Spontaneous forest fires are sometimes due to the heat of the sun or due to lightning strike. However , most for est fir es ar e due to the carelessness of human beings. It is important to remember that the campfires must be completely extinguished before leaving a forest after a picnic, or a visit. We generally have fir eworks on festival days. When a cracker is ignited, a sudden reaction takes place with the evolution of heat, light and sound. A large amount of gas formed in the reaction is liberated. Such a reaction is called explosion. Explosion can also take place if pressure is applied on the cracker . 4.4Flame\n\nto help. in most cases cannot be eliminated. If, for instance, a building catches fire, the whole building is the fuel. 4.3Types of Combustion Bring a burning matchstick or a gas lighter near a gas stove in the kitchen. Turn on the knob of the gas stove. What do you observe?We find that the gas bur ns rapidly and produces heat and light. Such combustion is known as rapid combustion . There are substances like phosphorus which burn in air at room temperature. The type of combustion in which a material suddenly bursts into flames, without the application of any apparent cause is called spontaneous combustion. 2024-25 SCIENCE 46 Spontaneous combustion of coal dust has resulted in many disastrous fires in coal mines. Spontaneous forest fires a']",['Due to heat from the sun causing dry grass to reach ignition temperature.'],1.0,0.9406912027029598
What is deforestation?,"Deforestation is the clearing of forests and using that land for other purposes.
","['plants and animals exist on earth. They are essential for the well-being and survival of mankind. Today, a major threat to survival of these organisms is deforestation . We know that deforestation means clearing of forests and using that land for other purposes. T r ees in the for est ar e cut for some of the purposes mentioned below: lProcuring land for cultivation. lBuilding houses and factories. lMaking furniture or using wood as fuel.How does deforestation reduce rainfall on the one hand and lead to floods on the other? decr ease. Mor eover , ther e will be increased chances of natural calamities such as floods and droughts. Recall that plants need carbon dioxide for photosynthesis. Fewer trees would mean that less carbon dioxide will\n\nproperties. Physical properties of the soil get affected by plantation and vegetation. Fewer trees result in more soil erosion. Removal of the top layer of the soil exposes the lower , har d and r ocky layers. This soil has less humus and is less fertile. Gradually the fertile land gets converted into deserts. It is called desertification . Deforestation also leads to a decrease in the water holding capacity of the soil. The movement of water from the soil surface into the gr ound (infiltration rate) is reduced. So, there are floods. The other properties of the soil like nutrient content, texture etc., also change because of deforestation. We have studied in Class VII that we get many products from forests. List these products. Will we fac\n\nCONSERVATION OF PLANTS AND ANIMALS CONSERVATION OF PLANTS AND ANIMALS We saw in Class VII that Paheli and Boojho had visited the forest along with Professor Ahmad and T ibu. They wer e eager to share their experiences with their classmates. Other children in the class were also eager to share their experiences as some of them had visited Bharatpur Sanctuary. Some others had heard about Kaziranga National Park, Lockchao Wildlife Sanctuary, Great Nicobar Biospher e Reserve and T iger Reserve, etc.Some natural causes of deforestation are forest fires and severe droughts. Activity 5.1 Add more causes of deforestation to your list and classify them into natural and man-made. 5.2Consequences of Deforestation Paheli and Boojho recalled the c']","['plants and animals exist on earth. They are essential for the well-being and survival of mankind. Today, a major threat to survival of these organisms is deforestation . We know that deforestation means clearing of forests and using that land for other purposes. T r ees in the for est ar e cut for some of the purposes mentioned below: lProcuring land for cultivation. lBuilding houses and factories. lMaking furniture or using wood as fuel.How does deforestation reduce rainfall on the one hand and lead to floods on the other? decr ease. Mor eover , ther e will be increased chances of natural calamities such as floods and droughts. Recall that plants need carbon dioxide for photosynthesis. Fewer trees would mean that less carbon dioxide will\n\nproperties. Physical properties of the soil get affected by plantation and vegetation. Fewer trees result in more soil erosion. Removal of the top layer of the soil exposes the lower , har d and r ocky layers. This soil has less humus and is less fertile. Gradually the fertile land gets converted into deserts. It is called desertification . Deforestation also leads to a decrease in the water holding capacity of the soil. The movement of water from the soil surface into the gr ound (infiltration rate) is reduced. So, there are floods. The other properties of the soil like nutrient content, texture etc., also change because of deforestation. We have studied in Class VII that we get many products from forests. List these products. Will we fac\n\nCONSERVATION OF PLANTS AND ANIMALS CONSERVATION OF PLANTS AND ANIMALS We saw in Class VII that Paheli and Boojho had visited the forest along with Professor Ahmad and T ibu. They wer e eager to share their experiences with their classmates. Other children in the class were also eager to share their experiences as some of them had visited Bharatpur Sanctuary. Some others had heard about Kaziranga National Park, Lockchao Wildlife Sanctuary, Great Nicobar Biospher e Reserve and T iger Reserve, etc.Some natural causes of deforestation are forest fires and severe droughts. Activity 5.1 Add more causes of deforestation to your list and classify them into natural and man-made. 5.2Consequences of Deforestation Paheli and Boojho recalled the c']",['Clearing of forests for other purposes like agriculture or construction.'],1.0,1.0
Why does deforestation cause floods?,"Deforestation reduces the soil's water holding capacity and infiltration rate, leading to increased runoff and floods.
","['plants and animals exist on earth. They are essential for the well-being and survival of mankind. Today, a major threat to survival of these organisms is deforestation . We know that deforestation means clearing of forests and using that land for other purposes. T r ees in the for est ar e cut for some of the purposes mentioned below: lProcuring land for cultivation. lBuilding houses and factories. lMaking furniture or using wood as fuel.How does deforestation reduce rainfall on the one hand and lead to floods on the other? decr ease. Mor eover , ther e will be increased chances of natural calamities such as floods and droughts. Recall that plants need carbon dioxide for photosynthesis. Fewer trees would mean that less carbon dioxide will\n\nproperties. Physical properties of the soil get affected by plantation and vegetation. Fewer trees result in more soil erosion. Removal of the top layer of the soil exposes the lower , har d and r ocky layers. This soil has less humus and is less fertile. Gradually the fertile land gets converted into deserts. It is called desertification . Deforestation also leads to a decrease in the water holding capacity of the soil. The movement of water from the soil surface into the gr ound (infiltration rate) is reduced. So, there are floods. The other properties of the soil like nutrient content, texture etc., also change because of deforestation. We have studied in Class VII that we get many products from forests. List these products. Will we fac\n\nCONSERVATION OF PLANTS AND ANIMALS CONSERVATION OF PLANTS AND ANIMALS We saw in Class VII that Paheli and Boojho had visited the forest along with Professor Ahmad and T ibu. They wer e eager to share their experiences with their classmates. Other children in the class were also eager to share their experiences as some of them had visited Bharatpur Sanctuary. Some others had heard about Kaziranga National Park, Lockchao Wildlife Sanctuary, Great Nicobar Biospher e Reserve and T iger Reserve, etc.Some natural causes of deforestation are forest fires and severe droughts. Activity 5.1 Add more causes of deforestation to your list and classify them into natural and man-made. 5.2Consequences of Deforestation Paheli and Boojho recalled the c']","['plants and animals exist on earth. They are essential for the well-being and survival of mankind. Today, a major threat to survival of these organisms is deforestation . We know that deforestation means clearing of forests and using that land for other purposes. T r ees in the for est ar e cut for some of the purposes mentioned below: lProcuring land for cultivation. lBuilding houses and factories. lMaking furniture or using wood as fuel.How does deforestation reduce rainfall on the one hand and lead to floods on the other? decr ease. Mor eover , ther e will be increased chances of natural calamities such as floods and droughts. Recall that plants need carbon dioxide for photosynthesis. Fewer trees would mean that less carbon dioxide will\n\nproperties. Physical properties of the soil get affected by plantation and vegetation. Fewer trees result in more soil erosion. Removal of the top layer of the soil exposes the lower , har d and r ocky layers. This soil has less humus and is less fertile. Gradually the fertile land gets converted into deserts. It is called desertification . Deforestation also leads to a decrease in the water holding capacity of the soil. The movement of water from the soil surface into the gr ound (infiltration rate) is reduced. So, there are floods. The other properties of the soil like nutrient content, texture etc., also change because of deforestation. We have studied in Class VII that we get many products from forests. List these products. Will we fac\n\nCONSERVATION OF PLANTS AND ANIMALS CONSERVATION OF PLANTS AND ANIMALS We saw in Class VII that Paheli and Boojho had visited the forest along with Professor Ahmad and T ibu. They wer e eager to share their experiences with their classmates. Other children in the class were also eager to share their experiences as some of them had visited Bharatpur Sanctuary. Some others had heard about Kaziranga National Park, Lockchao Wildlife Sanctuary, Great Nicobar Biospher e Reserve and T iger Reserve, etc.Some natural causes of deforestation are forest fires and severe droughts. Activity 5.1 Add more causes of deforestation to your list and classify them into natural and man-made. 5.2Consequences of Deforestation Paheli and Boojho recalled the c']",['Reduced water infiltration increases runoff leading to floods.'],,0.9225240607796579
What is biodiversity?,"The provided text discusses variation within populations and how it helps them survive environmental changes, but it doesn't directly define biodiversity.
","['beyond the contr ol of the organisms. Temperatures on earth can go up or down, water levels can vary, or there could be meteorite hits, to think of a few examples. If a population of reproducing organisms were suited to a particular niche and if the niche were drastically altered, the population could be wiped out. However , if some variations wer e to be pr esent in a few individuals in these populations, there would be some chance for them to survive. Thus, if there were a population of bacteria living in temperate waters, and if the water temperature were to be increased by global warming, most of these bacteria would die, but the few variants resistant to heat would survive and gr ow further . Variation is thus useful for the survival\n\nScience 128Figure 8.1Figure 8.1Figure 8.1Figure 8.1Figure 8.1 Creation of diversity over succeeding generations. The original organism at the top will give rise to, say, two individuals, similar in body design, but with subtle differences. Each of them, in turn, will give rise to two individuals in the next generation. Each of the four individuals in the bottom row will be dif fer ent fr om each other . While some of these differences will be unique, others will be inherited from their respective parents, who wer e different fr om each other .Heredity8 CHAPTER We have seen that r eproductive pr ocesses give rise to new individuals that ar e similar , but subtly dif ferent. W e have discussed how some amount of variation is produced even dur\n\nut subtly different from each other . This inbuilt tendency for variation during r eproduction is the basis for evolution, as we will discuss in the next chapter . 7.1.1 The Impor tance of V ariation Populations of organisms fill well-defined places, or niches, in the ecosystem, using their ability to reproduce. The consistency of DNA copying during reproduction is important for the maintenance of body design features that allow the organism to use that particular niche. Reproduction is therefore linked to the stability of populations of species. However , niches can change because of r easons beyond the contr ol of the organisms. Temperatures on earth can go up or down, water levels can vary, or there could be meteorite hits, to think of a']","['beyond the contr ol of the organisms. Temperatures on earth can go up or down, water levels can vary, or there could be meteorite hits, to think of a few examples. If a population of reproducing organisms were suited to a particular niche and if the niche were drastically altered, the population could be wiped out. However , if some variations wer e to be pr esent in a few individuals in these populations, there would be some chance for them to survive. Thus, if there were a population of bacteria living in temperate waters, and if the water temperature were to be increased by global warming, most of these bacteria would die, but the few variants resistant to heat would survive and gr ow further . Variation is thus useful for the survival\n\nScience 128Figure 8.1Figure 8.1Figure 8.1Figure 8.1Figure 8.1 Creation of diversity over succeeding generations. The original organism at the top will give rise to, say, two individuals, similar in body design, but with subtle differences. Each of them, in turn, will give rise to two individuals in the next generation. Each of the four individuals in the bottom row will be dif fer ent fr om each other . While some of these differences will be unique, others will be inherited from their respective parents, who wer e different fr om each other .Heredity8 CHAPTER We have seen that r eproductive pr ocesses give rise to new individuals that ar e similar , but subtly dif ferent. W e have discussed how some amount of variation is produced even dur\n\nut subtly different from each other . This inbuilt tendency for variation during r eproduction is the basis for evolution, as we will discuss in the next chapter . 7.1.1 The Impor tance of V ariation Populations of organisms fill well-defined places, or niches, in the ecosystem, using their ability to reproduce. The consistency of DNA copying during reproduction is important for the maintenance of body design features that allow the organism to use that particular niche. Reproduction is therefore linked to the stability of populations of species. However , niches can change because of r easons beyond the contr ol of the organisms. Temperatures on earth can go up or down, water levels can vary, or there could be meteorite hits, to think of a']","['Variety of plants, animals, and microorganisms in an area.']",,0.8920039651471144
What are biosphere reserves?,"Biosphere reserves are large protected areas meant for conservation of wild life, plant and animal resources, and the traditional life of the tribals living there.
","['ide the children inside the biosphere reserve. He explains that preserving areas of such biological importance make them a part of our national heritage . Madhavji explains to the children that apart from our personal efforts and efforts of the society, government To protect our flora and fauna and their habitats, protected areas called wildlife sanctuaries, national parks and biosphere reserves have been earmarked. Plantation, cultivation, grazing, felling trees, hunting and poaching are prohibited there. Wildlife Sanctuary : Areas where animals are protected from any disturbance to them and their habitat . National Park : Areas reserved for wild life where they can freely use the habitats and natural resources. Biosphere Reserve : Large\n\nd their habitat . National Park : Areas reserved for wild life where they can freely use the habitats and natural resources. Biosphere Reserve : Large areas of protected land for conservation of wild life, plant and animal resources and traditional life of the tribals living in the area. 2024-25 CONSER VATION OF PLANTS AND ANIMALS 55agencies also take care of the forests and animals. The government lays down rules, methods and policies to protect and conserve them. Wildlife sanctuaries, national parks, biosphere reserves etc., are protected areas for conservation of plants and animals present in that area. Activity 5.3 Find out the number of national parks, wildlife sanctuaries and biosphere reserves in your district, state and country. Rec\n\nin that area. Activity 5.3 Find out the number of national parks, wildlife sanctuaries and biosphere reserves in your district, state and country. Record in Table 5.1. Show these areas in an outline map of your state and India. Children along with Professor Ahmad and Madhavji enter the biosphere reserve area. Madhavji explains that biosphere reserves are the areas meant for conservation of biodiversity. As you are aware that biodiversity is the variety of plants, animals and microorganisms generally found in an area. The biosphere reserves help to maintain the biodiversity and culture of that area. A biosphere reserve may also contain other protected areas in it. The Pachmarhi Biosphere Reserve consists of one national park named Satpur']","['ide the children inside the biosphere reserve. He explains that preserving areas of such biological importance make them a part of our national heritage . Madhavji explains to the children that apart from our personal efforts and efforts of the society, government To protect our flora and fauna and their habitats, protected areas called wildlife sanctuaries, national parks and biosphere reserves have been earmarked. Plantation, cultivation, grazing, felling trees, hunting and poaching are prohibited there. Wildlife Sanctuary : Areas where animals are protected from any disturbance to them and their habitat . National Park : Areas reserved for wild life where they can freely use the habitats and natural resources. Biosphere Reserve : Large\n\nd their habitat . National Park : Areas reserved for wild life where they can freely use the habitats and natural resources. Biosphere Reserve : Large areas of protected land for conservation of wild life, plant and animal resources and traditional life of the tribals living in the area. 2024-25 CONSER VATION OF PLANTS AND ANIMALS 55agencies also take care of the forests and animals. The government lays down rules, methods and policies to protect and conserve them. Wildlife sanctuaries, national parks, biosphere reserves etc., are protected areas for conservation of plants and animals present in that area. Activity 5.3 Find out the number of national parks, wildlife sanctuaries and biosphere reserves in your district, state and country. Rec\n\nin that area. Activity 5.3 Find out the number of national parks, wildlife sanctuaries and biosphere reserves in your district, state and country. Record in Table 5.1. Show these areas in an outline map of your state and India. Children along with Professor Ahmad and Madhavji enter the biosphere reserve area. Madhavji explains that biosphere reserves are the areas meant for conservation of biodiversity. As you are aware that biodiversity is the variety of plants, animals and microorganisms generally found in an area. The biosphere reserves help to maintain the biodiversity and culture of that area. A biosphere reserve may also contain other protected areas in it. The Pachmarhi Biosphere Reserve consists of one national park named Satpur']","['Large protected areas conserving wildlife, plants, animals, and traditional tribal life.']",1.0,0.9637519900942261
What are wildlife sanctuaries?,"Wildlife sanctuaries are protected areas where animals are safe from disturbance and their habitats are preserved.
","['is forest. There are more than one hundred National Parks i n India. It is a pity that even protected forests are not safe because people living in the neighbourhood encroach upon them and destroy them. Children are reminded of their visit to the zoo. They recall that zoos are also places where animals receive protection.Some of the threatened wild animals like black buck, white eyed buck, elephant, golden cat, pink headed duck, gharial, marsh crocodile, python, rhinoceros, etc., are protected and preserved in our wild life sanctuaries. Indian sanctuaries have unique landscapes—broad level forests, mountain forests and bush lands in deltas of big rivers. Activity 5.7 Visit a nearby zoo. Observe the conditions provided to the animals. Were\n\nd their habitat . National Park : Areas reserved for wild life where they can freely use the habitats and natural resources. Biosphere Reserve : Large areas of protected land for conservation of wild life, plant and animal resources and traditional life of the tribals living in the area. 2024-25 CONSER VATION OF PLANTS AND ANIMALS 55agencies also take care of the forests and animals. The government lays down rules, methods and policies to protect and conserve them. Wildlife sanctuaries, national parks, biosphere reserves etc., are protected areas for conservation of plants and animals present in that area. Activity 5.3 Find out the number of national parks, wildlife sanctuaries and biosphere reserves in your district, state and country. Rec\n\nide the children inside the biosphere reserve. He explains that preserving areas of such biological importance make them a part of our national heritage . Madhavji explains to the children that apart from our personal efforts and efforts of the society, government To protect our flora and fauna and their habitats, protected areas called wildlife sanctuaries, national parks and biosphere reserves have been earmarked. Plantation, cultivation, grazing, felling trees, hunting and poaching are prohibited there. Wildlife Sanctuary : Areas where animals are protected from any disturbance to them and their habitat . National Park : Areas reserved for wild life where they can freely use the habitats and natural resources. Biosphere Reserve : Large']","['is forest. There are more than one hundred National Parks i n India. It is a pity that even protected forests are not safe because people living in the neighbourhood encroach upon them and destroy them. Children are reminded of their visit to the zoo. They recall that zoos are also places where animals receive protection.Some of the threatened wild animals like black buck, white eyed buck, elephant, golden cat, pink headed duck, gharial, marsh crocodile, python, rhinoceros, etc., are protected and preserved in our wild life sanctuaries. Indian sanctuaries have unique landscapes—broad level forests, mountain forests and bush lands in deltas of big rivers. Activity 5.7 Visit a nearby zoo. Observe the conditions provided to the animals. Were\n\nd their habitat . National Park : Areas reserved for wild life where they can freely use the habitats and natural resources. Biosphere Reserve : Large areas of protected land for conservation of wild life, plant and animal resources and traditional life of the tribals living in the area. 2024-25 CONSER VATION OF PLANTS AND ANIMALS 55agencies also take care of the forests and animals. The government lays down rules, methods and policies to protect and conserve them. Wildlife sanctuaries, national parks, biosphere reserves etc., are protected areas for conservation of plants and animals present in that area. Activity 5.3 Find out the number of national parks, wildlife sanctuaries and biosphere reserves in your district, state and country. Rec\n\nide the children inside the biosphere reserve. He explains that preserving areas of such biological importance make them a part of our national heritage . Madhavji explains to the children that apart from our personal efforts and efforts of the society, government To protect our flora and fauna and their habitats, protected areas called wildlife sanctuaries, national parks and biosphere reserves have been earmarked. Plantation, cultivation, grazing, felling trees, hunting and poaching are prohibited there. Wildlife Sanctuary : Areas where animals are protected from any disturbance to them and their habitat . National Park : Areas reserved for wild life where they can freely use the habitats and natural resources. Biosphere Reserve : Large']",['Areas protecting animals from human disturbances and preserving habitats.'],1.0,
What is reproduction in animals?,"Reproduction in animals is the process by which animals create new individuals, ensuring the continuation of their species through either sexual or asexual means.
","['REPRODUCTION IN ANIMALS REPRODUCTION IN ANIMALS Do you recall the processes of digestion, circulation and respiration which you have studied in your previous classes? These processes are essential for the survival of every individual. Y ou have also lear nt about the process of reproduction in plants. Reproduction is essential for the continuation of a species. Imagine what would have happened if organisms had not r eproduced. Y ou will r ealise that reproduction is very important as it ensures the continuation of similar kinds of individuals, generation after generation. You have alr eady lear nt in your previous class about reproduction in plants. In this chapter , we shall lear n how reproduction takes place in animals. 6.1 Modes of Re\n\nHow do Organisms Reproduce ?7 CHAPTER Before we discuss the mechanisms by which organisms reproduce, let us ask a more basic question – why do organisms reproduce? After all, reproduction is not necessary to maintain the life of an individual organism, unlike the essential life processes such as nutrition, respiration, or excretion. On the other hand, if an individual organism is going to create more individuals, a lot of its energy will be spent in the process. So why should an individual organism waste energy on a process it does not need to stay alive? It would be interesting to discuss the possible answers in the classroom! Whatever the answer to this question, it is obvious that we notice organisms because they reproduce. If there were\n\near nt in your previous class about reproduction in plants. In this chapter , we shall lear n how reproduction takes place in animals. 6.1 Modes of Reproduction Have you seen the young ones of dif ferent animals? T ry to name some of the young ones by completing Table 6.1 shown in examples at S. No. 1 and 5. You must have seen the young ones of various animals being born. Can you tell how chicks and caterpillars are born? How are kittens and puppies born? Do you think that these young ones looked the same before they were born as they do now? Let us find out.Just as in plants, there are two modes by which animals reproduce. These are: (i)Sexual reproduction, and (ii)Asexual reproduction. 6.2 Sexual Reproduction Try to r ecall r eproduction']","['REPRODUCTION IN ANIMALS REPRODUCTION IN ANIMALS Do you recall the processes of digestion, circulation and respiration which you have studied in your previous classes? These processes are essential for the survival of every individual. Y ou have also lear nt about the process of reproduction in plants. Reproduction is essential for the continuation of a species. Imagine what would have happened if organisms had not r eproduced. Y ou will r ealise that reproduction is very important as it ensures the continuation of similar kinds of individuals, generation after generation. You have alr eady lear nt in your previous class about reproduction in plants. In this chapter , we shall lear n how reproduction takes place in animals. 6.1 Modes of Re\n\nHow do Organisms Reproduce ?7 CHAPTER Before we discuss the mechanisms by which organisms reproduce, let us ask a more basic question – why do organisms reproduce? After all, reproduction is not necessary to maintain the life of an individual organism, unlike the essential life processes such as nutrition, respiration, or excretion. On the other hand, if an individual organism is going to create more individuals, a lot of its energy will be spent in the process. So why should an individual organism waste energy on a process it does not need to stay alive? It would be interesting to discuss the possible answers in the classroom! Whatever the answer to this question, it is obvious that we notice organisms because they reproduce. If there were\n\near nt in your previous class about reproduction in plants. In this chapter , we shall lear n how reproduction takes place in animals. 6.1 Modes of Reproduction Have you seen the young ones of dif ferent animals? T ry to name some of the young ones by completing Table 6.1 shown in examples at S. No. 1 and 5. You must have seen the young ones of various animals being born. Can you tell how chicks and caterpillars are born? How are kittens and puppies born? Do you think that these young ones looked the same before they were born as they do now? Let us find out.Just as in plants, there are two modes by which animals reproduce. These are: (i)Sexual reproduction, and (ii)Asexual reproduction. 6.2 Sexual Reproduction Try to r ecall r eproduction']",['Process by which animals produce offspring to ensure species survival.'],,0.9999999999999997
What are the two modes of reproduction in animals?,"The two modes of reproduction in animals are sexual reproduction and asexual reproduction.
","['REPRODUCTION IN ANIMALS REPRODUCTION IN ANIMALS Do you recall the processes of digestion, circulation and respiration which you have studied in your previous classes? These processes are essential for the survival of every individual. Y ou have also lear nt about the process of reproduction in plants. Reproduction is essential for the continuation of a species. Imagine what would have happened if organisms had not r eproduced. Y ou will r ealise that reproduction is very important as it ensures the continuation of similar kinds of individuals, generation after generation. You have alr eady lear nt in your previous class about reproduction in plants. In this chapter , we shall lear n how reproduction takes place in animals. 6.1 Modes of Re\n\near nt in your previous class about reproduction in plants. In this chapter , we shall lear n how reproduction takes place in animals. 6.1 Modes of Reproduction Have you seen the young ones of dif ferent animals? T ry to name some of the young ones by completing Table 6.1 shown in examples at S. No. 1 and 5. You must have seen the young ones of various animals being born. Can you tell how chicks and caterpillars are born? How are kittens and puppies born? Do you think that these young ones looked the same before they were born as they do now? Let us find out.Just as in plants, there are two modes by which animals reproduce. These are: (i)Sexual reproduction, and (ii)Asexual reproduction. 6.2 Sexual Reproduction Try to r ecall r eproduction\n\nential part of the process of reproduction? 7.3 SEXUAL REPRODUCTION7.3 SEXUAL REPRODUCTION7.3 SEXUAL REPRODUCTION7.3 SEXUAL REPRODUCTION7.3 SEXUAL REPRODUCTION We are also familiar with modes of r eproduction that depend on the involvement of two individuals before a new generation can be created. Bulls alone cannot produce new calves, nor can hens alone produce new chicks. In such cases, both sexes, males and females, are needed to produce new generations. What is the significance of this sexual mode of reproduction? Are there any limitations of the asexual mode of reproduction, which we have been discussing above? 7.3.1 Why the Sexual Mode of Reproduction? The creation of two new cells from one involves copying of the DNA as well as of th']","['REPRODUCTION IN ANIMALS REPRODUCTION IN ANIMALS Do you recall the processes of digestion, circulation and respiration which you have studied in your previous classes? These processes are essential for the survival of every individual. Y ou have also lear nt about the process of reproduction in plants. Reproduction is essential for the continuation of a species. Imagine what would have happened if organisms had not r eproduced. Y ou will r ealise that reproduction is very important as it ensures the continuation of similar kinds of individuals, generation after generation. You have alr eady lear nt in your previous class about reproduction in plants. In this chapter , we shall lear n how reproduction takes place in animals. 6.1 Modes of Re\n\near nt in your previous class about reproduction in plants. In this chapter , we shall lear n how reproduction takes place in animals. 6.1 Modes of Reproduction Have you seen the young ones of dif ferent animals? T ry to name some of the young ones by completing Table 6.1 shown in examples at S. No. 1 and 5. You must have seen the young ones of various animals being born. Can you tell how chicks and caterpillars are born? How are kittens and puppies born? Do you think that these young ones looked the same before they were born as they do now? Let us find out.Just as in plants, there are two modes by which animals reproduce. These are: (i)Sexual reproduction, and (ii)Asexual reproduction. 6.2 Sexual Reproduction Try to r ecall r eproduction\n\nential part of the process of reproduction? 7.3 SEXUAL REPRODUCTION7.3 SEXUAL REPRODUCTION7.3 SEXUAL REPRODUCTION7.3 SEXUAL REPRODUCTION7.3 SEXUAL REPRODUCTION We are also familiar with modes of r eproduction that depend on the involvement of two individuals before a new generation can be created. Bulls alone cannot produce new calves, nor can hens alone produce new chicks. In such cases, both sexes, males and females, are needed to produce new generations. What is the significance of this sexual mode of reproduction? Are there any limitations of the asexual mode of reproduction, which we have been discussing above? 7.3.1 Why the Sexual Mode of Reproduction? The creation of two new cells from one involves copying of the DNA as well as of th']",['Sexual and asexual reproduction.'],1.0,1.0000000000000002
What is fertilization in animals?,"Fertilization in animals is the fusion of a male and a female gamete.
","['REPRODUCTION IN ANIMALS REPRODUCTION IN ANIMALS Do you recall the processes of digestion, circulation and respiration which you have studied in your previous classes? These processes are essential for the survival of every individual. Y ou have also lear nt about the process of reproduction in plants. Reproduction is essential for the continuation of a species. Imagine what would have happened if organisms had not r eproduced. Y ou will r ealise that reproduction is very important as it ensures the continuation of similar kinds of individuals, generation after generation. You have alr eady lear nt in your previous class about reproduction in plants. In this chapter , we shall lear n how reproduction takes place in animals. 6.1 Modes of Re\n\nntribution of male and female parents ensured in the progeny? 2024-25\n\ns randomly in water with the help of its long tail. The sperms come in contact with the eggs. This results in fertili sation. This type of fertilis ation in which the fusion of a male and a female gamete takes place outside the body of the female is called external fertili sation . It is very common in aquatic animals such as fish, star fish , etc. 2024-25 SCIENCE 70 Development of Embryo Fertilisation results in the formation of zygote which begins to develop into an embryo [Fig. 6.8(a)]. The zygote divides repeatedly to give rise to a ball of cells [Fig. 6.8(b)]. The cells then begin to form groups that develop into different tissues and organs of the body. This developing structure is termed an embryo . The embryo gets embedded in the wa']","['REPRODUCTION IN ANIMALS REPRODUCTION IN ANIMALS Do you recall the processes of digestion, circulation and respiration which you have studied in your previous classes? These processes are essential for the survival of every individual. Y ou have also lear nt about the process of reproduction in plants. Reproduction is essential for the continuation of a species. Imagine what would have happened if organisms had not r eproduced. Y ou will r ealise that reproduction is very important as it ensures the continuation of similar kinds of individuals, generation after generation. You have alr eady lear nt in your previous class about reproduction in plants. In this chapter , we shall lear n how reproduction takes place in animals. 6.1 Modes of Re\n\nntribution of male and female parents ensured in the progeny? 2024-25\n\ns randomly in water with the help of its long tail. The sperms come in contact with the eggs. This results in fertili sation. This type of fertilis ation in which the fusion of a male and a female gamete takes place outside the body of the female is called external fertili sation . It is very common in aquatic animals such as fish, star fish , etc. 2024-25 SCIENCE 70 Development of Embryo Fertilisation results in the formation of zygote which begins to develop into an embryo [Fig. 6.8(a)]. The zygote divides repeatedly to give rise to a ball of cells [Fig. 6.8(b)]. The cells then begin to form groups that develop into different tissues and organs of the body. This developing structure is termed an embryo . The embryo gets embedded in the wa']",['Fusion of male and female gametes (egg and sperm).'],1.0,1.0000000000000002
What are the main male reproductive organs in humans?,"The main male reproductive organs in humans are a pair of testes, two sperm ducts, and a penis.
","['male and female gametes is called sexual reproduction . Let us find out the reproductive partsTable 6.1 S. No. Animal Young one 1. Human Baby 2. Cat 3. Dog 4. Butterfly 5. Hen Chick 6. Cow 7. Frog 2024-25 in humans and study the process of reproduction in them. Male Reproductive Organs The male reproductive organs include a pair of testes (singular , testis), two sper m ducts and a penis (Fig. 6.1). The testes produce the male gametes called sperms . Millions of sperms are produced by the testes. Look at Fig. 6.2 which shows the picture of a sperm. Though sperms are very small in size, each has a head, a middle piece and a tail. Does it appear to be a single cell? Indeed, eachsperm is a single cell with all the usual cell components. organs\n\nxual act, such as the penis when it is capable of becoming erect. In mammals such as humans, the baby is carried in the mother’s body for a long period, and will be breast-fed later. The female r eproductive or gans and br easts will need to matur e to accommodate these possibilities. Let us look at the systems involved in the process of sexual reproduction. 7.3.3 (a) Male Reproductive System The male reproductive system (Fig. 7.10) consists of portions which produce the germ-cells and other portions that deliver the germ-cells to the site of fertilisation. The formation of germ-cells or sperms takes place in the testes. These are located outside the abdominal cavity in scrotum because sperm formation requires a lower temperature than the n\n\nntribution of male and female parents ensured in the progeny? 2024-25']","['male and female gametes is called sexual reproduction . Let us find out the reproductive partsTable 6.1 S. No. Animal Young one 1. Human Baby 2. Cat 3. Dog 4. Butterfly 5. Hen Chick 6. Cow 7. Frog 2024-25 in humans and study the process of reproduction in them. Male Reproductive Organs The male reproductive organs include a pair of testes (singular , testis), two sper m ducts and a penis (Fig. 6.1). The testes produce the male gametes called sperms . Millions of sperms are produced by the testes. Look at Fig. 6.2 which shows the picture of a sperm. Though sperms are very small in size, each has a head, a middle piece and a tail. Does it appear to be a single cell? Indeed, eachsperm is a single cell with all the usual cell components. organs\n\nxual act, such as the penis when it is capable of becoming erect. In mammals such as humans, the baby is carried in the mother’s body for a long period, and will be breast-fed later. The female r eproductive or gans and br easts will need to matur e to accommodate these possibilities. Let us look at the systems involved in the process of sexual reproduction. 7.3.3 (a) Male Reproductive System The male reproductive system (Fig. 7.10) consists of portions which produce the germ-cells and other portions that deliver the germ-cells to the site of fertilisation. The formation of germ-cells or sperms takes place in the testes. These are located outside the abdominal cavity in scrotum because sperm formation requires a lower temperature than the n\n\nntribution of male and female parents ensured in the progeny? 2024-25']","['Testes, sperm ducts, and penis.']",,1.0000000000000002
What female reproductive organs produce eggs?,"The ovaries produce female gametes called ova, which are also known as eggs.
","['s born, the ovaries already contain thousands of immature eggs. On reaching puberty, some of these start maturing. One egg is produced every month by one of the ovaries. The egg is carried from the ovary to the womb through a thin oviduct or fallopian tube. The two oviducts unite into an elastic bag-like structure known as the uterus. The uterus opens into the vagina through the cervix. The sperms enter through the vaginal passage during sexual intercourse. They travel upwards and reach the oviduct where they may encounter the egg. The fertilised egg (zygote) starts dividing and form a ball of cells or embryo. The embryo i s implanted in the li ning of the uterus where they continue to gr ow and develop or gans to become foetus. W e have se\n\nSexual reproduction, and (ii) Asexual reproduction. ÜReproduction resulting from the fusion of male and female gametes is called sexual reproduction. ÜThe reproductive organs in the female include ovaries, oviducts and uterus. ÜThe reproductive organs in male include testes, sperm ducts and penis. ÜThe ovary produces female gametes called ova and the testes produce male gametes called sperms. ÜThe fusion of ovum and sperm is called fertilisation. The fertilised egg is called a zygote. ÜFertilisation that takes place inside the female body is called internal fertilisation. This is observed in human beings and other animals such as hens, cows and dogs. ÜFertilisation that takes place outside the female body is called external fertilisation.\n\nential part of the process of reproduction? 7.3 SEXUAL REPRODUCTION7.3 SEXUAL REPRODUCTION7.3 SEXUAL REPRODUCTION7.3 SEXUAL REPRODUCTION7.3 SEXUAL REPRODUCTION We are also familiar with modes of r eproduction that depend on the involvement of two individuals before a new generation can be created. Bulls alone cannot produce new calves, nor can hens alone produce new chicks. In such cases, both sexes, males and females, are needed to produce new generations. What is the significance of this sexual mode of reproduction? Are there any limitations of the asexual mode of reproduction, which we have been discussing above? 7.3.1 Why the Sexual Mode of Reproduction? The creation of two new cells from one involves copying of the DNA as well as of th']","['s born, the ovaries already contain thousands of immature eggs. On reaching puberty, some of these start maturing. One egg is produced every month by one of the ovaries. The egg is carried from the ovary to the womb through a thin oviduct or fallopian tube. The two oviducts unite into an elastic bag-like structure known as the uterus. The uterus opens into the vagina through the cervix. The sperms enter through the vaginal passage during sexual intercourse. They travel upwards and reach the oviduct where they may encounter the egg. The fertilised egg (zygote) starts dividing and form a ball of cells or embryo. The embryo i s implanted in the li ning of the uterus where they continue to gr ow and develop or gans to become foetus. W e have se\n\nSexual reproduction, and (ii) Asexual reproduction. ÜReproduction resulting from the fusion of male and female gametes is called sexual reproduction. ÜThe reproductive organs in the female include ovaries, oviducts and uterus. ÜThe reproductive organs in male include testes, sperm ducts and penis. ÜThe ovary produces female gametes called ova and the testes produce male gametes called sperms. ÜThe fusion of ovum and sperm is called fertilisation. The fertilised egg is called a zygote. ÜFertilisation that takes place inside the female body is called internal fertilisation. This is observed in human beings and other animals such as hens, cows and dogs. ÜFertilisation that takes place outside the female body is called external fertilisation.\n\nential part of the process of reproduction? 7.3 SEXUAL REPRODUCTION7.3 SEXUAL REPRODUCTION7.3 SEXUAL REPRODUCTION7.3 SEXUAL REPRODUCTION7.3 SEXUAL REPRODUCTION We are also familiar with modes of r eproduction that depend on the involvement of two individuals before a new generation can be created. Bulls alone cannot produce new calves, nor can hens alone produce new chicks. In such cases, both sexes, males and females, are needed to produce new generations. What is the significance of this sexual mode of reproduction? Are there any limitations of the asexual mode of reproduction, which we have been discussing above? 7.3.1 Why the Sexual Mode of Reproduction? The creation of two new cells from one involves copying of the DNA as well as of th']",['Ovaries.'],1.0,0.8598841824853531
What is adolescence?,"Adolescence is the period of life when the body undergoes changes leading to reproductive maturity, typically beginning around age 11 and lasting until 18 or 19.
","['areI wonder how long this period marked by changes in the body will last! no longer a child but are on the way to becoming an adult. It is a strange period of life when you are neither a child nor an adult. I wonder whether this period between childhood and adulthood had a special name! Growing up is a natural process. The period of life, when the body undergoes changes, leading to reproductive maturity, is called adolescence. Adolescence begins around the age of 11 and lasts upto 18 or 19 years of age. Since this period covers the ‘teens’ (13 to 18 or 19 years of age), adolescents are also called ‘teenagers’. In girls, adolescence may begin a year or two earlier than in boys. Also, the period of adolescence varies from person to person.\n\nrowth, in which the body becomes lar ger. But in early teenage years, a whole new set of changes occurs that cannot be explained simply as body enlargement. Instead, the appearance of the body changes. Proportions change, new featur es appear , and so do new sensations. Some of these changes ar e common to both boys and girls. W e begin to notice thick hair growing in new parts of the body such as armpits and the genital area between the thighs, which can also become darker in colour . Thinner hair can also appear on legs and ar ms, as well as on the face. The skin frequently becomes oily and we might begin to develop pimples. W e begin to be conscious and awar e of both our own bodies and those of others in new ways. On the other hand, the\n\np Fig. 6.1 and 6.3 of the previous lesson which show sex organs of humans. At puberty, male sex organs like the testes and penis develop completely. The testes also begin to produce sperms. In girls, the ovaries enlarge and eggs begin to mature. Also ovaries start releasing mature eggs. Reaching Mental, Intellectual and Emotional Maturity Adolescence is also a period of change in a person’s way of thinking. Adolescents are more independent than before and are also self conscious. Intellectual development takes place and they tend to spend considerable time thinking. In fact, it is often the time in one’s life when the brain has the greatest capacity for learning. Sometimes, however , an adolescent may feel insecure while trying to adjust to']","['areI wonder how long this period marked by changes in the body will last! no longer a child but are on the way to becoming an adult. It is a strange period of life when you are neither a child nor an adult. I wonder whether this period between childhood and adulthood had a special name! Growing up is a natural process. The period of life, when the body undergoes changes, leading to reproductive maturity, is called adolescence. Adolescence begins around the age of 11 and lasts upto 18 or 19 years of age. Since this period covers the ‘teens’ (13 to 18 or 19 years of age), adolescents are also called ‘teenagers’. In girls, adolescence may begin a year or two earlier than in boys. Also, the period of adolescence varies from person to person.\n\nrowth, in which the body becomes lar ger. But in early teenage years, a whole new set of changes occurs that cannot be explained simply as body enlargement. Instead, the appearance of the body changes. Proportions change, new featur es appear , and so do new sensations. Some of these changes ar e common to both boys and girls. W e begin to notice thick hair growing in new parts of the body such as armpits and the genital area between the thighs, which can also become darker in colour . Thinner hair can also appear on legs and ar ms, as well as on the face. The skin frequently becomes oily and we might begin to develop pimples. W e begin to be conscious and awar e of both our own bodies and those of others in new ways. On the other hand, the\n\np Fig. 6.1 and 6.3 of the previous lesson which show sex organs of humans. At puberty, male sex organs like the testes and penis develop completely. The testes also begin to produce sperms. In girls, the ovaries enlarge and eggs begin to mature. Also ovaries start releasing mature eggs. Reaching Mental, Intellectual and Emotional Maturity Adolescence is also a period of change in a person’s way of thinking. Adolescents are more independent than before and are also self conscious. Intellectual development takes place and they tend to spend considerable time thinking. In fact, it is often the time in one’s life when the brain has the greatest capacity for learning. Sometimes, however , an adolescent may feel insecure while trying to adjust to']",['Life period of physical and psychological changes leading to reproductive maturity.'],,0.940722148180171
What marks the beginning of puberty in humans?,"The most important change which marks puberty is that boys and girls become capable of reproduction.
","['we might begin to develop pimples. W e begin to be conscious and awar e of both our own bodies and those of others in new ways. On the other hand, there are also changes taking place that are different between boys and girls. In girls, breast size begins to increase, with darkening of the skin of the nipples at the tips of the breasts. Also, girls begin to menstruate at around this time. Boys begin to have new thick hair gr owth on the face and their voices begin to crack. Further , the penis occasionally begins to become enlarged and erect, either in daydreams or at night. All of these changes take place slowly, over a period of months and years. They do not happen all at the same time in one person, nor do they happen at an exact age. In\n\nalled ‘teenagers’. In girls, adolescence may begin a year or two earlier than in boys. Also, the period of adolescence varies from person to person. The human body undergoes several changes during adolescence. These changes mark the onset of puberty . The most important change which marks puberty is that boys and girls become capable of reproduction. Puberty ends when an adolescent reaches reproductive maturity. REACHING THE AGE OF ADOLESCENCE REACHING THE AGE OF ADOLESCENCE 2024-25 SCIENCE 80 % of full height Boys Girls 8 72% 77% 9 75% 81% 10 78% 84% 11 81% 88% 12 84% 91% 13 88% 95% 14 92% 98% 15 95% 99% 16 98% 99.5% 17 99% 100% 18 100% 100%Age in YearsPaheli and Boojho realised that sudden increase in height and hairy line above the l\n\nVE LEARNT ÜHumans become capable of reproduction after puberty sets in. Children between the ages of 11 and 19 years are called adolescents. ÜThe onset of puberty brings about growth of the reproductive organs. Hair grow at various places on the body. Breasts develop in girls and facial hair (moustache and beard) appear in boys. V oice of boys becomes hoarse as voice box enlarges during adolescence. ÜChildren gain height during adolescence. ÜThe onset of puberty and maturity of reproductive parts are controlled by hormones. ÜHormones are secretions of endocrine glands which pour them directly into the blood stream. ÜPituitary gland secretes hormones which include growth hormone and hormones that make other glands such as the testes, ovarie']","['we might begin to develop pimples. W e begin to be conscious and awar e of both our own bodies and those of others in new ways. On the other hand, there are also changes taking place that are different between boys and girls. In girls, breast size begins to increase, with darkening of the skin of the nipples at the tips of the breasts. Also, girls begin to menstruate at around this time. Boys begin to have new thick hair gr owth on the face and their voices begin to crack. Further , the penis occasionally begins to become enlarged and erect, either in daydreams or at night. All of these changes take place slowly, over a period of months and years. They do not happen all at the same time in one person, nor do they happen at an exact age. In\n\nalled ‘teenagers’. In girls, adolescence may begin a year or two earlier than in boys. Also, the period of adolescence varies from person to person. The human body undergoes several changes during adolescence. These changes mark the onset of puberty . The most important change which marks puberty is that boys and girls become capable of reproduction. Puberty ends when an adolescent reaches reproductive maturity. REACHING THE AGE OF ADOLESCENCE REACHING THE AGE OF ADOLESCENCE 2024-25 SCIENCE 80 % of full height Boys Girls 8 72% 77% 9 75% 81% 10 78% 84% 11 81% 88% 12 84% 91% 13 88% 95% 14 92% 98% 15 95% 99% 16 98% 99.5% 17 99% 100% 18 100% 100%Age in YearsPaheli and Boojho realised that sudden increase in height and hairy line above the l\n\nVE LEARNT ÜHumans become capable of reproduction after puberty sets in. Children between the ages of 11 and 19 years are called adolescents. ÜThe onset of puberty brings about growth of the reproductive organs. Hair grow at various places on the body. Breasts develop in girls and facial hair (moustache and beard) appear in boys. V oice of boys becomes hoarse as voice box enlarges during adolescence. ÜChildren gain height during adolescence. ÜThe onset of puberty and maturity of reproductive parts are controlled by hormones. ÜHormones are secretions of endocrine glands which pour them directly into the blood stream. ÜPituitary gland secretes hormones which include growth hormone and hormones that make other glands such as the testes, ovarie']",['Capability of reproduction.'],,0.8685967828112994
What causes the voice to deepen in adolescent boys?,"At puberty, the voice box or the larynx begins to grow in boys, leading to a larger voice box and a deeper voice.
","['han in the girls. Thus, changes occurring in adolescent boys and girls are different. Voice Change Did you notice that sometimes the voice of some of the boys in your class cracks? At puberty, the voice box or the larynx begins to grow. Boys develop larger voice boxes. The growing voice box in boys can be seen as a protruding part of the throatActivity 7.2 Use the data given in Activity 7.1 to draw a graph. Take age on the X-axis and per cent growth in height on the Y-axis. Highlight the point representing your age on the graph. Find out the percentage of height you have already reached. Calculate the height you might eventually reach. Tally your graph with the one given here (Fig. 7.1). with age I am worried. Though I have become taller ,\n\nwe might begin to develop pimples. W e begin to be conscious and awar e of both our own bodies and those of others in new ways. On the other hand, there are also changes taking place that are different between boys and girls. In girls, breast size begins to increase, with darkening of the skin of the nipples at the tips of the breasts. Also, girls begin to menstruate at around this time. Boys begin to have new thick hair gr owth on the face and their voices begin to crack. Further , the penis occasionally begins to become enlarged and erect, either in daydreams or at night. All of these changes take place slowly, over a period of months and years. They do not happen all at the same time in one person, nor do they happen at an exact age. In\n\n, very important to eat the right kind of food during these growing years. This helps the bones, muscles and other parts of the body get adequate nourishment for gr owth. Y ou will find nutritional needs of adolescents discussed later in the lesson. Change in Body Shape Have you noticed that boys in your class have broader shoulders and wider chests than boys in junior classes? This is because they have entered the age of puberty when shoulders generally broaden as a result of growth. In girls, the region below the waist becomes wider . In boys, the muscles of the body grow more prominently than in the girls. Thus, changes occurring in adolescent boys and girls are different. Voice Change Did you notice that sometimes the voice of some of']","['han in the girls. Thus, changes occurring in adolescent boys and girls are different. Voice Change Did you notice that sometimes the voice of some of the boys in your class cracks? At puberty, the voice box or the larynx begins to grow. Boys develop larger voice boxes. The growing voice box in boys can be seen as a protruding part of the throatActivity 7.2 Use the data given in Activity 7.1 to draw a graph. Take age on the X-axis and per cent growth in height on the Y-axis. Highlight the point representing your age on the graph. Find out the percentage of height you have already reached. Calculate the height you might eventually reach. Tally your graph with the one given here (Fig. 7.1). with age I am worried. Though I have become taller ,\n\nwe might begin to develop pimples. W e begin to be conscious and awar e of both our own bodies and those of others in new ways. On the other hand, there are also changes taking place that are different between boys and girls. In girls, breast size begins to increase, with darkening of the skin of the nipples at the tips of the breasts. Also, girls begin to menstruate at around this time. Boys begin to have new thick hair gr owth on the face and their voices begin to crack. Further , the penis occasionally begins to become enlarged and erect, either in daydreams or at night. All of these changes take place slowly, over a period of months and years. They do not happen all at the same time in one person, nor do they happen at an exact age. In\n\n, very important to eat the right kind of food during these growing years. This helps the bones, muscles and other parts of the body get adequate nourishment for gr owth. Y ou will find nutritional needs of adolescents discussed later in the lesson. Change in Body Shape Have you noticed that boys in your class have broader shoulders and wider chests than boys in junior classes? This is because they have entered the age of puberty when shoulders generally broaden as a result of growth. In girls, the region below the waist becomes wider . In boys, the muscles of the body grow more prominently than in the girls. Thus, changes occurring in adolescent boys and girls are different. Voice Change Did you notice that sometimes the voice of some of']",['Growth of the larynx (voice box).'],0.75,
What is crop production?,"Crop production is when plants of the same kind are cultivated at one place on a large scale.
","['d in cereals, so thatless nutrients are consumed by these crops. Thus developing varieties of desired agronomic characters help give higher productivity. uestions 1.How do biotic and abiotic factors affect cr op pr oduction? 2.What are the desirable agr onomic characteristics for crop improvements? 12.1.2 CROP PRODUCTION MANAGEMENT In India, as in many other agriculture-based countries, farming ranges from small to very large farms. Different farmers thus have more or less land, money and access to information and technologies. In short, it is the money or financial conditions that allow farmers to take up different farming practices and agricultural technologies. There is a correlation between higher inputs and yields. Thus, the farmer’s\n\nharvested cr ops from loss. Thus, the major groups of activities for impr oving cr op yields can be classified as: •Crop variety improvement •Crop pr oduction impr ovement •Crop protection management. 12.1.1 CROP VARIETY IMPROVEMENT This approach depends on finding a crop variety that can give a good yield. V arieties or strains of cr ops can be selected by breeding for various useful characteristics such as disease r esistance, r esponse to fertilisers, product quality and high yields. One way of incorporating desirable characters into cr op varieties is by hybridisation. Hybridisation refers to cr ossing between genetically dissimilar plants. This cr ossing may be intervarietal (between dif ferent varieties), interspecific (between two\n\ney could cultivate land and produce rice, wheat and other food crops. Thus, was born ‘Agriculture’. When plants of the same kind are cultivated at one place on a large scale, it is called a crop. For example, crop of wheat means that all the plants grown in a field are that of wheat. You alr eady know that cr ops ar e of different types like cereals, vegetables and fruits. These can be classified on the basis of the season in which they grow. India is a vast country. The climatic conditions like temperature, humidity and rainfall vary from one region to another . Accordingly, ther e is a richYou have lear nt that all living organisms require food. Plants can make their food themselves. Can you recall how green plants synthesise their own fo']","['d in cereals, so thatless nutrients are consumed by these crops. Thus developing varieties of desired agronomic characters help give higher productivity. uestions 1.How do biotic and abiotic factors affect cr op pr oduction? 2.What are the desirable agr onomic characteristics for crop improvements? 12.1.2 CROP PRODUCTION MANAGEMENT In India, as in many other agriculture-based countries, farming ranges from small to very large farms. Different farmers thus have more or less land, money and access to information and technologies. In short, it is the money or financial conditions that allow farmers to take up different farming practices and agricultural technologies. There is a correlation between higher inputs and yields. Thus, the farmer’s\n\nharvested cr ops from loss. Thus, the major groups of activities for impr oving cr op yields can be classified as: •Crop variety improvement •Crop pr oduction impr ovement •Crop protection management. 12.1.1 CROP VARIETY IMPROVEMENT This approach depends on finding a crop variety that can give a good yield. V arieties or strains of cr ops can be selected by breeding for various useful characteristics such as disease r esistance, r esponse to fertilisers, product quality and high yields. One way of incorporating desirable characters into cr op varieties is by hybridisation. Hybridisation refers to cr ossing between genetically dissimilar plants. This cr ossing may be intervarietal (between dif ferent varieties), interspecific (between two\n\ney could cultivate land and produce rice, wheat and other food crops. Thus, was born ‘Agriculture’. When plants of the same kind are cultivated at one place on a large scale, it is called a crop. For example, crop of wheat means that all the plants grown in a field are that of wheat. You alr eady know that cr ops ar e of different types like cereals, vegetables and fruits. These can be classified on the basis of the season in which they grow. India is a vast country. The climatic conditions like temperature, humidity and rainfall vary from one region to another . Accordingly, ther e is a richYou have lear nt that all living organisms require food. Plants can make their food themselves. Can you recall how green plants synthesise their own fo']",['Growing plants of the same kind in large numbers on a farm.'],1.0,1.0
What are kharif crops?,"Kharif crops are the crops which are sown in the rainy season, generally from June to September, examples include paddy, maize, soyabean, groundnut and cotton.
","['uits pr ovide a range of vitamins and minerals in addition to small amounts of proteins, carbohydrates and fats. In addition to these food crops, fodder crops like berseem , oats or sudan grass are raised as food for the livestock.12 I II IIMPROVEMENTMPROVEMENTMPROVEMENTMPROVEMENTMPROVEMENT IN ININININ F F F F FOOD OODOOD OODOOD R R R R RESOURCESESOURCESESOURCESESOURCESESOURCESChapter 2024-25 IMPROVEMENT IN FOOD RESOURCES 141the kharif season from the month of June to October , and some of the cr ops ar e grown in the winter season, called the rabi season from November to April. Paddy, soyabean, pigeon pea, maize, cotton, gr een gram and black gram are kharif crops, whereas wheat, gram, peas, mustar d, linseed are rabi crops. I\n\nry?Food has to be produced on a large scale. I want to know where and how we use these tools. 2024-25 SCIENCE 2variety of crops grown in different parts of the country. Despite this diversity, two broad cropping patterns can be identified. These are: (i) Kharif Crops : The crops which are sown in the rainy season are called kharif crops. The rainy season in India is generally fr om June to September . Paddy, maize, soyabean, groundnut and cotton are kharif crops. (ii) Rabi Crops : The crops grown in the winter season (October to March) are called rabi crops. Examples of rabi crops are wheat, gram, pea, mustard and linseed. Besides these, pulses and vegetables are grown during summer at many places. 1.2Basic Practices of Crop Productionto as\n\nddy, soyabean, pigeon pea, maize, cotton, gr een gram and black gram are kharif crops, whereas wheat, gram, peas, mustar d, linseed are rabi crops. In India ther e has been a four times increase in the production of food grains from 1952 to 2010 with only 25% increase in the cultivable land ar ea. How has this incr ease in pr oduction been achieved? If we think of the practices involved in far ming, we can see that we can divide it into thr ee stages. The first is the choice of seeds for planting. The second is the nurturing of the cr op plants. The third is the pr otection of the growing and harvested cr ops from loss. Thus, the major groups of activities for impr oving cr op yields can be classified as: •Crop variety improvement •Crop pr']","['uits pr ovide a range of vitamins and minerals in addition to small amounts of proteins, carbohydrates and fats. In addition to these food crops, fodder crops like berseem , oats or sudan grass are raised as food for the livestock.12 I II IIMPROVEMENTMPROVEMENTMPROVEMENTMPROVEMENTMPROVEMENT IN ININININ F F F F FOOD OODOOD OODOOD R R R R RESOURCESESOURCESESOURCESESOURCESESOURCESChapter 2024-25 IMPROVEMENT IN FOOD RESOURCES 141the kharif season from the month of June to October , and some of the cr ops ar e grown in the winter season, called the rabi season from November to April. Paddy, soyabean, pigeon pea, maize, cotton, gr een gram and black gram are kharif crops, whereas wheat, gram, peas, mustar d, linseed are rabi crops. I\n\nry?Food has to be produced on a large scale. I want to know where and how we use these tools. 2024-25 SCIENCE 2variety of crops grown in different parts of the country. Despite this diversity, two broad cropping patterns can be identified. These are: (i) Kharif Crops : The crops which are sown in the rainy season are called kharif crops. The rainy season in India is generally fr om June to September . Paddy, maize, soyabean, groundnut and cotton are kharif crops. (ii) Rabi Crops : The crops grown in the winter season (October to March) are called rabi crops. Examples of rabi crops are wheat, gram, pea, mustard and linseed. Besides these, pulses and vegetables are grown during summer at many places. 1.2Basic Practices of Crop Productionto as\n\nddy, soyabean, pigeon pea, maize, cotton, gr een gram and black gram are kharif crops, whereas wheat, gram, peas, mustar d, linseed are rabi crops. In India ther e has been a four times increase in the production of food grains from 1952 to 2010 with only 25% increase in the cultivable land ar ea. How has this incr ease in pr oduction been achieved? If we think of the practices involved in far ming, we can see that we can divide it into thr ee stages. The first is the choice of seeds for planting. The second is the nurturing of the cr op plants. The third is the pr otection of the growing and harvested cr ops from loss. Thus, the major groups of activities for impr oving cr op yields can be classified as: •Crop variety improvement •Crop pr']","['Crops grown in the rainy season, like paddy and maize.']",1.0,0.9581105977467902
What is tilling or ploughing?,"Tilling or ploughing is the process of loosening and turning the soil, which is important for cultivation.
","['done with the help of a leveller . Sometimes, manure is added to the soil before tilling. This helps in proper mixing of manure with soil. The soil is moistened before sowing. Agricultural Implements Before sowing the seeds, it is necessary to break soil clumps to get better yield. This is done with the help of various tools. The main tools used for this purpose are the plough, hoe and cultivator .Plough : This is being used since ancient times for tilling the soil, adding fertili sers to the crop, removing the weeds and turning the soil. This is made of wood and is drawn by a pair of bulls or other animals (horses and camels) . It contains a strong triangular iron strip called ploughshare. The main part of the plough is a long log of wo\n\ngrow ornamental plants in your house. These activities or tasks are referred 2024-25 CROP PRODUCTION AND MANAGEMENT 3turning and loosening of soil is very important for cultivation of crops. The process of loosening and turning of the soil is called tilling or ploughing . This is done by using a plough. Ploughs are made of wood or iron. If the soil is very dry, it may need watering before ploughing. The ploughed field may have big clumps of soil called crumbs. It is necessary to break these crumbs. Levelling the field is beneficial for sowing as well as for irrigation. Levelling of soil is done with the help of a leveller . Sometimes, manure is added to the soil before tilling. This helps in proper mixing of manure with soil. The soil is\n\needs [Fig. 1.2 (a), (b)]. Traditional tool : The tool used traditionally for sowing seeds is shaped like a funnel [Fig. 1.2 (a)]. The seeds are filled into the funnel, passed down through two or three pipes having sharp ends. These ends pierce into the soil and place seeds there.Cultivator : Nowadays ploughing is done by tractor -driven cultivator . The use of cultivator saves labour and time. [Fig. 1.1 (c)]. 1.4 Sowing Sowing is an important part of crop production. Before sowing, good quality, clean and healthy seeds of a good variety —are selected. Farmers prefer to use seeds which give high yield. Selection of Seedsgrip beam bent plate rodhandle One day I saw my mother put some gram seeds in a vessel and pour some water on them. After a']","['done with the help of a leveller . Sometimes, manure is added to the soil before tilling. This helps in proper mixing of manure with soil. The soil is moistened before sowing. Agricultural Implements Before sowing the seeds, it is necessary to break soil clumps to get better yield. This is done with the help of various tools. The main tools used for this purpose are the plough, hoe and cultivator .Plough : This is being used since ancient times for tilling the soil, adding fertili sers to the crop, removing the weeds and turning the soil. This is made of wood and is drawn by a pair of bulls or other animals (horses and camels) . It contains a strong triangular iron strip called ploughshare. The main part of the plough is a long log of wo\n\ngrow ornamental plants in your house. These activities or tasks are referred 2024-25 CROP PRODUCTION AND MANAGEMENT 3turning and loosening of soil is very important for cultivation of crops. The process of loosening and turning of the soil is called tilling or ploughing . This is done by using a plough. Ploughs are made of wood or iron. If the soil is very dry, it may need watering before ploughing. The ploughed field may have big clumps of soil called crumbs. It is necessary to break these crumbs. Levelling the field is beneficial for sowing as well as for irrigation. Levelling of soil is done with the help of a leveller . Sometimes, manure is added to the soil before tilling. This helps in proper mixing of manure with soil. The soil is\n\needs [Fig. 1.2 (a), (b)]. Traditional tool : The tool used traditionally for sowing seeds is shaped like a funnel [Fig. 1.2 (a)]. The seeds are filled into the funnel, passed down through two or three pipes having sharp ends. These ends pierce into the soil and place seeds there.Cultivator : Nowadays ploughing is done by tractor -driven cultivator . The use of cultivator saves labour and time. [Fig. 1.1 (c)]. 1.4 Sowing Sowing is an important part of crop production. Before sowing, good quality, clean and healthy seeds of a good variety —are selected. Farmers prefer to use seeds which give high yield. Selection of Seedsgrip beam bent plate rodhandle One day I saw my mother put some gram seeds in a vessel and pour some water on them. After a']",['Turning and loosening the soil before sowing seeds.'],,0.8251666617573622
What are agricultural practices?,"Agricultural practices involve cultivating the same kind of plants at a place, preparing the soil, sowing seeds, and replenishing the soil with manure and fertilizers.
","['seful in agricultural practices? 5. How do storage grain losses occur? 6. How do good animal husbandry practices benefit farmers? 7. What are the benefits of cattle farming? 8. For increasing production, what is common in poultry, fisheries and bee-keeping? 9. How do you differentiate between capture fishing, mariculture and aquaculture? 2024-25\n\nultural practices. /circlerightSame kind of plants cultivated at a place constitute a crop. /circlerightIn India, crops can be broadly categorised into two types based on seasons - rabi and kharif crops. /circlerightIt is necessary to prepare soil by tilling and levelling. Ploughs and levellers are used for this purpose. /circlerightSowing of seeds at appropriate depths and distances gives good yield. Good variety of seeds are sown after selection of healthy seeds. Sowing is done by seed drills. /circlerightSoil needs replenishment and enrichment through the use of organic manure and fertilisers. Use of chemical fertilisers has increased tremendously with the introduction of new crop varieties. /circlerightSupply of water to crops at approp\n\nusbandry. Also, simply increasing grain production for storage in warehouses cannot solve the should have money to purchase food. Food security depends on both availability of food and access to it. The majority of our population depends on agriculture for their livelihood. Increasing the incomes of people working in agriculture is therefore necessary to combat the pr oblem of hunger . Scientific management practices should be undertaken to obtain high yields from farms. For sustained livelihood, one should undertake mixed farming, intercropping, and integrated farming practices, for example, combine agriculture with livestock/poultry/fisheries/ bee-keeping. The question thus becomes – how do we increase the yields of crops and livestock? 1']","['seful in agricultural practices? 5. How do storage grain losses occur? 6. How do good animal husbandry practices benefit farmers? 7. What are the benefits of cattle farming? 8. For increasing production, what is common in poultry, fisheries and bee-keeping? 9. How do you differentiate between capture fishing, mariculture and aquaculture? 2024-25\n\nultural practices. /circlerightSame kind of plants cultivated at a place constitute a crop. /circlerightIn India, crops can be broadly categorised into two types based on seasons - rabi and kharif crops. /circlerightIt is necessary to prepare soil by tilling and levelling. Ploughs and levellers are used for this purpose. /circlerightSowing of seeds at appropriate depths and distances gives good yield. Good variety of seeds are sown after selection of healthy seeds. Sowing is done by seed drills. /circlerightSoil needs replenishment and enrichment through the use of organic manure and fertilisers. Use of chemical fertilisers has increased tremendously with the introduction of new crop varieties. /circlerightSupply of water to crops at approp\n\nusbandry. Also, simply increasing grain production for storage in warehouses cannot solve the should have money to purchase food. Food security depends on both availability of food and access to it. The majority of our population depends on agriculture for their livelihood. Increasing the incomes of people working in agriculture is therefore necessary to combat the pr oblem of hunger . Scientific management practices should be undertaken to obtain high yields from farms. For sustained livelihood, one should undertake mixed farming, intercropping, and integrated farming practices, for example, combine agriculture with livestock/poultry/fisheries/ bee-keeping. The question thus becomes – how do we increase the yields of crops and livestock? 1']","['Steps involved in farming: preparation, sowing, manuring, irrigation, protection, harvesting, storage.']",1.0,0.905770257252542
Why is loosening of soil important?,"Loosening the soil allows roots to breathe easily, helps in the growth of beneficial organisms, and brings nutrient-rich soil to the top for plants to use.
","['athe easily even when they go deep into the soil. Why does the loosening of soil allow the roots to breathe easily? The loosened soil helps in the growth of earthworms and microbes present in the soil. These organisms are friends of the farmer since they further turn and loosen the soil and add humus to it. But why the soil needs to be turned and loosened? You have lear nt in the pr evious classes that soil contains minerals, water , air and some living organisms. In addition, dead plants and animals get decomposed by soil organisms. In this way, various nutrients in the dead organisms are released back into the soil. These nutrients are again absorbed by plants. Since only a few centimetres of the top layer of soil supports plant growth,\n\nram, pea, mustard and linseed. Besides these, pulses and vegetables are grown during summer at many places. 1.2Basic Practices of Crop Productionto as agricultural practices which are listed below: (i)Preparation of soil (ii)Sowing (iii)Adding manure and fertilisers (iv)Irrigation (v)Protecting from weeds (vi)Harvesting (vii)Storage 1.3 Preparation of Soil The preparation of soil is the first step before growing a crop. One of the most important tasks in agriculture is to turn the soil and loosen it. This allows the roots to penetrate deep into the soil. The loose soil allows the roots to breathe easily even when they go deep into the soil. Why does the loosening of soil allow the roots to breathe easily? The loosened soil helps in the gro\n\nleased back into the soil. These nutrients are again absorbed by plants. Since only a few centimetres of the top layer of soil supports plant growth, turning and loosening of soil brings the nutrient-rich soil to the top so that plants can use these nutrients. Thus,Why paddy can not be grown in the winter season? Paddy requires a lot of water . Ther efore, it is gr own only in the rainy season. Cultivation of crops involves several activities undertaken by farmers over a period of time. Y ou may find that these activities are similar to those carried out by a gardener or even by you when you grow ornamental plants in your house. These activities or tasks are referred 2024-25 CROP PRODUCTION AND MANAGEMENT 3turning and loosening of soil is']","['athe easily even when they go deep into the soil. Why does the loosening of soil allow the roots to breathe easily? The loosened soil helps in the growth of earthworms and microbes present in the soil. These organisms are friends of the farmer since they further turn and loosen the soil and add humus to it. But why the soil needs to be turned and loosened? You have lear nt in the pr evious classes that soil contains minerals, water , air and some living organisms. In addition, dead plants and animals get decomposed by soil organisms. In this way, various nutrients in the dead organisms are released back into the soil. These nutrients are again absorbed by plants. Since only a few centimetres of the top layer of soil supports plant growth,\n\nram, pea, mustard and linseed. Besides these, pulses and vegetables are grown during summer at many places. 1.2Basic Practices of Crop Productionto as agricultural practices which are listed below: (i)Preparation of soil (ii)Sowing (iii)Adding manure and fertilisers (iv)Irrigation (v)Protecting from weeds (vi)Harvesting (vii)Storage 1.3 Preparation of Soil The preparation of soil is the first step before growing a crop. One of the most important tasks in agriculture is to turn the soil and loosen it. This allows the roots to penetrate deep into the soil. The loose soil allows the roots to breathe easily even when they go deep into the soil. Why does the loosening of soil allow the roots to breathe easily? The loosened soil helps in the gro\n\nleased back into the soil. These nutrients are again absorbed by plants. Since only a few centimetres of the top layer of soil supports plant growth, turning and loosening of soil brings the nutrient-rich soil to the top so that plants can use these nutrients. Thus,Why paddy can not be grown in the winter season? Paddy requires a lot of water . Ther efore, it is gr own only in the rainy season. Cultivation of crops involves several activities undertaken by farmers over a period of time. Y ou may find that these activities are similar to those carried out by a gardener or even by you when you grow ornamental plants in your house. These activities or tasks are referred 2024-25 CROP PRODUCTION AND MANAGEMENT 3turning and loosening of soil is']","['It allows air circulation and root penetration, improving plant growth.']",1.0,0.9435603255356084
What is sowing?,"Sowing is an important part of crop production where good quality, clean, and healthy seeds of a good variety are selected and planted.
","['eeds [Fig. 1.2 (a), (b)]. Traditional tool : The tool used traditionally for sowing seeds is shaped like a funnel [Fig. 1.2 (a)]. The seeds are filled into the funnel, passed down through two or three pipes having sharp ends. These ends pierce into the soil and place seeds there.Cultivator : Nowadays ploughing is done by tractor -driven cultivator . The use of cultivator saves labour and time. [Fig. 1.1 (c)]. 1.4 Sowing Sowing is an important part of crop production. Before sowing, good quality, clean and healthy seeds of a good variety —are selected. Farmers prefer to use seeds which give high yield. Selection of Seedsgrip beam bent plate rodhandle One day I saw my mother put some gram seeds in a vessel and pour some water on them. After a\n\ndone with the help of a leveller . Sometimes, manure is added to the soil before tilling. This helps in proper mixing of manure with soil. The soil is moistened before sowing. Agricultural Implements Before sowing the seeds, it is necessary to break soil clumps to get better yield. This is done with the help of various tools. The main tools used for this purpose are the plough, hoe and cultivator .Plough : This is being used since ancient times for tilling the soil, adding fertili sers to the crop, removing the weeds and turning the soil. This is made of wood and is drawn by a pair of bulls or other animals (horses and camels) . It contains a strong triangular iron strip called ploughshare. The main part of the plough is a long log of wo\n\nair . Weeds, insects and diseases can be contr olled by various methods. One of the most commonly used methods is the use of pesticides, which include herbicides, insecticides and fungicides. These chemicals are sprayed on cr op plants or used for tr eating seeds and soil. However , excessive use of these chemicals cr eates problems, since they can be poisonous to many plant and animal species and cause envir onmental pollution. Weed contr ol methods also include mechanical r emoval. Pr eventive methods such as pr oper seed bed preparation, timely sowing of crops, inter cropping and cr op rotation also help in weed contr ol. Some other preventive measur es against pests ar e the use of resistant varieties, and summer ploughing, in which fie']","['eeds [Fig. 1.2 (a), (b)]. Traditional tool : The tool used traditionally for sowing seeds is shaped like a funnel [Fig. 1.2 (a)]. The seeds are filled into the funnel, passed down through two or three pipes having sharp ends. These ends pierce into the soil and place seeds there.Cultivator : Nowadays ploughing is done by tractor -driven cultivator . The use of cultivator saves labour and time. [Fig. 1.1 (c)]. 1.4 Sowing Sowing is an important part of crop production. Before sowing, good quality, clean and healthy seeds of a good variety —are selected. Farmers prefer to use seeds which give high yield. Selection of Seedsgrip beam bent plate rodhandle One day I saw my mother put some gram seeds in a vessel and pour some water on them. After a\n\ndone with the help of a leveller . Sometimes, manure is added to the soil before tilling. This helps in proper mixing of manure with soil. The soil is moistened before sowing. Agricultural Implements Before sowing the seeds, it is necessary to break soil clumps to get better yield. This is done with the help of various tools. The main tools used for this purpose are the plough, hoe and cultivator .Plough : This is being used since ancient times for tilling the soil, adding fertili sers to the crop, removing the weeds and turning the soil. This is made of wood and is drawn by a pair of bulls or other animals (horses and camels) . It contains a strong triangular iron strip called ploughshare. The main part of the plough is a long log of wo\n\nair . Weeds, insects and diseases can be contr olled by various methods. One of the most commonly used methods is the use of pesticides, which include herbicides, insecticides and fungicides. These chemicals are sprayed on cr op plants or used for tr eating seeds and soil. However , excessive use of these chemicals cr eates problems, since they can be poisonous to many plant and animal species and cause envir onmental pollution. Weed contr ol methods also include mechanical r emoval. Pr eventive methods such as pr oper seed bed preparation, timely sowing of crops, inter cropping and cr op rotation also help in weed contr ol. Some other preventive measur es against pests ar e the use of resistant varieties, and summer ploughing, in which fie']",['Process of planting seeds in prepared soil.'],1.0,
What is irrigation?,"Irrigation is the supply of water to crops at regular intervals.
","['asy. /circle6it increases the number of friendly microbes. /circle6it improves the texture of the soil. 1.6 Irrigation All living beings need water to live. Water is important for pr oper gr owth and development. W ater is absorbed by the plant r oots. Along with water , minerals and fertilisers are also absorbed. Plants contain nearly 90% water . Water is essential because germination of seeds does not take place under dry conditions. Nutrients dissolved in water are transported to each part of the plant. W ater alsoprotects the crop from both frost and hot air currents. To maintain the moisture of the soil for healthy crop growth, fields have to be watered regularly. The supply of water to crops at regular intervals is called irrigation .\n\nopping, inter -cropping and crop rotation as discussed below in 12.1.2.(iii)]. These cropping systems are beneficial in insect, pest and wheat control besides providing nutrients. 12.1.2 ( ii) IRRIGATION Most agriculture in India is rain-fed, that is, the success of cr ops in most ar eas is dependent on timely monsoons and suf ficient rainfall spread thr ough most of the growing season. Hence, poor monsoons cause cr op failur e. Ensuring that the cr ops get water at the right stages during their gr owing season can incr ease the expected yields of any cr op. Therefor e, many measur es are used to bring more and more agricultural land under irrigation.Q More to knowDroughts occur because of scarcity or irregular distribution of rains. Dro\n\nure of the soil for healthy crop growth, fields have to be watered regularly. The supply of water to crops at regular intervals is called irrigation . The time and frequency of irrigation varies from crop to crop, soil to soil and season to season. In summer , the fr equency of watering is higher . Why is it so? Could it be due to the increased rate of evaporation of water from the soil and the leaves?Table 1.1 : Differences between Fertiliser and Manure S. No. Fertiliser Manure 1. Fertiliser is a man-made Manure is a natural substance obtained inorganic salt. by the decomposition of cattle dung and plant residues. 2. Fertiliser is prepared in Manure can be prepared in the fields. factories. 3. Fertiliser does not provide Manure provides a']","['asy. /circle6it increases the number of friendly microbes. /circle6it improves the texture of the soil. 1.6 Irrigation All living beings need water to live. Water is important for pr oper gr owth and development. W ater is absorbed by the plant r oots. Along with water , minerals and fertilisers are also absorbed. Plants contain nearly 90% water . Water is essential because germination of seeds does not take place under dry conditions. Nutrients dissolved in water are transported to each part of the plant. W ater alsoprotects the crop from both frost and hot air currents. To maintain the moisture of the soil for healthy crop growth, fields have to be watered regularly. The supply of water to crops at regular intervals is called irrigation .\n\nopping, inter -cropping and crop rotation as discussed below in 12.1.2.(iii)]. These cropping systems are beneficial in insect, pest and wheat control besides providing nutrients. 12.1.2 ( ii) IRRIGATION Most agriculture in India is rain-fed, that is, the success of cr ops in most ar eas is dependent on timely monsoons and suf ficient rainfall spread thr ough most of the growing season. Hence, poor monsoons cause cr op failur e. Ensuring that the cr ops get water at the right stages during their gr owing season can incr ease the expected yields of any cr op. Therefor e, many measur es are used to bring more and more agricultural land under irrigation.Q More to knowDroughts occur because of scarcity or irregular distribution of rains. Dro\n\nure of the soil for healthy crop growth, fields have to be watered regularly. The supply of water to crops at regular intervals is called irrigation . The time and frequency of irrigation varies from crop to crop, soil to soil and season to season. In summer , the fr equency of watering is higher . Why is it so? Could it be due to the increased rate of evaporation of water from the soil and the leaves?Table 1.1 : Differences between Fertiliser and Manure S. No. Fertiliser Manure 1. Fertiliser is a man-made Manure is a natural substance obtained inorganic salt. by the decomposition of cattle dung and plant residues. 2. Fertiliser is prepared in Manure can be prepared in the fields. factories. 3. Fertiliser does not provide Manure provides a']",['Watering crops at regular intervals to support growth.'],1.0,1.0000000000000002
What are microorganisms?,"Microorganisms are tiny organisms, including bacteria, fungi, protozoa, some algae, and viruses, that are too small to be seen with the unaided eye.
","['nd deserts to marshy lands. /circlerightMicroorganisms are found in air , water and in the bodies of plants and animals. /circlerightThey may be unicellular or multicellular . /circlerightMicroorganisms include bacteria, fungi, protozoa and some algae. Viruses, though different from the above mentioned living organisms, are considered microbes. /circlerightViruses are quite different from other microorganisms. They reproduce only inside the host organism: bacterium, plant or ani- mal cell. /circlerightSome microorganisms are useful for commercial production of medicines and alcohol. /circlerightSome microorganisms decompose the organic waste and dead plants and animals into simple substances and clean up the environment. /circlerightProtozo\n\nd protozoa, or multicellular , such as many algae and fungi. They live in all types of environment, ranging from ice cold climate to hot springs', 'and deserts to marshy lands. They are also found inside the bodies of animals including humans. Some microorganisms grow on other organisms while others exist freely. 2.3 Microorganisms and Us Microorganisms play an important role in our lives. Some of them are beneficial in many ways whereas some others are harmful and cause diseases. Let us study about them in detail.Microorganisms have been used for the production of alcohol since ages.Friendly Microorganisms Microorganisms are used for various purposes. They are used in the preparation of curd, bread and cake. Curd contains several micro- orga\n\nsome moist soil from the field in a beaker and add water to it. After the soil particles have settled down , observe a drop of water from the beaker under a microscope. What do you see ? Activity 2.2 Take a few drops of water from a pond. Spread on a glass slide and observe through a microscope. Do you find tiny organisms moving around?These observations show that water and soil are full of tiny organisms, though not all of them fall into the category of microbes. These microorganisms or microbes are so small in size that they cannot be seen with the unaided eye. Some of these, such as the fungus that grows on bread, can be seen with a magnifying glass. Others cannot be seen without the help of a microscope. That is why these are called mi']","['nd deserts to marshy lands. /circlerightMicroorganisms are found in air , water and in the bodies of plants and animals. /circlerightThey may be unicellular or multicellular . /circlerightMicroorganisms include bacteria, fungi, protozoa and some algae. Viruses, though different from the above mentioned living organisms, are considered microbes. /circlerightViruses are quite different from other microorganisms. They reproduce only inside the host organism: bacterium, plant or ani- mal cell. /circlerightSome microorganisms are useful for commercial production of medicines and alcohol. /circlerightSome microorganisms decompose the organic waste and dead plants and animals into simple substances and clean up the environment. /circlerightProtozo\n\nd protozoa, or multicellular , such as many algae and fungi. They live in all types of environment, ranging from ice cold climate to hot springs', 'and deserts to marshy lands. They are also found inside the bodies of animals including humans. Some microorganisms grow on other organisms while others exist freely. 2.3 Microorganisms and Us Microorganisms play an important role in our lives. Some of them are beneficial in many ways whereas some others are harmful and cause diseases. Let us study about them in detail.Microorganisms have been used for the production of alcohol since ages.Friendly Microorganisms Microorganisms are used for various purposes. They are used in the preparation of curd, bread and cake. Curd contains several micro- orga\n\nsome moist soil from the field in a beaker and add water to it. After the soil particles have settled down , observe a drop of water from the beaker under a microscope. What do you see ? Activity 2.2 Take a few drops of water from a pond. Spread on a glass slide and observe through a microscope. Do you find tiny organisms moving around?These observations show that water and soil are full of tiny organisms, though not all of them fall into the category of microbes. These microorganisms or microbes are so small in size that they cannot be seen with the unaided eye. Some of these, such as the fungus that grows on bread, can be seen with a magnifying glass. Others cannot be seen without the help of a microscope. That is why these are called mi']","['Tiny living organisms like bacteria, fungi, protozoa, and algae visible only under microscopes.']",1.0,
How does curd form from milk?,"The bacterium Lactobacillus multiplies in milk and converts it into curd.
","['t curd for the next day. I wonder why?They are also used in cleaning up of the environment. For example, the organic wastes (vegetable peels, remains of animals, faeces , etc.) are broken down into harmless and usable substances by bacteria. Recall that bacteria are also used in the preparation of medicines. In agriculture they are used to increase soil fertility by fixing nitrogen. Making of Curd and Bread You have lear nt in Class VII that milk is turned into curd by bacteria. 2024-25 SCIENCE 20spoon of yeast powder to the sugar solution. Keep it covered in a warm place for 4-5 hours. Now smell the solution. Can you get a smell? Louis Pasteur discovered fermentation in 1857. In 1929, Alexander Fleming was working on a culture of disease\n\ncroorganisms Microorganisms are used for various purposes. They are used in the preparation of curd, bread and cake. Curd contains several micro- organisms. Of these, the bacterium , Lactobacillus promotes the formation of curd. It multiplies in milk and converts it into curd. Bacteria are also involved in the making of cheese, pickles and many other food items. An important ingredient of rava (sooji) idlis and bhaturas is curd. Can you guess why? Bacteria and yeast are also helpful for fermentation of rice idlis and dosa batter . I saw that my mother added a little curd to warm milk to set curd for the next day. I wonder why?They are also used in cleaning up of the environment. For example, the organic wastes (vegetable peels, remains\n\nntribution of male and female parents ensured in the progeny? 2024-25']","['t curd for the next day. I wonder why?They are also used in cleaning up of the environment. For example, the organic wastes (vegetable peels, remains of animals, faeces , etc.) are broken down into harmless and usable substances by bacteria. Recall that bacteria are also used in the preparation of medicines. In agriculture they are used to increase soil fertility by fixing nitrogen. Making of Curd and Bread You have lear nt in Class VII that milk is turned into curd by bacteria. 2024-25 SCIENCE 20spoon of yeast powder to the sugar solution. Keep it covered in a warm place for 4-5 hours. Now smell the solution. Can you get a smell? Louis Pasteur discovered fermentation in 1857. In 1929, Alexander Fleming was working on a culture of disease\n\ncroorganisms Microorganisms are used for various purposes. They are used in the preparation of curd, bread and cake. Curd contains several micro- organisms. Of these, the bacterium , Lactobacillus promotes the formation of curd. It multiplies in milk and converts it into curd. Bacteria are also involved in the making of cheese, pickles and many other food items. An important ingredient of rava (sooji) idlis and bhaturas is curd. Can you guess why? Bacteria and yeast are also helpful for fermentation of rice idlis and dosa batter . I saw that my mother added a little curd to warm milk to set curd for the next day. I wonder why?They are also used in cleaning up of the environment. For example, the organic wastes (vegetable peels, remains\n\nntribution of male and female parents ensured in the progeny? 2024-25']","['Lactobacillus bacteria multiply, converting milk to curd.']",1.0,0.9129989690357174
What is fermentation?,"Fermentation is the process of converting sugar into alcohol by yeast.
","['tivity 5.5Activity 5.5 /square6Take some fruit juice or sugar solution and add some yeast to this. Take this mixture in a test tube fitted with a one-holed cork. /square6Fit the cork with a bent glass tube. Dip the free end of the glass tube into a test tube containing fr eshly pr epared lime water . /square6What change is observed in the lime water and how long does it take for this change to occur? /square6What does this tell us about the products of fermentation? We have discussed nutrition in or ganisms in the last section. The food material taken in during the process of nutrition is used in cells to provide energy for various life processes. Diverse organisms do this in different ways – some use oxygen to break-down glucose completely\n\nmell the solution. Can you get a smell? Louis Pasteur discovered fermentation in 1857. In 1929, Alexander Fleming was working on a culture of disease- causing bacteria. Suddenly he found the spores of a little green mould in one of his culture plates. He observed that the presence of mould prevented the growth of bacteria. In fact, it also killed many of these bacteria. From this the mould penicillin was prepared. This is the smell of alcohol as sugar has been converted into alcohol by yeast. This process of conversion of sugar into alcohol is known as fermentation.Activity 2.3 Take ½ kg flour ( atta or maida ), add some sugar and mix with warm water . Add a small amount of yeast powder and knead to make a soft dough. What do you observe a\n\nly and then rapidly. 2024-25']","['tivity 5.5Activity 5.5 /square6Take some fruit juice or sugar solution and add some yeast to this. Take this mixture in a test tube fitted with a one-holed cork. /square6Fit the cork with a bent glass tube. Dip the free end of the glass tube into a test tube containing fr eshly pr epared lime water . /square6What change is observed in the lime water and how long does it take for this change to occur? /square6What does this tell us about the products of fermentation? We have discussed nutrition in or ganisms in the last section. The food material taken in during the process of nutrition is used in cells to provide energy for various life processes. Diverse organisms do this in different ways – some use oxygen to break-down glucose completely\n\nmell the solution. Can you get a smell? Louis Pasteur discovered fermentation in 1857. In 1929, Alexander Fleming was working on a culture of disease- causing bacteria. Suddenly he found the spores of a little green mould in one of his culture plates. He observed that the presence of mould prevented the growth of bacteria. In fact, it also killed many of these bacteria. From this the mould penicillin was prepared. This is the smell of alcohol as sugar has been converted into alcohol by yeast. This process of conversion of sugar into alcohol is known as fermentation.Activity 2.3 Take ½ kg flour ( atta or maida ), add some sugar and mix with warm water . Add a small amount of yeast powder and knead to make a soft dough. What do you observe a\n\nly and then rapidly. 2024-25']",['Yeast converting sugars into alcohol and carbon dioxide.'],1.0,1.0000000000000002
What are antibiotics?,"Antibiotics are medicines produced from bacteria and fungi used to cure diseases by killing or stopping the growth of microorganisms.
","['e antibiotics? What precautions must be taken while taking antibiotics?E X E R C I S E S A BExtended Learning — Activities and Projects 1.Pull out a gram or bean plant fr om the field. Observe its r oots. Y ou will find round structures called root nodules on the roots. Draw a diagram of the root and show the root nodules. 2.Collect the labels fr om the bottles of jams and jellies. W rite down the list of contents printed on the labels. 3.Visit a doctor . Find out why antibiotics should not be overused. Prepare a short report. 4.Project : Requir ements – 2 test tubes, marker pen, sugar , yeast powder , 2 balloons and lime water . Take two test tube s and mark them A and B. Clamp these tubes in a stand and f ill the m with water leaving s\n\nare called antibiotics . These days a number of antibiotics are being produced from bacteria and fungi. Streptomycin, tetracycline and erythromycin are some of the 2024-25 MICROORGANISMS : FRIEND AND FOE 21commonly known antibiotics which are made from fungi and bacteria. The antibiotics are manufactured by growing specific microorganisms and are used to cure a variety of diseases. Antibiotics are even mixed with the feed of livestock and poultry to check microbial infection in animals. They are also used to control many plant diseases. It is important to remember that antibiotics should be taken only on the advi ce of a qualified doctor . Also you must complete the course prescribed by the doctor . If you take antibiotics when not neede\n\ntaken only on the advi ce of a qualified doctor . Also you must complete the course prescribed by the doctor . If you take antibiotics when not needed or in wrong doses, it may make the drug less effective when you might need it in future. Also antibiotics taken unnecessarily may kill the beneficial bacteria in the body. Antibiotics, however , are not ef fective against cold and flu as these are caused by viruses. Vaccinefrom the disease-causing microbes for ever. This is how a vaccine works. Several diseases, including cholera, tuberculosis, smallpox and hepatitis can be prevented by vaccination. Edward Jenner discovered the vaccine for small- pox in 1798. Why are children/infants given vaccination? When a disease-carrying microbe enters']","['e antibiotics? What precautions must be taken while taking antibiotics?E X E R C I S E S A BExtended Learning — Activities and Projects 1.Pull out a gram or bean plant fr om the field. Observe its r oots. Y ou will find round structures called root nodules on the roots. Draw a diagram of the root and show the root nodules. 2.Collect the labels fr om the bottles of jams and jellies. W rite down the list of contents printed on the labels. 3.Visit a doctor . Find out why antibiotics should not be overused. Prepare a short report. 4.Project : Requir ements – 2 test tubes, marker pen, sugar , yeast powder , 2 balloons and lime water . Take two test tube s and mark them A and B. Clamp these tubes in a stand and f ill the m with water leaving s\n\nare called antibiotics . These days a number of antibiotics are being produced from bacteria and fungi. Streptomycin, tetracycline and erythromycin are some of the 2024-25 MICROORGANISMS : FRIEND AND FOE 21commonly known antibiotics which are made from fungi and bacteria. The antibiotics are manufactured by growing specific microorganisms and are used to cure a variety of diseases. Antibiotics are even mixed with the feed of livestock and poultry to check microbial infection in animals. They are also used to control many plant diseases. It is important to remember that antibiotics should be taken only on the advi ce of a qualified doctor . Also you must complete the course prescribed by the doctor . If you take antibiotics when not neede\n\ntaken only on the advi ce of a qualified doctor . Also you must complete the course prescribed by the doctor . If you take antibiotics when not needed or in wrong doses, it may make the drug less effective when you might need it in future. Also antibiotics taken unnecessarily may kill the beneficial bacteria in the body. Antibiotics, however , are not ef fective against cold and flu as these are caused by viruses. Vaccinefrom the disease-causing microbes for ever. This is how a vaccine works. Several diseases, including cholera, tuberculosis, smallpox and hepatitis can be prevented by vaccination. Edward Jenner discovered the vaccine for small- pox in 1798. Why are children/infants given vaccination? When a disease-carrying microbe enters']",['Medicines produced by microorganisms to kill or stop disease-causing microbes.'],0.6,0.9578098012895961
What is coal gas?,"Coal gas is obtained during the processing of coal to get coke and is used as a source of heat.
","['d vegetation into coal is called carbonisation. Since it was formed from the remains of vegetation, coal is also called a fossil fuel. A coal mine is shown in Fig. 3.2. COAL AND PETROLEUM 33 2024-25 SCIENCE 34 Coal Gas Coal gas is obtained during the processing of coal to get coke. It is used Coal gas was used for street lighting for the first time in London in 1810 and in New Y ork ar ound 1820. Now a days, it is used as a source of heat rather than light.These days, bitumen, a petroleum product, is used in place of coal-tar for metalling the roads. produces mainly carbon dioxide gas. Coal is processed in industry to get some useful products such as coke, coal tar and coal gas. Coke It is a tough, porous and black substance. It is an almo\n\ns processed in industry to get some useful products such as coke, coal tar and coal gas. Coke It is a tough, porous and black substance. It is an almost pure form of carbon. Coke is used in the manufacture of steel and in the extraction of many metals. Coal Tar It is a black, thick liquid (Fig. 3.3) with an unpleasant smell. It is a mixture ofabout 200 substances. Products obtained from coal tar are used as starting materials for manufacturing various substances used in everyday life and in industry, like synthetic dyes, drugs, explosives, per fumes, plastics, paints, photographic materials, roofing materials, etc. Interestingly, naphthalene balls used to repel moths and other insects are also obtained from coal tar . 2024-25 COAL AND PETRO\n\ned in thermal power plants to produce electricity. Coal is also used as a fuel in various industries. Story of Coal Where do we get coal from and how is it formed? About 300 million years ago the earth had dense forests in low lying wetland areas. Due to natural processes, like flooding, these forests got buried under the soil. As more soil deposited over them, they were compressed. The temperature also rose as they sank deeper and deeper . Under high pr essur e and high temperature, dead plants got slowly converted to coal. As coal contains mainly carbon, the slow process of conversion of dead vegetation into coal is called carbonisation. Since it was formed from the remains of vegetation, coal is also called a fossil fuel. A coal mine is']","['d vegetation into coal is called carbonisation. Since it was formed from the remains of vegetation, coal is also called a fossil fuel. A coal mine is shown in Fig. 3.2. COAL AND PETROLEUM 33 2024-25 SCIENCE 34 Coal Gas Coal gas is obtained during the processing of coal to get coke. It is used Coal gas was used for street lighting for the first time in London in 1810 and in New Y ork ar ound 1820. Now a days, it is used as a source of heat rather than light.These days, bitumen, a petroleum product, is used in place of coal-tar for metalling the roads. produces mainly carbon dioxide gas. Coal is processed in industry to get some useful products such as coke, coal tar and coal gas. Coke It is a tough, porous and black substance. It is an almo\n\ns processed in industry to get some useful products such as coke, coal tar and coal gas. Coke It is a tough, porous and black substance. It is an almost pure form of carbon. Coke is used in the manufacture of steel and in the extraction of many metals. Coal Tar It is a black, thick liquid (Fig. 3.3) with an unpleasant smell. It is a mixture ofabout 200 substances. Products obtained from coal tar are used as starting materials for manufacturing various substances used in everyday life and in industry, like synthetic dyes, drugs, explosives, per fumes, plastics, paints, photographic materials, roofing materials, etc. Interestingly, naphthalene balls used to repel moths and other insects are also obtained from coal tar . 2024-25 COAL AND PETRO\n\ned in thermal power plants to produce electricity. Coal is also used as a fuel in various industries. Story of Coal Where do we get coal from and how is it formed? About 300 million years ago the earth had dense forests in low lying wetland areas. Due to natural processes, like flooding, these forests got buried under the soil. As more soil deposited over them, they were compressed. The temperature also rose as they sank deeper and deeper . Under high pr essur e and high temperature, dead plants got slowly converted to coal. As coal contains mainly carbon, the slow process of conversion of dead vegetation into coal is called carbonisation. Since it was formed from the remains of vegetation, coal is also called a fossil fuel. A coal mine is']","['Gas obtained during coal processing, used historically for street lighting.']",1.0,0.9156529164859893
What happens when coal is heated in air?,"When coal is heated in air, it mainly produces carbon dioxide gas.
","['COMBUSTION AND FLAME COMBUSTION AND FLAME We use dif ferent kinds of fuel for various purposes at home, in industry and for running automobiles. Can you name a few fuels used in our homes? Name a few fuels used in trade and industry. What fuels ar e used for running automobiles? Y our list will contain fuels like cowdung, wood, coal, charcoal, petrol, diesel, compressed natural gas (CNG), etc. You ar e familiar with the bur ning of a candle. What is the difference between the burning of a candle and the burning of a fuel like coal? May be you were able to guess right: candle burns with a flame whereas coal does not. Similarly, you will find many other materials burning without a flame. Let us study the chemical process of burning and the\n\ned in thermal power plants to produce electricity. Coal is also used as a fuel in various industries. Story of Coal Where do we get coal from and how is it formed? About 300 million years ago the earth had dense forests in low lying wetland areas. Due to natural processes, like flooding, these forests got buried under the soil. As more soil deposited over them, they were compressed. The temperature also rose as they sank deeper and deeper . Under high pr essur e and high temperature, dead plants got slowly converted to coal. As coal contains mainly carbon, the slow process of conversion of dead vegetation into coal is called carbonisation. Since it was formed from the remains of vegetation, coal is also called a fossil fuel. A coal mine is\n\nd vegetation into coal is called carbonisation. Since it was formed from the remains of vegetation, coal is also called a fossil fuel. A coal mine is shown in Fig. 3.2. COAL AND PETROLEUM 33 2024-25 SCIENCE 34 Coal Gas Coal gas is obtained during the processing of coal to get coke. It is used Coal gas was used for street lighting for the first time in London in 1810 and in New Y ork ar ound 1820. Now a days, it is used as a source of heat rather than light.These days, bitumen, a petroleum product, is used in place of coal-tar for metalling the roads. produces mainly carbon dioxide gas. Coal is processed in industry to get some useful products such as coke, coal tar and coal gas. Coke It is a tough, porous and black substance. It is an almo']","['COMBUSTION AND FLAME COMBUSTION AND FLAME We use dif ferent kinds of fuel for various purposes at home, in industry and for running automobiles. Can you name a few fuels used in our homes? Name a few fuels used in trade and industry. What fuels ar e used for running automobiles? Y our list will contain fuels like cowdung, wood, coal, charcoal, petrol, diesel, compressed natural gas (CNG), etc. You ar e familiar with the bur ning of a candle. What is the difference between the burning of a candle and the burning of a fuel like coal? May be you were able to guess right: candle burns with a flame whereas coal does not. Similarly, you will find many other materials burning without a flame. Let us study the chemical process of burning and the\n\ned in thermal power plants to produce electricity. Coal is also used as a fuel in various industries. Story of Coal Where do we get coal from and how is it formed? About 300 million years ago the earth had dense forests in low lying wetland areas. Due to natural processes, like flooding, these forests got buried under the soil. As more soil deposited over them, they were compressed. The temperature also rose as they sank deeper and deeper . Under high pr essur e and high temperature, dead plants got slowly converted to coal. As coal contains mainly carbon, the slow process of conversion of dead vegetation into coal is called carbonisation. Since it was formed from the remains of vegetation, coal is also called a fossil fuel. A coal mine is\n\nd vegetation into coal is called carbonisation. Since it was formed from the remains of vegetation, coal is also called a fossil fuel. A coal mine is shown in Fig. 3.2. COAL AND PETROLEUM 33 2024-25 SCIENCE 34 Coal Gas Coal gas is obtained during the processing of coal to get coke. It is used Coal gas was used for street lighting for the first time in London in 1810 and in New Y ork ar ound 1820. Now a days, it is used as a source of heat rather than light.These days, bitumen, a petroleum product, is used in place of coal-tar for metalling the roads. produces mainly carbon dioxide gas. Coal is processed in industry to get some useful products such as coke, coal tar and coal gas. Coke It is a tough, porous and black substance. It is an almo']",['It burns to produce carbon dioxide and heat.'],,
What is petroleum?,"Petroleum is a natural resource, derived from the remains of sea organisms, that is refined into fuels like petrol and diesel.
","['n in Fig. 3.4. Do you know how petroleum is formed? Petroleum was formed from organisms living in the sea. As these organisms died, their bodies settled at the bottom of the sea and got covered with layers of sand and clay. Over millions of years, absence of air , high temperature and high pressureRefining of Petroleum Petroleum is a dark oily liquid. It has an unpleasant odour . It is a mixtur e of various constituents such as petroleum gas, petrol, diesel, lubricating oil, paraffin wax, etc. The process of in Pennsylvania, USA, in 1859. Eight years later , in 1867, oil was struck at Makum in Assam. In India, oil is found in Assam, Gujarat, Mumbai High and in the river basins of Godavari and Krishna.transformed the dead organisms into petr\n\nCOAL AND PETROLEUM COAL AND PETROLEUM Can air , water and soil be exhausted by human activities? Y ou have alr eady studied about water in Class VII. Is water a limitless resource? In the light of the availability of various resources in nature, natural resources can be broadly classified into two kinds: (i) Inexhaustible Natural Resources: These resources are present in unlimited quantity in nature and are not likely to be exhausted by human activities. Examples ar e: sunlight, air . (ii) Exhaustible Natural Resources: The amount of these resources in nature is limited. They can be exhausted by human activities. Examples of these resources are forests, wildlife, minerals, coal, petroleum, natural gas etc. Activity 3.2 (It is a group activi\n\noofing materials, etc. Interestingly, naphthalene balls used to repel moths and other insects are also obtained from coal tar . 2024-25 COAL AND PETROLEUM 35as a fuel in many industries situated near the coal processing plants. 3.2 Petroleum You know that petr ol is used as a fuel in light automobiles such as motor cycles/ scooters and cars. Heavy motor vehicles like trucks and tractors run on diesel. Petrol and diesel are obtained from a natural resource called petroleum. The word petroleum is derived from petra (rock) and oleum (oil) as it is mined from between the rocks under Earth as shown in Fig. 3.4. Do you know how petroleum is formed? Petroleum was formed from organisms living in the sea. As these organisms died, their bodies settl']","['n in Fig. 3.4. Do you know how petroleum is formed? Petroleum was formed from organisms living in the sea. As these organisms died, their bodies settled at the bottom of the sea and got covered with layers of sand and clay. Over millions of years, absence of air , high temperature and high pressureRefining of Petroleum Petroleum is a dark oily liquid. It has an unpleasant odour . It is a mixtur e of various constituents such as petroleum gas, petrol, diesel, lubricating oil, paraffin wax, etc. The process of in Pennsylvania, USA, in 1859. Eight years later , in 1867, oil was struck at Makum in Assam. In India, oil is found in Assam, Gujarat, Mumbai High and in the river basins of Godavari and Krishna.transformed the dead organisms into petr\n\nCOAL AND PETROLEUM COAL AND PETROLEUM Can air , water and soil be exhausted by human activities? Y ou have alr eady studied about water in Class VII. Is water a limitless resource? In the light of the availability of various resources in nature, natural resources can be broadly classified into two kinds: (i) Inexhaustible Natural Resources: These resources are present in unlimited quantity in nature and are not likely to be exhausted by human activities. Examples ar e: sunlight, air . (ii) Exhaustible Natural Resources: The amount of these resources in nature is limited. They can be exhausted by human activities. Examples of these resources are forests, wildlife, minerals, coal, petroleum, natural gas etc. Activity 3.2 (It is a group activi\n\noofing materials, etc. Interestingly, naphthalene balls used to repel moths and other insects are also obtained from coal tar . 2024-25 COAL AND PETROLEUM 35as a fuel in many industries situated near the coal processing plants. 3.2 Petroleum You know that petr ol is used as a fuel in light automobiles such as motor cycles/ scooters and cars. Heavy motor vehicles like trucks and tractors run on diesel. Petrol and diesel are obtained from a natural resource called petroleum. The word petroleum is derived from petra (rock) and oleum (oil) as it is mined from between the rocks under Earth as shown in Fig. 3.4. Do you know how petroleum is formed? Petroleum was formed from organisms living in the sea. As these organisms died, their bodies settl']",['A fossil fuel formed from marine organisms buried under sediment for millions of years.'],,0.9130329544710757
What is coke?,"Coke is a tough, porous, and black substance that is an almost pure form of carbon, used in steel manufacture and metal extraction.
","['ntribution of male and female parents ensured in the progeny? 2024-25\n\ns processed in industry to get some useful products such as coke, coal tar and coal gas. Coke It is a tough, porous and black substance. It is an almost pure form of carbon. Coke is used in the manufacture of steel and in the extraction of many metals. Coal Tar It is a black, thick liquid (Fig. 3.3) with an unpleasant smell. It is a mixture ofabout 200 substances. Products obtained from coal tar are used as starting materials for manufacturing various substances used in everyday life and in industry, like synthetic dyes, drugs, explosives, per fumes, plastics, paints, photographic materials, roofing materials, etc. Interestingly, naphthalene balls used to repel moths and other insects are also obtained from coal tar . 2024-25 COAL AND PETRO\n\nasci/chem03/chem03767.htm lhttp://en.wikipedia.org/wiki/combustion 2024-25']","['ntribution of male and female parents ensured in the progeny? 2024-25\n\ns processed in industry to get some useful products such as coke, coal tar and coal gas. Coke It is a tough, porous and black substance. It is an almost pure form of carbon. Coke is used in the manufacture of steel and in the extraction of many metals. Coal Tar It is a black, thick liquid (Fig. 3.3) with an unpleasant smell. It is a mixture ofabout 200 substances. Products obtained from coal tar are used as starting materials for manufacturing various substances used in everyday life and in industry, like synthetic dyes, drugs, explosives, per fumes, plastics, paints, photographic materials, roofing materials, etc. Interestingly, naphthalene balls used to repel moths and other insects are also obtained from coal tar . 2024-25 COAL AND PETRO\n\nasci/chem03/chem03767.htm lhttp://en.wikipedia.org/wiki/combustion 2024-25']","['Pure carbon produced by heating coal, used in metal extraction.']",1.0,0.9323007885644604
What is the main cause of global warming from deforestation?,"The main cause of global warming from deforestation is the increased level of carbon dioxide in the atmosphere because fewer trees are available to absorb it during photosynthesis.
","['lamities such as floods and droughts. Recall that plants need carbon dioxide for photosynthesis. Fewer trees would mean that less carbon dioxide will be used up resulting in its increasedWhat is the purpose of making national parks, wildlife sanctuaries and biosphere reserves? 2024-25 SCIENCE 54amount in the atmosphere. This will lead to global warming as carbon dioxide traps the heat rays reflected by the earth. The increase in temperature on the earth disturbs the water cycle and may reduce rainfall. This could cause droughts . Deforestation is a major cause which leads to the change in soil properties. Physical properties of the soil get affected by plantation and vegetation. Fewer trees result in more soil erosion. Removal of the top la\n\nre causes of deforestation to your list and classify them into natural and man-made. 5.2Consequences of Deforestation Paheli and Boojho recalled the consequences of deforestation. They remembered that deforestation increases the temperature and pollution level on the earth. It increases the level of carbon dioxide in the atmosphere. Ground water level also gets lowered. They know that deforestation disturbs the balance in nature. They were told by Professor Ahmad that if cutting of trees continues, rainfall and the fertility of the soil will 5.1 Deforestation and Its Causes A great variety of plants and animals exist on earth. They are essential for the well-being and survival of mankind. Today, a major threat to survival of these organism\n\nplants and animals exist on earth. They are essential for the well-being and survival of mankind. Today, a major threat to survival of these organisms is deforestation . We know that deforestation means clearing of forests and using that land for other purposes. T r ees in the for est ar e cut for some of the purposes mentioned below: lProcuring land for cultivation. lBuilding houses and factories. lMaking furniture or using wood as fuel.How does deforestation reduce rainfall on the one hand and lead to floods on the other? decr ease. Mor eover , ther e will be increased chances of natural calamities such as floods and droughts. Recall that plants need carbon dioxide for photosynthesis. Fewer trees would mean that less carbon dioxide will']","['lamities such as floods and droughts. Recall that plants need carbon dioxide for photosynthesis. Fewer trees would mean that less carbon dioxide will be used up resulting in its increasedWhat is the purpose of making national parks, wildlife sanctuaries and biosphere reserves? 2024-25 SCIENCE 54amount in the atmosphere. This will lead to global warming as carbon dioxide traps the heat rays reflected by the earth. The increase in temperature on the earth disturbs the water cycle and may reduce rainfall. This could cause droughts . Deforestation is a major cause which leads to the change in soil properties. Physical properties of the soil get affected by plantation and vegetation. Fewer trees result in more soil erosion. Removal of the top la\n\nre causes of deforestation to your list and classify them into natural and man-made. 5.2Consequences of Deforestation Paheli and Boojho recalled the consequences of deforestation. They remembered that deforestation increases the temperature and pollution level on the earth. It increases the level of carbon dioxide in the atmosphere. Ground water level also gets lowered. They know that deforestation disturbs the balance in nature. They were told by Professor Ahmad that if cutting of trees continues, rainfall and the fertility of the soil will 5.1 Deforestation and Its Causes A great variety of plants and animals exist on earth. They are essential for the well-being and survival of mankind. Today, a major threat to survival of these organism\n\nplants and animals exist on earth. They are essential for the well-being and survival of mankind. Today, a major threat to survival of these organisms is deforestation . We know that deforestation means clearing of forests and using that land for other purposes. T r ees in the for est ar e cut for some of the purposes mentioned below: lProcuring land for cultivation. lBuilding houses and factories. lMaking furniture or using wood as fuel.How does deforestation reduce rainfall on the one hand and lead to floods on the other? decr ease. Mor eover , ther e will be increased chances of natural calamities such as floods and droughts. Recall that plants need carbon dioxide for photosynthesis. Fewer trees would mean that less carbon dioxide will']",['Increased atmospheric carbon dioxide trapping more heat.'],1.0,1.0000000000000002
What is desertification?,"Desertification is the process where fertile land gradually turns into deserts due to factors like deforestation and soil erosion.
","['properties. Physical properties of the soil get affected by plantation and vegetation. Fewer trees result in more soil erosion. Removal of the top layer of the soil exposes the lower , har d and r ocky layers. This soil has less humus and is less fertile. Gradually the fertile land gets converted into deserts. It is called desertification . Deforestation also leads to a decrease in the water holding capacity of the soil. The movement of water from the soil surface into the gr ound (infiltration rate) is reduced. So, there are floods. The other properties of the soil like nutrient content, texture etc., also change because of deforestation. We have studied in Class VII that we get many products from forests. List these products. Will we fac\n\nelectricity transmission? 2024-25\n\nasci/chem03/chem03767.htm lhttp://en.wikipedia.org/wiki/combustion 2024-25']","['properties. Physical properties of the soil get affected by plantation and vegetation. Fewer trees result in more soil erosion. Removal of the top layer of the soil exposes the lower , har d and r ocky layers. This soil has less humus and is less fertile. Gradually the fertile land gets converted into deserts. It is called desertification . Deforestation also leads to a decrease in the water holding capacity of the soil. The movement of water from the soil surface into the gr ound (infiltration rate) is reduced. So, there are floods. The other properties of the soil like nutrient content, texture etc., also change because of deforestation. We have studied in Class VII that we get many products from forests. List these products. Will we fac\n\nelectricity transmission? 2024-25\n\nasci/chem03/chem03767.htm lhttp://en.wikipedia.org/wiki/combustion 2024-25']",['Process by which fertile land becomes desert due to soil degradation.'],1.0,1.0000000000000002
What is conservation?,"Conservation of plants and animals is discussed in the context.
","['ntribution of male and female parents ensured in the progeny? 2024-25\n\nCONSERVATION OF PLANTS AND ANIMALS CONSERVATION OF PLANTS AND ANIMALS We saw in Class VII that Paheli and Boojho had visited the forest along with Professor Ahmad and T ibu. They wer e eager to share their experiences with their classmates. Other children in the class were also eager to share their experiences as some of them had visited Bharatpur Sanctuary. Some others had heard about Kaziranga National Park, Lockchao Wildlife Sanctuary, Great Nicobar Biospher e Reserve and T iger Reserve, etc.Some natural causes of deforestation are forest fires and severe droughts. Activity 5.1 Add more causes of deforestation to your list and classify them into natural and man-made. 5.2Consequences of Deforestation Paheli and Boojho recalled the c\n\nelectricity transmission? 2024-25']","['ntribution of male and female parents ensured in the progeny? 2024-25\n\nCONSERVATION OF PLANTS AND ANIMALS CONSERVATION OF PLANTS AND ANIMALS We saw in Class VII that Paheli and Boojho had visited the forest along with Professor Ahmad and T ibu. They wer e eager to share their experiences with their classmates. Other children in the class were also eager to share their experiences as some of them had visited Bharatpur Sanctuary. Some others had heard about Kaziranga National Park, Lockchao Wildlife Sanctuary, Great Nicobar Biospher e Reserve and T iger Reserve, etc.Some natural causes of deforestation are forest fires and severe droughts. Activity 5.1 Add more causes of deforestation to your list and classify them into natural and man-made. 5.2Consequences of Deforestation Paheli and Boojho recalled the c\n\nelectricity transmission? 2024-25']",['Protection and preservation of wildlife and natural resources.'],1.0,0.8143029006557322
What is a national park?,"A National Park is an area reserved for wildlife where they can freely use their habitats and natural resources.
","['d their habitat . National Park : Areas reserved for wild life where they can freely use the habitats and natural resources. Biosphere Reserve : Large areas of protected land for conservation of wild life, plant and animal resources and traditional life of the tribals living in the area. 2024-25 CONSER VATION OF PLANTS AND ANIMALS 55agencies also take care of the forests and animals. The government lays down rules, methods and policies to protect and conserve them. Wildlife sanctuaries, national parks, biosphere reserves etc., are protected areas for conservation of plants and animals present in that area. Activity 5.3 Find out the number of national parks, wildlife sanctuaries and biosphere reserves in your district, state and country. Rec\n\nide the children inside the biosphere reserve. He explains that preserving areas of such biological importance make them a part of our national heritage . Madhavji explains to the children that apart from our personal efforts and efforts of the society, government To protect our flora and fauna and their habitats, protected areas called wildlife sanctuaries, national parks and biosphere reserves have been earmarked. Plantation, cultivation, grazing, felling trees, hunting and poaching are prohibited there. Wildlife Sanctuary : Areas where animals are protected from any disturbance to them and their habitat . National Park : Areas reserved for wild life where they can freely use the habitats and natural resources. Biosphere Reserve : Large\n\nis forest. There are more than one hundred National Parks i n India. It is a pity that even protected forests are not safe because people living in the neighbourhood encroach upon them and destroy them. Children are reminded of their visit to the zoo. They recall that zoos are also places where animals receive protection.Some of the threatened wild animals like black buck, white eyed buck, elephant, golden cat, pink headed duck, gharial, marsh crocodile, python, rhinoceros, etc., are protected and preserved in our wild life sanctuaries. Indian sanctuaries have unique landscapes—broad level forests, mountain forests and bush lands in deltas of big rivers. Activity 5.7 Visit a nearby zoo. Observe the conditions provided to the animals. Were']","['d their habitat . National Park : Areas reserved for wild life where they can freely use the habitats and natural resources. Biosphere Reserve : Large areas of protected land for conservation of wild life, plant and animal resources and traditional life of the tribals living in the area. 2024-25 CONSER VATION OF PLANTS AND ANIMALS 55agencies also take care of the forests and animals. The government lays down rules, methods and policies to protect and conserve them. Wildlife sanctuaries, national parks, biosphere reserves etc., are protected areas for conservation of plants and animals present in that area. Activity 5.3 Find out the number of national parks, wildlife sanctuaries and biosphere reserves in your district, state and country. Rec\n\nide the children inside the biosphere reserve. He explains that preserving areas of such biological importance make them a part of our national heritage . Madhavji explains to the children that apart from our personal efforts and efforts of the society, government To protect our flora and fauna and their habitats, protected areas called wildlife sanctuaries, national parks and biosphere reserves have been earmarked. Plantation, cultivation, grazing, felling trees, hunting and poaching are prohibited there. Wildlife Sanctuary : Areas where animals are protected from any disturbance to them and their habitat . National Park : Areas reserved for wild life where they can freely use the habitats and natural resources. Biosphere Reserve : Large\n\nis forest. There are more than one hundred National Parks i n India. It is a pity that even protected forests are not safe because people living in the neighbourhood encroach upon them and destroy them. Children are reminded of their visit to the zoo. They recall that zoos are also places where animals receive protection.Some of the threatened wild animals like black buck, white eyed buck, elephant, golden cat, pink headed duck, gharial, marsh crocodile, python, rhinoceros, etc., are protected and preserved in our wild life sanctuaries. Indian sanctuaries have unique landscapes—broad level forests, mountain forests and bush lands in deltas of big rivers. Activity 5.7 Visit a nearby zoo. Observe the conditions provided to the animals. Were']",['Protected area allowing wildlife to live naturally without human interference.'],1.0,
What happens during external fertilization in animals?,"During external fertilization, the fusion of male and female gametes occurs outside the female's body, typically in aquatic environments.
","['s randomly in water with the help of its long tail. The sperms come in contact with the eggs. This results in fertili sation. This type of fertilis ation in which the fusion of a male and a female gamete takes place outside the body of the female is called external fertili sation . It is very common in aquatic animals such as fish, star fish , etc. 2024-25 SCIENCE 70 Development of Embryo Fertilisation results in the formation of zygote which begins to develop into an embryo [Fig. 6.8(a)]. The zygote divides repeatedly to give rise to a ball of cells [Fig. 6.8(b)]. The cells then begin to form groups that develop into different tissues and organs of the body. This developing structure is termed an embryo . The embryo gets embedded in the wa\n\nfertilisation outside the body). In case fertilisation occurs, the zygote is allowed to develop for about a week and then it is placed in the mother’s uterus. Complete development takes place in the uterus and the baby is born like any other baby. Babies born through this technique are called test-tube babies . This term is actually misleading because babies cannot grow in test tubes.female lays hundreds of eggs. Unlike hen’s egg, frog’s egg is not covered by a shell and it is comparatively very delicate. A layer of jelly holds the eggs together and provides protection to the eggs (Fig. 6.7). You will be surprised to know that in many animals fertili sation takes place outside the body of the female. In these animals, fertili sation takes p\n\nhuman beings and other animals such as hens, cows and dogs. ÜFertilisation that takes place outside the female body is called external fertilisation. This is observed in frogs, fish, starfish, etc. ÜThe zygote divides repeatedly to give rise to an embryo. ÜThe embryo gets embedded in the wall of the uterus for further development. ÜThe stage of the embryo in which all the body parts are identifiable is called foetus. ÜAnimals such as human beings, cows and dogs which give birth to young ones are called viviparous animals. ÜAnimals such as hen, frog, lizard and butterfly which lay eggs are called oviparous animals. ÜThe transformation of the larva into adult through drastic changes is called metamorphosis. ÜThe type of reproduction in whic']","['s randomly in water with the help of its long tail. The sperms come in contact with the eggs. This results in fertili sation. This type of fertilis ation in which the fusion of a male and a female gamete takes place outside the body of the female is called external fertili sation . It is very common in aquatic animals such as fish, star fish , etc. 2024-25 SCIENCE 70 Development of Embryo Fertilisation results in the formation of zygote which begins to develop into an embryo [Fig. 6.8(a)]. The zygote divides repeatedly to give rise to a ball of cells [Fig. 6.8(b)]. The cells then begin to form groups that develop into different tissues and organs of the body. This developing structure is termed an embryo . The embryo gets embedded in the wa\n\nfertilisation outside the body). In case fertilisation occurs, the zygote is allowed to develop for about a week and then it is placed in the mother’s uterus. Complete development takes place in the uterus and the baby is born like any other baby. Babies born through this technique are called test-tube babies . This term is actually misleading because babies cannot grow in test tubes.female lays hundreds of eggs. Unlike hen’s egg, frog’s egg is not covered by a shell and it is comparatively very delicate. A layer of jelly holds the eggs together and provides protection to the eggs (Fig. 6.7). You will be surprised to know that in many animals fertili sation takes place outside the body of the female. In these animals, fertili sation takes p\n\nhuman beings and other animals such as hens, cows and dogs. ÜFertilisation that takes place outside the female body is called external fertilisation. This is observed in frogs, fish, starfish, etc. ÜThe zygote divides repeatedly to give rise to an embryo. ÜThe embryo gets embedded in the wall of the uterus for further development. ÜThe stage of the embryo in which all the body parts are identifiable is called foetus. ÜAnimals such as human beings, cows and dogs which give birth to young ones are called viviparous animals. ÜAnimals such as hen, frog, lizard and butterfly which lay eggs are called oviparous animals. ÜThe transformation of the larva into adult through drastic changes is called metamorphosis. ÜThe type of reproduction in whic']","['Egg and sperm fuse outside the female body, usually in water.']",1.0,
What is metamorphosis in frogs?,"Metamorphosis in frogs is the transformation of a tadpole (larva) into an adult through drastic changes.
","['stages of frog starting from the egg to the adult stage. We find that ther e are thr ee distinct stages, that is, egg → tadpole (larva) → adult. Don’t the tadpoles look so different from the adults? Can you imagine that these tadpoles would some day become frogs?The tadpoles transform into adults capable of jumping and swimming. The transformation of the larva into an adult through drastic changes is called metamorphosis . What about the changes that we observe in our body as we grow? Do you think we too undergo metamorphosis? In human beings, body parts similar to those present in the adults are present from the time of birth. 6.3 Asexual Reproduction So far , we have lear nt about r eproduction in some familiar animals. But what about ver\n\npleting the Life History of Insects and Frogs You have alr eady lear nt about the life cycle of the frog. The tadpole passes through certain stages to become a frog (Chapter 6). This change from larva to adult is called metamorphosis (Fig. 6.10). Metamorphosis in insects isCollect information from magazines or from doctors and prepare a note on the importance of consuming iodised salt. Y ou can also look for this information on the internet. 7.9 Reproductive Health The physical and mental well being of an individual is regarded as an individual’s health. To keep the body healthy, every human being, at any age, needs to have a balanced diet. The person must also observe personal hygiene and undertake adequate physical exercise. During adoles\n\nlled oviparous animals. ÜThe transformation of the larva into adult through drastic changes is called metamorphosis. ÜThe type of reproduction in which only a single parent is involved is called asexual reproduction. ÜIn hydra, new individuals develop from buds. This method of asexual reproduction is called budding. ÜAmoeba reproduces by dividing itself into two. This type of asexual reproduction is called binary fission. 2024-25 SCIENCE 76Exercises 1.Explain the importance of reproduction in organisms. 2.Describe the process of fertilisation in human beings. 3.Choose the most appr opriate answer . (a)Internal fertilisation occurs (i)in female body. (ii)outside female body. (iii)in male body. (iv)outside male body. (b)A tadpole develops in']","['stages of frog starting from the egg to the adult stage. We find that ther e are thr ee distinct stages, that is, egg → tadpole (larva) → adult. Don’t the tadpoles look so different from the adults? Can you imagine that these tadpoles would some day become frogs?The tadpoles transform into adults capable of jumping and swimming. The transformation of the larva into an adult through drastic changes is called metamorphosis . What about the changes that we observe in our body as we grow? Do you think we too undergo metamorphosis? In human beings, body parts similar to those present in the adults are present from the time of birth. 6.3 Asexual Reproduction So far , we have lear nt about r eproduction in some familiar animals. But what about ver\n\npleting the Life History of Insects and Frogs You have alr eady lear nt about the life cycle of the frog. The tadpole passes through certain stages to become a frog (Chapter 6). This change from larva to adult is called metamorphosis (Fig. 6.10). Metamorphosis in insects isCollect information from magazines or from doctors and prepare a note on the importance of consuming iodised salt. Y ou can also look for this information on the internet. 7.9 Reproductive Health The physical and mental well being of an individual is regarded as an individual’s health. To keep the body healthy, every human being, at any age, needs to have a balanced diet. The person must also observe personal hygiene and undertake adequate physical exercise. During adoles\n\nlled oviparous animals. ÜThe transformation of the larva into adult through drastic changes is called metamorphosis. ÜThe type of reproduction in which only a single parent is involved is called asexual reproduction. ÜIn hydra, new individuals develop from buds. This method of asexual reproduction is called budding. ÜAmoeba reproduces by dividing itself into two. This type of asexual reproduction is called binary fission. 2024-25 SCIENCE 76Exercises 1.Explain the importance of reproduction in organisms. 2.Describe the process of fertilisation in human beings. 3.Choose the most appr opriate answer . (a)Internal fertilisation occurs (i)in female body. (ii)outside female body. (iii)in male body. (iv)outside male body. (b)A tadpole develops in']",['Transformation from tadpole to adult frog involving drastic changes.'],1.0,
What is puberty?,"Puberty is a period of significant bodily changes beyond simple growth, including changes in body proportions, new features, and new sensations, with some changes common to both sexes and others specific to boys or girls.
","['rowth, in which the body becomes lar ger. But in early teenage years, a whole new set of changes occurs that cannot be explained simply as body enlargement. Instead, the appearance of the body changes. Proportions change, new featur es appear , and so do new sensations. Some of these changes ar e common to both boys and girls. W e begin to notice thick hair growing in new parts of the body such as armpits and the genital area between the thighs, which can also become darker in colour . Thinner hair can also appear on legs and ar ms, as well as on the face. The skin frequently becomes oily and we might begin to develop pimples. W e begin to be conscious and awar e of both our own bodies and those of others in new ways. On the other hand, the\n\nwe might begin to develop pimples. W e begin to be conscious and awar e of both our own bodies and those of others in new ways. On the other hand, there are also changes taking place that are different between boys and girls. In girls, breast size begins to increase, with darkening of the skin of the nipples at the tips of the breasts. Also, girls begin to menstruate at around this time. Boys begin to have new thick hair gr owth on the face and their voices begin to crack. Further , the penis occasionally begins to become enlarged and erect, either in daydreams or at night. All of these changes take place slowly, over a period of months and years. They do not happen all at the same time in one person, nor do they happen at an exact age. In\n\nknowing facts about reproduction. For more information visit : l www.teenshealth.org/teen/sexual_health/ l www.adolescenthealth.com 2024-25']","['rowth, in which the body becomes lar ger. But in early teenage years, a whole new set of changes occurs that cannot be explained simply as body enlargement. Instead, the appearance of the body changes. Proportions change, new featur es appear , and so do new sensations. Some of these changes ar e common to both boys and girls. W e begin to notice thick hair growing in new parts of the body such as armpits and the genital area between the thighs, which can also become darker in colour . Thinner hair can also appear on legs and ar ms, as well as on the face. The skin frequently becomes oily and we might begin to develop pimples. W e begin to be conscious and awar e of both our own bodies and those of others in new ways. On the other hand, the\n\nwe might begin to develop pimples. W e begin to be conscious and awar e of both our own bodies and those of others in new ways. On the other hand, there are also changes taking place that are different between boys and girls. In girls, breast size begins to increase, with darkening of the skin of the nipples at the tips of the breasts. Also, girls begin to menstruate at around this time. Boys begin to have new thick hair gr owth on the face and their voices begin to crack. Further , the penis occasionally begins to become enlarged and erect, either in daydreams or at night. All of these changes take place slowly, over a period of months and years. They do not happen all at the same time in one person, nor do they happen at an exact age. In\n\nknowing facts about reproduction. For more information visit : l www.teenshealth.org/teen/sexual_health/ l www.adolescenthealth.com 2024-25']",['Age when humans become physically capable of reproduction.'],,
How is human height influenced?,"Human height is influenced by genetic inheritance, where traits for both tallness and shortness are inherited, but only one trait might be expressed.
","['ntribution of male and female parents ensured in the progeny? 2024-25\n\nsex of a newborn individual determined? Different species use very different strategies for this. Some rely entirely on environmental cues. Thus, in some animals like a few reptiles, the temperature at which fertilised eggs are kept determines whether the animals developing in the eggs will be male or female. In other animals, such as snails, individuals can change sex, indicating that sex is not genetically deter mined. However , in human beings, the sex of the individual is largely genetically determined. In other words, the genes inherited from our parents decide whether we will be boys or girls. But so far , we have assumed that similar gene sets ar e inherited from both parents. If that is the case, how can genetic inheritance determi\n\n, or F1 progeny – no ‘medium-height’ plants. All plants were tall. This meant that only one of the parental traits was seen, not some mixture of the two. So the next generation exactly the same as the tall plants of the parent generation? Mendelian experiments test this by getting both the parental plants and these F1 tall plants to reproduce by self-pollination. The progeny of the par ental plants ar e, of course, all tall. However , the second-generation, or F2, progeny of the F1 tall plants are not all tall. Instead, one quarter of them are short. This indicates that both the tallness and shortness traits were inherited in the F1 plants, but only the tallness trait was expressed. This led Mendel to propose that two copies of factor (now']","['ntribution of male and female parents ensured in the progeny? 2024-25\n\nsex of a newborn individual determined? Different species use very different strategies for this. Some rely entirely on environmental cues. Thus, in some animals like a few reptiles, the temperature at which fertilised eggs are kept determines whether the animals developing in the eggs will be male or female. In other animals, such as snails, individuals can change sex, indicating that sex is not genetically deter mined. However , in human beings, the sex of the individual is largely genetically determined. In other words, the genes inherited from our parents decide whether we will be boys or girls. But so far , we have assumed that similar gene sets ar e inherited from both parents. If that is the case, how can genetic inheritance determi\n\n, or F1 progeny – no ‘medium-height’ plants. All plants were tall. This meant that only one of the parental traits was seen, not some mixture of the two. So the next generation exactly the same as the tall plants of the parent generation? Mendelian experiments test this by getting both the parental plants and these F1 tall plants to reproduce by self-pollination. The progeny of the par ental plants ar e, of course, all tall. However , the second-generation, or F2, progeny of the F1 tall plants are not all tall. Instead, one quarter of them are short. This indicates that both the tallness and shortness traits were inherited in the F1 plants, but only the tallness trait was expressed. This led Mendel to propose that two copies of factor (now']",['Genetics inherited from parents and nutrition during growth years.'],1.0,0.9581429586956475
What changes occur in human body shape during adolescence?,"During adolescence, body proportions change, new features appear, and new sensations arise, along with the development of hair in new areas, oily skin, and pimples.
","['rowth, in which the body becomes lar ger. But in early teenage years, a whole new set of changes occurs that cannot be explained simply as body enlargement. Instead, the appearance of the body changes. Proportions change, new featur es appear , and so do new sensations. Some of these changes ar e common to both boys and girls. W e begin to notice thick hair growing in new parts of the body such as armpits and the genital area between the thighs, which can also become darker in colour . Thinner hair can also appear on legs and ar ms, as well as on the face. The skin frequently becomes oily and we might begin to develop pimples. W e begin to be conscious and awar e of both our own bodies and those of others in new ways. On the other hand, the\n\ns take place slowly, over a period of months and years. They do not happen all at the same time in one person, nor do they happen at an exact age. In some people, they happen early and quickly, while in others, they can happen slowly. Also, each change does not become complete quickly either . So, for example, thick hair on the face in boys appears as a few scattered hairs first, and only slowly does the growth begin to become uniform. Even so, all these changes show differences between people. Just as we have differently shaped noses or fingers, so also we have different patterns of hair growth, or size and shape of breast or penis. All of these changes are aspects of the sexual maturation of the body. Why does the body show sexual maturat\n\nwe might begin to develop pimples. W e begin to be conscious and awar e of both our own bodies and those of others in new ways. On the other hand, there are also changes taking place that are different between boys and girls. In girls, breast size begins to increase, with darkening of the skin of the nipples at the tips of the breasts. Also, girls begin to menstruate at around this time. Boys begin to have new thick hair gr owth on the face and their voices begin to crack. Further , the penis occasionally begins to become enlarged and erect, either in daydreams or at night. All of these changes take place slowly, over a period of months and years. They do not happen all at the same time in one person, nor do they happen at an exact age. In']","['rowth, in which the body becomes lar ger. But in early teenage years, a whole new set of changes occurs that cannot be explained simply as body enlargement. Instead, the appearance of the body changes. Proportions change, new featur es appear , and so do new sensations. Some of these changes ar e common to both boys and girls. W e begin to notice thick hair growing in new parts of the body such as armpits and the genital area between the thighs, which can also become darker in colour . Thinner hair can also appear on legs and ar ms, as well as on the face. The skin frequently becomes oily and we might begin to develop pimples. W e begin to be conscious and awar e of both our own bodies and those of others in new ways. On the other hand, the\n\ns take place slowly, over a period of months and years. They do not happen all at the same time in one person, nor do they happen at an exact age. In some people, they happen early and quickly, while in others, they can happen slowly. Also, each change does not become complete quickly either . So, for example, thick hair on the face in boys appears as a few scattered hairs first, and only slowly does the growth begin to become uniform. Even so, all these changes show differences between people. Just as we have differently shaped noses or fingers, so also we have different patterns of hair growth, or size and shape of breast or penis. All of these changes are aspects of the sexual maturation of the body. Why does the body show sexual maturat\n\nwe might begin to develop pimples. W e begin to be conscious and awar e of both our own bodies and those of others in new ways. On the other hand, there are also changes taking place that are different between boys and girls. In girls, breast size begins to increase, with darkening of the skin of the nipples at the tips of the breasts. Also, girls begin to menstruate at around this time. Boys begin to have new thick hair gr owth on the face and their voices begin to crack. Further , the penis occasionally begins to become enlarged and erect, either in daydreams or at night. All of these changes take place slowly, over a period of months and years. They do not happen all at the same time in one person, nor do they happen at an exact age. In']","['Boys develop broader shoulders', 'girls develop wider hips.']",1.0,0.9373017084370437
What is ignition temperature in relation to fire safety?,"Ignition temperature is the lowest temperature at which a combustible substance catches fire, and understanding it is essential for preventing fires.
","['hy? 2024-25 COMBUSTION AND FLAME 43We find that a combustible substance cannot catch fire or burn as long as its temperature is lower than its ignition temperature. Have you ever seen cooking oil catching fire when a frying pan is kept for long on a burning stove? Kerosene oil and wood do not catch fire on their own at room temperature. But, if kerosene oil is heated a little, it will catch fire. But if wood is heated a little, it would still not catch fire. Does it mean that ignition temperature of kerosene oil is lower than that of wood? Does it mean that we need to take special care in storing kerosene oil? The following activity shows that it is essential for a substance to reach ignition temperature to burn. Activity 4.4 (Caution : Be\n\nEMPERA TURE INFLAMMABLE SUBST ANCES WHAT YOU HAVE LEARNT WHAT YOU HAVE LEARNT WHAT YOU HAVE LEARNT WHAT YOU HAVE LEARNT WHAT YOU HAVE LEARNT ÜThe substances which burn in air are called combustible. ÜOxygen (in air) is essential for combustion. ÜDuring the process of combustion, heat and light are given out. ÜIgnition temperature is the lowest temperature at which a combustible substance catches fire. ÜInflammable substances have very low ignition temperature. ÜFire can be controlled by removing one or more requirements essential for producing fire. ÜWater is commonly used to contr ol fires. ÜWater cannot be used to contr ol fires involving electrical equipment or oils. ÜThere are various types of combustions such as rapid combustion, spont\n\nn your area. If a fire breaks out in your house or in your neighbourhood, the first thing to do is to call the fire service.Does your city/town have a fire brigade station? When a fire brigade arrives, what does it do? It pours water on the fire (Fig. 4 .6). W ater cools the combustible material so that its temperature is brought below its ignition temperature. This prevents the fire from spr eading. W ater vapour s also surround the combustible material, helping in cutting of f the supply of air . So, the fire is extinguished. You have lear nt that ther e are three essential requirements for producing fire. Can you list these requirements? These are: fuel, air (to supply oxygen) and heat (to raise the temperature of the fuel beyond the ign']","['hy? 2024-25 COMBUSTION AND FLAME 43We find that a combustible substance cannot catch fire or burn as long as its temperature is lower than its ignition temperature. Have you ever seen cooking oil catching fire when a frying pan is kept for long on a burning stove? Kerosene oil and wood do not catch fire on their own at room temperature. But, if kerosene oil is heated a little, it will catch fire. But if wood is heated a little, it would still not catch fire. Does it mean that ignition temperature of kerosene oil is lower than that of wood? Does it mean that we need to take special care in storing kerosene oil? The following activity shows that it is essential for a substance to reach ignition temperature to burn. Activity 4.4 (Caution : Be\n\nEMPERA TURE INFLAMMABLE SUBST ANCES WHAT YOU HAVE LEARNT WHAT YOU HAVE LEARNT WHAT YOU HAVE LEARNT WHAT YOU HAVE LEARNT WHAT YOU HAVE LEARNT ÜThe substances which burn in air are called combustible. ÜOxygen (in air) is essential for combustion. ÜDuring the process of combustion, heat and light are given out. ÜIgnition temperature is the lowest temperature at which a combustible substance catches fire. ÜInflammable substances have very low ignition temperature. ÜFire can be controlled by removing one or more requirements essential for producing fire. ÜWater is commonly used to contr ol fires. ÜWater cannot be used to contr ol fires involving electrical equipment or oils. ÜThere are various types of combustions such as rapid combustion, spont\n\nn your area. If a fire breaks out in your house or in your neighbourhood, the first thing to do is to call the fire service.Does your city/town have a fire brigade station? When a fire brigade arrives, what does it do? It pours water on the fire (Fig. 4 .6). W ater cools the combustible material so that its temperature is brought below its ignition temperature. This prevents the fire from spr eading. W ater vapour s also surround the combustible material, helping in cutting of f the supply of air . So, the fire is extinguished. You have lear nt that ther e are three essential requirements for producing fire. Can you list these requirements? These are: fuel, air (to supply oxygen) and heat (to raise the temperature of the fuel beyond the ign']","['The temperature at which materials ignite', 'critical for handling fuels safely.']",1.0,0.8939681947611243
Why should antibiotics be used carefully?,"Overuse or incorrect dosage can reduce effectiveness and harm beneficial bacteria.
","['e antibiotics? What precautions must be taken while taking antibiotics?E X E R C I S E S A BExtended Learning — Activities and Projects 1.Pull out a gram or bean plant fr om the field. Observe its r oots. Y ou will find round structures called root nodules on the roots. Draw a diagram of the root and show the root nodules. 2.Collect the labels fr om the bottles of jams and jellies. W rite down the list of contents printed on the labels. 3.Visit a doctor . Find out why antibiotics should not be overused. Prepare a short report. 4.Project : Requir ements – 2 test tubes, marker pen, sugar , yeast powder , 2 balloons and lime water . Take two test tube s and mark them A and B. Clamp these tubes in a stand and f ill the m with water leaving s\n\nare called antibiotics . These days a number of antibiotics are being produced from bacteria and fungi. Streptomycin, tetracycline and erythromycin are some of the 2024-25 MICROORGANISMS : FRIEND AND FOE 21commonly known antibiotics which are made from fungi and bacteria. The antibiotics are manufactured by growing specific microorganisms and are used to cure a variety of diseases. Antibiotics are even mixed with the feed of livestock and poultry to check microbial infection in animals. They are also used to control many plant diseases. It is important to remember that antibiotics should be taken only on the advi ce of a qualified doctor . Also you must complete the course prescribed by the doctor . If you take antibiotics when not neede\n\ntaken only on the advi ce of a qualified doctor . Also you must complete the course prescribed by the doctor . If you take antibiotics when not needed or in wrong doses, it may make the drug less effective when you might need it in future. Also antibiotics taken unnecessarily may kill the beneficial bacteria in the body. Antibiotics, however , are not ef fective against cold and flu as these are caused by viruses. Vaccinefrom the disease-causing microbes for ever. This is how a vaccine works. Several diseases, including cholera, tuberculosis, smallpox and hepatitis can be prevented by vaccination. Edward Jenner discovered the vaccine for small- pox in 1798. Why are children/infants given vaccination? When a disease-carrying microbe enters']","['e antibiotics? What precautions must be taken while taking antibiotics?E X E R C I S E S A BExtended Learning — Activities and Projects 1.Pull out a gram or bean plant fr om the field. Observe its r oots. Y ou will find round structures called root nodules on the roots. Draw a diagram of the root and show the root nodules. 2.Collect the labels fr om the bottles of jams and jellies. W rite down the list of contents printed on the labels. 3.Visit a doctor . Find out why antibiotics should not be overused. Prepare a short report. 4.Project : Requir ements – 2 test tubes, marker pen, sugar , yeast powder , 2 balloons and lime water . Take two test tube s and mark them A and B. Clamp these tubes in a stand and f ill the m with water leaving s\n\nare called antibiotics . These days a number of antibiotics are being produced from bacteria and fungi. Streptomycin, tetracycline and erythromycin are some of the 2024-25 MICROORGANISMS : FRIEND AND FOE 21commonly known antibiotics which are made from fungi and bacteria. The antibiotics are manufactured by growing specific microorganisms and are used to cure a variety of diseases. Antibiotics are even mixed with the feed of livestock and poultry to check microbial infection in animals. They are also used to control many plant diseases. It is important to remember that antibiotics should be taken only on the advi ce of a qualified doctor . Also you must complete the course prescribed by the doctor . If you take antibiotics when not neede\n\ntaken only on the advi ce of a qualified doctor . Also you must complete the course prescribed by the doctor . If you take antibiotics when not needed or in wrong doses, it may make the drug less effective when you might need it in future. Also antibiotics taken unnecessarily may kill the beneficial bacteria in the body. Antibiotics, however , are not ef fective against cold and flu as these are caused by viruses. Vaccinefrom the disease-causing microbes for ever. This is how a vaccine works. Several diseases, including cholera, tuberculosis, smallpox and hepatitis can be prevented by vaccination. Edward Jenner discovered the vaccine for small- pox in 1798. Why are children/infants given vaccination? When a disease-carrying microbe enters']",['Overuse leads to antibiotic resistance in microbes.'],0.75,
How do vaccines work?,"Vaccines work by introducing dead or weakened microbes into the body, stimulating it to produce antibodies that provide future protection against the disease.
","['taken only on the advi ce of a qualified doctor . Also you must complete the course prescribed by the doctor . If you take antibiotics when not needed or in wrong doses, it may make the drug less effective when you might need it in future. Also antibiotics taken unnecessarily may kill the beneficial bacteria in the body. Antibiotics, however , are not ef fective against cold and flu as these are caused by viruses. Vaccinefrom the disease-causing microbes for ever. This is how a vaccine works. Several diseases, including cholera, tuberculosis, smallpox and hepatitis can be prevented by vaccination. Edward Jenner discovered the vaccine for small- pox in 1798. Why are children/infants given vaccination? When a disease-carrying microbe enters\n\ntion. Edward Jenner discovered the vaccine for small- pox in 1798. Why are children/infants given vaccination? When a disease-carrying microbe enters our body, the body produces antibodies to fight the invader . The body also remembers how to fight the microbe if it enters again. If dead or weakened microbes are introduced in to a healthy body , the body fights and kills the invading bacteria by producing suitable antibodies. The antibodies remain in the body and we are protected In your childhood, you must have been given injections to protect yourself against several diseases. Can you prepare a list of these diseases? Y ou may take help fr om your parents. It is essential to protect all children against these diseases. Necessary vaccines\n\nntribution of male and female parents ensured in the progeny? 2024-25']","['taken only on the advi ce of a qualified doctor . Also you must complete the course prescribed by the doctor . If you take antibiotics when not needed or in wrong doses, it may make the drug less effective when you might need it in future. Also antibiotics taken unnecessarily may kill the beneficial bacteria in the body. Antibiotics, however , are not ef fective against cold and flu as these are caused by viruses. Vaccinefrom the disease-causing microbes for ever. This is how a vaccine works. Several diseases, including cholera, tuberculosis, smallpox and hepatitis can be prevented by vaccination. Edward Jenner discovered the vaccine for small- pox in 1798. Why are children/infants given vaccination? When a disease-carrying microbe enters\n\ntion. Edward Jenner discovered the vaccine for small- pox in 1798. Why are children/infants given vaccination? When a disease-carrying microbe enters our body, the body produces antibodies to fight the invader . The body also remembers how to fight the microbe if it enters again. If dead or weakened microbes are introduced in to a healthy body , the body fights and kills the invading bacteria by producing suitable antibodies. The antibodies remain in the body and we are protected In your childhood, you must have been given injections to protect yourself against several diseases. Can you prepare a list of these diseases? Y ou may take help fr om your parents. It is essential to protect all children against these diseases. Necessary vaccines\n\nntribution of male and female parents ensured in the progeny? 2024-25']","['They introduce weakened microbes, stimulating immunity without causing disease.']",1.0,1.0
Why are seeds floated in water before sowing?,"Seeds are floated in water to separate the good, healthy seeds from the damaged ones, as damaged seeds are lighter and float.
","['h yield. Selection of Seedsgrip beam bent plate rodhandle One day I saw my mother put some gram seeds in a vessel and pour some water on them. After a few minutes some seeds started to float on top. I wonder why some seeds float on water!works like a blade. It is pulled by animals [Fig. 1.1 (b)]. 2024-25 CROP PRODUCTION AND MANAGEMENT 5Seed drill : Nowadays the seed drill [Fig. 1.2 (b)] is used for sowing with the help of tractors. This sows the seeds uniformly at equal distance and depth. It ensures that seeds get covered by the soil after sowing. This protects seeds from being eaten by birds. Sowing by using a seed drill saves time and labour .Fig. 1.2 (b) : A seed drill There is a nursery near my school. I found that little plants wer\n\nd bent plate of iron is fixed to one of its ends and ploughshaft ploughsharebeam 2024-25 SCIENCE 4Activity 1.1 Take a beaker and fill half of it with water . Put a handful of wheat seeds and stir well. Wait for some time. Are there seeds which float on water? W ould those be lighter or heavier than those which sink? Why would they be lighter? Damaged seeds become hollow and ar e thus lighter . Therefore, they float o n water . This is a good method for separating good, healthy seeds from the damaged ones. Before sowing , one of the important tasks is to know about the tools used for sowing seeds [Fig. 1.2 (a), (b)]. Traditional tool : The tool used traditionally for sowing seeds is shaped like a funnel [Fig. 1.2 (a)]. The seeds are filled\n\needs [Fig. 1.2 (a), (b)]. Traditional tool : The tool used traditionally for sowing seeds is shaped like a funnel [Fig. 1.2 (a)]. The seeds are filled into the funnel, passed down through two or three pipes having sharp ends. These ends pierce into the soil and place seeds there.Cultivator : Nowadays ploughing is done by tractor -driven cultivator . The use of cultivator saves labour and time. [Fig. 1.1 (c)]. 1.4 Sowing Sowing is an important part of crop production. Before sowing, good quality, clean and healthy seeds of a good variety —are selected. Farmers prefer to use seeds which give high yield. Selection of Seedsgrip beam bent plate rodhandle One day I saw my mother put some gram seeds in a vessel and pour some water on them. After a']","['h yield. Selection of Seedsgrip beam bent plate rodhandle One day I saw my mother put some gram seeds in a vessel and pour some water on them. After a few minutes some seeds started to float on top. I wonder why some seeds float on water!works like a blade. It is pulled by animals [Fig. 1.1 (b)]. 2024-25 CROP PRODUCTION AND MANAGEMENT 5Seed drill : Nowadays the seed drill [Fig. 1.2 (b)] is used for sowing with the help of tractors. This sows the seeds uniformly at equal distance and depth. It ensures that seeds get covered by the soil after sowing. This protects seeds from being eaten by birds. Sowing by using a seed drill saves time and labour .Fig. 1.2 (b) : A seed drill There is a nursery near my school. I found that little plants wer\n\nd bent plate of iron is fixed to one of its ends and ploughshaft ploughsharebeam 2024-25 SCIENCE 4Activity 1.1 Take a beaker and fill half of it with water . Put a handful of wheat seeds and stir well. Wait for some time. Are there seeds which float on water? W ould those be lighter or heavier than those which sink? Why would they be lighter? Damaged seeds become hollow and ar e thus lighter . Therefore, they float o n water . This is a good method for separating good, healthy seeds from the damaged ones. Before sowing , one of the important tasks is to know about the tools used for sowing seeds [Fig. 1.2 (a), (b)]. Traditional tool : The tool used traditionally for sowing seeds is shaped like a funnel [Fig. 1.2 (a)]. The seeds are filled\n\needs [Fig. 1.2 (a), (b)]. Traditional tool : The tool used traditionally for sowing seeds is shaped like a funnel [Fig. 1.2 (a)]. The seeds are filled into the funnel, passed down through two or three pipes having sharp ends. These ends pierce into the soil and place seeds there.Cultivator : Nowadays ploughing is done by tractor -driven cultivator . The use of cultivator saves labour and time. [Fig. 1.1 (c)]. 1.4 Sowing Sowing is an important part of crop production. Before sowing, good quality, clean and healthy seeds of a good variety —are selected. Farmers prefer to use seeds which give high yield. Selection of Seedsgrip beam bent plate rodhandle One day I saw my mother put some gram seeds in a vessel and pour some water on them. After a']",['To separate damaged seeds (floaters) from healthy ones.'],,
What is a cultivator?,"A cultivator is a tractor-driven tool used for ploughing that saves labor and time.
","['eeds [Fig. 1.2 (a), (b)]. Traditional tool : The tool used traditionally for sowing seeds is shaped like a funnel [Fig. 1.2 (a)]. The seeds are filled into the funnel, passed down through two or three pipes having sharp ends. These ends pierce into the soil and place seeds there.Cultivator : Nowadays ploughing is done by tractor -driven cultivator . The use of cultivator saves labour and time. [Fig. 1.1 (c)]. 1.4 Sowing Sowing is an important part of crop production. Before sowing, good quality, clean and healthy seeds of a good variety —are selected. Farmers prefer to use seeds which give high yield. Selection of Seedsgrip beam bent plate rodhandle One day I saw my mother put some gram seeds in a vessel and pour some water on them. After a\n\nntribution of male and female parents ensured in the progeny? 2024-25\n\nthe soil. These gr een plants thus tur n into green manure which helps in enriching the soil in nitrogen and phosphorus. FERTILIZERS Fertilizers are commercially produced plant nutrients. Fertilizers supply nitr ogen, phosphorus and potassium. They ar e used to ensur e good vegetative gr owth (leaves, branches and flowers), giving rise to healthy plants. Fertilizers are a factor in the higher yields of high-cost far ming. Fertilizers should be applied car efully in terms of pr oper dose, time, and observing pr e- and post-application pr ecautions for their complete utilisation. For example, sometimes fertilizers get washed away due to excessive irrigation and ar e not fully absorbed by the plants. This excess fertilizer then leads to water']","['eeds [Fig. 1.2 (a), (b)]. Traditional tool : The tool used traditionally for sowing seeds is shaped like a funnel [Fig. 1.2 (a)]. The seeds are filled into the funnel, passed down through two or three pipes having sharp ends. These ends pierce into the soil and place seeds there.Cultivator : Nowadays ploughing is done by tractor -driven cultivator . The use of cultivator saves labour and time. [Fig. 1.1 (c)]. 1.4 Sowing Sowing is an important part of crop production. Before sowing, good quality, clean and healthy seeds of a good variety —are selected. Farmers prefer to use seeds which give high yield. Selection of Seedsgrip beam bent plate rodhandle One day I saw my mother put some gram seeds in a vessel and pour some water on them. After a\n\nntribution of male and female parents ensured in the progeny? 2024-25\n\nthe soil. These gr een plants thus tur n into green manure which helps in enriching the soil in nitrogen and phosphorus. FERTILIZERS Fertilizers are commercially produced plant nutrients. Fertilizers supply nitr ogen, phosphorus and potassium. They ar e used to ensur e good vegetative gr owth (leaves, branches and flowers), giving rise to healthy plants. Fertilizers are a factor in the higher yields of high-cost far ming. Fertilizers should be applied car efully in terms of pr oper dose, time, and observing pr e- and post-application pr ecautions for their complete utilisation. For example, sometimes fertilizers get washed away due to excessive irrigation and ar e not fully absorbed by the plants. This excess fertilizer then leads to water']",['Tractor-driven agricultural tool used for ploughing fields efficiently.'],1.0,
What are weeds?,"Weeds are plants that compete with crops for resources like water, nutrients, space, and light, hindering crop growth.
","['take up nutrients and reduce the growth of the crop. Therefore, removal of weeds from cultivated fields during the early stages of crop growth is essential for a good harvest. Generally insect pests attack the plants in thr ee ways: (i) they cut the r oot, stem and leaf, (ii) they suck the cell sap fr om various parts of the plant, and (iii) they bor e into stem and fruits. They thus af fect the health of the crop and reduce yields. Diseases in plants ar e caused by pathogens such as bacteria, fungi and viruses. These pathogens can be pr esent in and transmitted thr ough the soil, water and air . Weeds, insects and diseases can be contr olled by various methods. One of the most commonly used methods is the use of pesticides, which include\n\nair . Weeds, insects and diseases can be contr olled by various methods. One of the most commonly used methods is the use of pesticides, which include herbicides, insecticides and fungicides. These chemicals are sprayed on cr op plants or used for tr eating seeds and soil. However , excessive use of these chemicals cr eates problems, since they can be poisonous to many plant and animal species and cause envir onmental pollution. Weed contr ol methods also include mechanical r emoval. Pr eventive methods such as pr oper seed bed preparation, timely sowing of crops, inter cropping and cr op rotation also help in weed contr ol. Some other preventive measur es against pests ar e the use of resistant varieties, and summer ploughing, in which fie\n\nval of weeds is called weeding. W eeding is necessary since weeds compete with the crop plants for water , nutrients, space and light. Thus, they affect the growth of the crop. Some weeds inter fere even in harvesting and may be poisonous for animals and human beings. Farmers adopt many ways to remove weeds and contr ol their growth. T illing before sowing of crops helps in uprooting and killing of weeds, which may then dry up and get mixed with the soil. The best time for the removal of weeds is before they produce flowers and seeds. The manual removal includes physical removal of weeds by uprooting or cutting them close to the ground, from time to time. This is done with the help of a khurpi. A seed drill [Fig. 1.2(b)] is also used to up']","['take up nutrients and reduce the growth of the crop. Therefore, removal of weeds from cultivated fields during the early stages of crop growth is essential for a good harvest. Generally insect pests attack the plants in thr ee ways: (i) they cut the r oot, stem and leaf, (ii) they suck the cell sap fr om various parts of the plant, and (iii) they bor e into stem and fruits. They thus af fect the health of the crop and reduce yields. Diseases in plants ar e caused by pathogens such as bacteria, fungi and viruses. These pathogens can be pr esent in and transmitted thr ough the soil, water and air . Weeds, insects and diseases can be contr olled by various methods. One of the most commonly used methods is the use of pesticides, which include\n\nair . Weeds, insects and diseases can be contr olled by various methods. One of the most commonly used methods is the use of pesticides, which include herbicides, insecticides and fungicides. These chemicals are sprayed on cr op plants or used for tr eating seeds and soil. However , excessive use of these chemicals cr eates problems, since they can be poisonous to many plant and animal species and cause envir onmental pollution. Weed contr ol methods also include mechanical r emoval. Pr eventive methods such as pr oper seed bed preparation, timely sowing of crops, inter cropping and cr op rotation also help in weed contr ol. Some other preventive measur es against pests ar e the use of resistant varieties, and summer ploughing, in which fie\n\nval of weeds is called weeding. W eeding is necessary since weeds compete with the crop plants for water , nutrients, space and light. Thus, they affect the growth of the crop. Some weeds inter fere even in harvesting and may be poisonous for animals and human beings. Farmers adopt many ways to remove weeds and contr ol their growth. T illing before sowing of crops helps in uprooting and killing of weeds, which may then dry up and get mixed with the soil. The best time for the removal of weeds is before they produce flowers and seeds. The manual removal includes physical removal of weeds by uprooting or cutting them close to the ground, from time to time. This is done with the help of a khurpi. A seed drill [Fig. 1.2(b)] is also used to up']",['Undesirable plants competing with crops for nutrients.'],1.0,0.9224939124396488
Why is manure added to soil?,"Manure replenishes soil nutrients depleted by continuous crop cultivation.
","['diseases. To increase the yield, the soil can be enriched by supplying these nutrients in the form of manure and fertilizers. uestions 1.What ar e macr o-nutrients and why ar e they called macr o- nutrients? 2.How do plants get nutrients? MANURE Manure contains lar ge quantities of or ganic matter and also supplies small quantities of nutrients to the soil. Manur e is pr epared by the decomposition of animal excr eta and plant waste. Manure helps in enriching soil with nutrients and or ganic matter and increasing soil fertility. The bulk of or ganic matter in manur e helps in impr oving the soil structur e. This involves incr easing the water holding capacity in sandy soils. In clayey soils, the large quantities of organic matter help in d\n\nts were weak. Why do some plants grow better than others?sufficient sunlight, nutrients and water from the soil. At times a few plants may have to be removed to prevent overcrowding. 1.5Adding Manure and Fertilisers The substances which are added to the soil in the form of nutrients for the healthy growth of plants are called manure and fertilisers . Soil supplies mineral nutrients to the crop plants. These nutrients are essential for the growth of plants. In certain areas, farmers grow crop after crop in the same field. The field is never left uncultivated or fallow. Imagine what happens to the nutrients? Continuous cultivation of crops makes the soil poor in nutrients. Therefore, farmers have to add manure to the fields to replenish the\n\nthe nutrients? Continuous cultivation of crops makes the soil poor in nutrients. Therefore, farmers have to add manure to the fields to replenish the soil with nutrients. This process is called manuring . Improper or insufficient manuring results in weak plants. Manure is an organic substance obtained from the decomposition of plant or animal wastes. Farmers dump plant and animal waste in pits at open places and allow it to decompose. The decomposition is caused by some microorganisms. The decomposed matter is used as organic manure. You have alr eady lear nt about vermicomposting in Class VI. 2024-25 SCIENCE 6Activity 1.2 Take moong or gram seeds and germinate them. Select three equal sized seedlings . Take three empty glasses or similar']","['diseases. To increase the yield, the soil can be enriched by supplying these nutrients in the form of manure and fertilizers. uestions 1.What ar e macr o-nutrients and why ar e they called macr o- nutrients? 2.How do plants get nutrients? MANURE Manure contains lar ge quantities of or ganic matter and also supplies small quantities of nutrients to the soil. Manur e is pr epared by the decomposition of animal excr eta and plant waste. Manure helps in enriching soil with nutrients and or ganic matter and increasing soil fertility. The bulk of or ganic matter in manur e helps in impr oving the soil structur e. This involves incr easing the water holding capacity in sandy soils. In clayey soils, the large quantities of organic matter help in d\n\nts were weak. Why do some plants grow better than others?sufficient sunlight, nutrients and water from the soil. At times a few plants may have to be removed to prevent overcrowding. 1.5Adding Manure and Fertilisers The substances which are added to the soil in the form of nutrients for the healthy growth of plants are called manure and fertilisers . Soil supplies mineral nutrients to the crop plants. These nutrients are essential for the growth of plants. In certain areas, farmers grow crop after crop in the same field. The field is never left uncultivated or fallow. Imagine what happens to the nutrients? Continuous cultivation of crops makes the soil poor in nutrients. Therefore, farmers have to add manure to the fields to replenish the\n\nthe nutrients? Continuous cultivation of crops makes the soil poor in nutrients. Therefore, farmers have to add manure to the fields to replenish the soil with nutrients. This process is called manuring . Improper or insufficient manuring results in weak plants. Manure is an organic substance obtained from the decomposition of plant or animal wastes. Farmers dump plant and animal waste in pits at open places and allow it to decompose. The decomposition is caused by some microorganisms. The decomposed matter is used as organic manure. You have alr eady lear nt about vermicomposting in Class VI. 2024-25 SCIENCE 6Activity 1.2 Take moong or gram seeds and germinate them. Select three equal sized seedlings . Take three empty glasses or similar']",['To provide nutrients and enhance fertility organically.'],1.0,0.888769371077149
What causes bread dough to rise?,"Yeast reproduces rapidly, producing carbon dioxide which fills the dough and increases its volume.
","['r ( atta or maida ), add some sugar and mix with warm water . Add a small amount of yeast powder and knead to make a soft dough. What do you observe after two hours? Did you find the dough rising? Maida with yeast powder Raised maida Yeast r eproduces rapidly and produces carbon dioxide during respiration. Bubbles of the gas fill the dough and increase its volume (Fig. 2.6). This is the basis of the use of yeast in the baking industry for making breads, pastries and cakes. Commercial Use of Microorganisms Microorganisms are used for the large scale production of alcohol, wine and acetic acid (vinegar). Y east is used for commer cial production of alcohol and wine. For this purpose yeast is grown on natural sugars present in grains like bar\n\nntribution of male and female parents ensured in the progeny? 2024-25\n\nHow do Organisms Reproduce ?7 CHAPTER Before we discuss the mechanisms by which organisms reproduce, let us ask a more basic question – why do organisms reproduce? After all, reproduction is not necessary to maintain the life of an individual organism, unlike the essential life processes such as nutrition, respiration, or excretion. On the other hand, if an individual organism is going to create more individuals, a lot of its energy will be spent in the process. So why should an individual organism waste energy on a process it does not need to stay alive? It would be interesting to discuss the possible answers in the classroom! Whatever the answer to this question, it is obvious that we notice organisms because they reproduce. If there were']","['r ( atta or maida ), add some sugar and mix with warm water . Add a small amount of yeast powder and knead to make a soft dough. What do you observe after two hours? Did you find the dough rising? Maida with yeast powder Raised maida Yeast r eproduces rapidly and produces carbon dioxide during respiration. Bubbles of the gas fill the dough and increase its volume (Fig. 2.6). This is the basis of the use of yeast in the baking industry for making breads, pastries and cakes. Commercial Use of Microorganisms Microorganisms are used for the large scale production of alcohol, wine and acetic acid (vinegar). Y east is used for commer cial production of alcohol and wine. For this purpose yeast is grown on natural sugars present in grains like bar\n\nntribution of male and female parents ensured in the progeny? 2024-25\n\nHow do Organisms Reproduce ?7 CHAPTER Before we discuss the mechanisms by which organisms reproduce, let us ask a more basic question – why do organisms reproduce? After all, reproduction is not necessary to maintain the life of an individual organism, unlike the essential life processes such as nutrition, respiration, or excretion. On the other hand, if an individual organism is going to create more individuals, a lot of its energy will be spent in the process. So why should an individual organism waste energy on a process it does not need to stay alive? It would be interesting to discuss the possible answers in the classroom! Whatever the answer to this question, it is obvious that we notice organisms because they reproduce. If there were']",['Yeast producing carbon dioxide gas during fermentation.'],1.0,0.9186916765031011
How does wastewater pollute natural water bodies?,"Sewage, a liquid waste containing pollutants from homes and industries, contaminates water bodies and soil.
","['SCIENCE 156Wastewater Story13 All of us use water in our homes and make it dirty. Dirty! Are you surprised?Rich in lather, mixed with oil, black– brown water that goes down the drains from sinks, showers, toilets, laundries is dirty. It is called wastewater . This used water should not be wasted. We must clean it up by removing pollutants. Have you ever thought where thewastewater goes and what happens to it? 13.1 W ATER, OUR LIFELINE Clean water is a basic need of human being. Let us make a mindmap of the many uses of clean water. Activity 13.1 (We have given one example of the use of clean water. You can add many more.)Clean water that is fit for use is unfortunatelynot available to all. It has been reported that morethan one billion of p\n\nand other unwanted matter still remaining in clarified water (Fig. 13.6). It has been suggested that we should plant eucalyptus trees all along sewage ponds. These trees absorb allsurplus wastewater rapidly and release pure water vapour into the atmosphere. The water in a river is cleaned naturally by processes that are similar to those adopted in a wastewater treatment plant. Reprint 2024-25 WASTEWATER STORY 161type of waste and quantity of waste produced. Often we have been repelledby offensive smell. The sight of open drains is disgusting. The situation worsens in the rainy season when thedrains start overflowing. We have to wade through the mud pools on the roads. Most unhygienic and unsanitaryconditions prevail. Flies, mosquitoes and\n\nwastewater. Wastewater could be reused. \uf06eWastewater is generated in homes, industries, agricultural fields and in other human activities. This is called sewage. \uf06eSewage is a liquid waste which causes water and soil pollution. \uf06eWastewater is treated in a sewage treatment plant. \uf06eTreatment plants reduce pollutants in wastewater to a level where naturecan take care of it. \uf06eWhere underground sewerage systems and refuse disposal systems arenot available, the low cost on-site sanitation system can be adopted. \uf06eBy-products of wastewater treatment are sludge and biogas. \uf06eOpen drain system is a breeding place for flies, mosquitoes and organismswhich cause diseases. \uf06eWe should not defecate in the open. It is possible to have safe disposal ofexcreta']","['SCIENCE 156Wastewater Story13 All of us use water in our homes and make it dirty. Dirty! Are you surprised?Rich in lather, mixed with oil, black– brown water that goes down the drains from sinks, showers, toilets, laundries is dirty. It is called wastewater . This used water should not be wasted. We must clean it up by removing pollutants. Have you ever thought where thewastewater goes and what happens to it? 13.1 W ATER, OUR LIFELINE Clean water is a basic need of human being. Let us make a mindmap of the many uses of clean water. Activity 13.1 (We have given one example of the use of clean water. You can add many more.)Clean water that is fit for use is unfortunatelynot available to all. It has been reported that morethan one billion of p\n\nand other unwanted matter still remaining in clarified water (Fig. 13.6). It has been suggested that we should plant eucalyptus trees all along sewage ponds. These trees absorb allsurplus wastewater rapidly and release pure water vapour into the atmosphere. The water in a river is cleaned naturally by processes that are similar to those adopted in a wastewater treatment plant. Reprint 2024-25 WASTEWATER STORY 161type of waste and quantity of waste produced. Often we have been repelledby offensive smell. The sight of open drains is disgusting. The situation worsens in the rainy season when thedrains start overflowing. We have to wade through the mud pools on the roads. Most unhygienic and unsanitaryconditions prevail. Flies, mosquitoes and\n\nwastewater. Wastewater could be reused. \uf06eWastewater is generated in homes, industries, agricultural fields and in other human activities. This is called sewage. \uf06eSewage is a liquid waste which causes water and soil pollution. \uf06eWastewater is treated in a sewage treatment plant. \uf06eTreatment plants reduce pollutants in wastewater to a level where naturecan take care of it. \uf06eWhere underground sewerage systems and refuse disposal systems arenot available, the low cost on-site sanitation system can be adopted. \uf06eBy-products of wastewater treatment are sludge and biogas. \uf06eOpen drain system is a breeding place for flies, mosquitoes and organismswhich cause diseases. \uf06eWe should not defecate in the open. It is possible to have safe disposal ofexcreta']",['Sewage and contaminants entering rivers or lakes reduce water quality.'],1.0,0.7832230599772464
What is eutrophication?,"The provided text does not explain eutrophication.
","['electricity transmission? 2024-25\n\nntribution of male and female parents ensured in the progeny? 2024-25\n\nthe soil. These gr een plants thus tur n into green manure which helps in enriching the soil in nitrogen and phosphorus. FERTILIZERS Fertilizers are commercially produced plant nutrients. Fertilizers supply nitr ogen, phosphorus and potassium. They ar e used to ensur e good vegetative gr owth (leaves, branches and flowers), giving rise to healthy plants. Fertilizers are a factor in the higher yields of high-cost far ming. Fertilizers should be applied car efully in terms of pr oper dose, time, and observing pr e- and post-application pr ecautions for their complete utilisation. For example, sometimes fertilizers get washed away due to excessive irrigation and ar e not fully absorbed by the plants. This excess fertilizer then leads to water']","['electricity transmission? 2024-25\n\nntribution of male and female parents ensured in the progeny? 2024-25\n\nthe soil. These gr een plants thus tur n into green manure which helps in enriching the soil in nitrogen and phosphorus. FERTILIZERS Fertilizers are commercially produced plant nutrients. Fertilizers supply nitr ogen, phosphorus and potassium. They ar e used to ensur e good vegetative gr owth (leaves, branches and flowers), giving rise to healthy plants. Fertilizers are a factor in the higher yields of high-cost far ming. Fertilizers should be applied car efully in terms of pr oper dose, time, and observing pr e- and post-application pr ecautions for their complete utilisation. For example, sometimes fertilizers get washed away due to excessive irrigation and ar e not fully absorbed by the plants. This excess fertilizer then leads to water']","['Excessive nutrients in water bodies causing dense plant growth, harming aquatic life.']",1.0,0.9041956041204777
Why is filtration important in water treatment?,"Filtration removes pollutants from water before it's used or returned to a water body.
","['Reprint 2024-25 SCIENCE 164Exercises 1. Fill in the blanks: (a) Cleaning of water is a process of removing ____________. (b) Wastewater released by houses is called ____________. (c) Dried ____________ is used as manure. (d) Drains get blocked by ____________ and ____________. 2. What is sewage? Explain why it is harmful to discharge untreated sewage into rivers or seas. 3. Why should oils and fats be not released in the drain? Explain.4. Describe the steps involved in getting clarified water from wastewater.5. What is sludge? Explain how it is treated.6. Untreated human excreta is a health hazard. Explain.7. Name two chemicals used to disinfect water.8. Explain the function of bar screens in a wastewater treatment plant.9. Explain the rela\n\nelectricity transmission? 2024-25\n\nhe General Assembly of the United Nationsproclaimed the period 2005–2015 as the International Decade for action on “Water for life”. All efforts made during this decade aim to reduce by half the number of people who do not have access to safe drinking water. There has been perceptible progress in the direction of the aim but still thereis a lot to achieve. Cleaning of water is a process of removing pollutants before it enters awater body or is reused. This process ofwastewater treatment is commonly Clean water put to use Drinking Reprint 2024-25 WASTEWATER STORY 157known as “Sewage Treatment” . It takes place in several stages. 13.2 W HAT IS SEWAGE ? Sewage is wastewater released by homes, industries, hospitals, offices and otherusers. I']","['Reprint 2024-25 SCIENCE 164Exercises 1. Fill in the blanks: (a) Cleaning of water is a process of removing ____________. (b) Wastewater released by houses is called ____________. (c) Dried ____________ is used as manure. (d) Drains get blocked by ____________ and ____________. 2. What is sewage? Explain why it is harmful to discharge untreated sewage into rivers or seas. 3. Why should oils and fats be not released in the drain? Explain.4. Describe the steps involved in getting clarified water from wastewater.5. What is sludge? Explain how it is treated.6. Untreated human excreta is a health hazard. Explain.7. Name two chemicals used to disinfect water.8. Explain the function of bar screens in a wastewater treatment plant.9. Explain the rela\n\nelectricity transmission? 2024-25\n\nhe General Assembly of the United Nationsproclaimed the period 2005–2015 as the International Decade for action on “Water for life”. All efforts made during this decade aim to reduce by half the number of people who do not have access to safe drinking water. There has been perceptible progress in the direction of the aim but still thereis a lot to achieve. Cleaning of water is a process of removing pollutants before it enters awater body or is reused. This process ofwastewater treatment is commonly Clean water put to use Drinking Reprint 2024-25 WASTEWATER STORY 157known as “Sewage Treatment” . It takes place in several stages. 13.2 W HAT IS SEWAGE ? Sewage is wastewater released by homes, industries, hospitals, offices and otherusers. I']",['Removes suspended solids making water safer for use.'],1.0,0.9675601381451848
What is the role of decomposers in wastewater treatment?,"Decomposers are not directly mentioned in the provided text regarding wastewater treatment.
","['ER TREATMENT PLANT (WWTP) Treatment of wastewater involves physical, chemical, and biological processes, which remove physical,chemical and biological matter that contaminates the wastewater.1. Wastewater is passed through bar screens. Large objects like rags, sticks, cans, plastic packets, napkins are removed (Fig. 13.3). removal tank. The speed of theincoming wastewater is decreased to allow sand, grit and pebbles to settledown (Fig. 13.4). 3. The water is then allowed to settle in a large tank which is sloped towardsthe middle. Solids like faeces settleat the bottom and are removed with Reprint 2024-25 SCIENCE 160After several hours, the suspended microbes settle at the bottom of the tank as activated sludge. The water is then removed\n\neprint 2024-25 SCIENCE 160After several hours, the suspended microbes settle at the bottom of the tank as activated sludge. The water is then removed from the top. The activated sludge is about 97% water. The water is removed by sanddrying beds or machines. Dried sludge is used as manure, returning organicmatter and nutrients to the soil. The treated water has a very low level of organic material and suspendedmatter. It is discharged into a sea, a river or into the ground. Nature cleans it up further. Sometimes it may be necessaryto disinfect water with chemicals like chlorine and ozone before releasing it into the distribution system. Become an active citizen Waste generation is a natural part ofhuman activity. But we can limit the a scra\n\nand some fish and plants have died. Have you ever thought what happens when an organism dies? The microorganisms, comprising bacteria and fungi, break-down the dead remains and waste products of organisms. These microorganisms are the decomposers as they break-down the complex organic substances into simple inorganic substances that go into the soil and are used up once more by the plants. What will happen to the garbage, and dead animals and plants in their absence? Will the natural replenishment of the soil take place, even if decomposers are not there? Activity 13.2Activity 13.2Activity 13.2Activity 13.2Activity 13.2 /square6While creating an aquarium did you take care not to put an aquatic animal which would eat others? What would have']","['ER TREATMENT PLANT (WWTP) Treatment of wastewater involves physical, chemical, and biological processes, which remove physical,chemical and biological matter that contaminates the wastewater.1. Wastewater is passed through bar screens. Large objects like rags, sticks, cans, plastic packets, napkins are removed (Fig. 13.3). removal tank. The speed of theincoming wastewater is decreased to allow sand, grit and pebbles to settledown (Fig. 13.4). 3. The water is then allowed to settle in a large tank which is sloped towardsthe middle. Solids like faeces settleat the bottom and are removed with Reprint 2024-25 SCIENCE 160After several hours, the suspended microbes settle at the bottom of the tank as activated sludge. The water is then removed\n\neprint 2024-25 SCIENCE 160After several hours, the suspended microbes settle at the bottom of the tank as activated sludge. The water is then removed from the top. The activated sludge is about 97% water. The water is removed by sanddrying beds or machines. Dried sludge is used as manure, returning organicmatter and nutrients to the soil. The treated water has a very low level of organic material and suspendedmatter. It is discharged into a sea, a river or into the ground. Nature cleans it up further. Sometimes it may be necessaryto disinfect water with chemicals like chlorine and ozone before releasing it into the distribution system. Become an active citizen Waste generation is a natural part ofhuman activity. But we can limit the a scra\n\nand some fish and plants have died. Have you ever thought what happens when an organism dies? The microorganisms, comprising bacteria and fungi, break-down the dead remains and waste products of organisms. These microorganisms are the decomposers as they break-down the complex organic substances into simple inorganic substances that go into the soil and are used up once more by the plants. What will happen to the garbage, and dead animals and plants in their absence? Will the natural replenishment of the soil take place, even if decomposers are not there? Activity 13.2Activity 13.2Activity 13.2Activity 13.2Activity 13.2 /square6While creating an aquarium did you take care not to put an aquatic animal which would eat others? What would have']",['Break down organic matter into harmless substances.'],0.5,0.9209816751110959
Why is conservation of petroleum important?,"Conserving petroleum is important because it reduces air pollution, lowers the risk of global warming, and extends its availability for future use.
","['uels only when absolutely necessary. This will result in better environment, smaller risk of global warming and their availability for a longer period of time. In India, the Petroleum Conservation Research Association (PCRA) advises people how to save petrol/diesel while driving. Their tips are ldrive at a constant and moderate speed as far as possible, lswitch off the engine at traffic lights or at a place where you have to wait, lensure correct tyre pressure. lensure regular maintenance of the vehicle.Can coal, petroleum and natural gas be prepared in the laboratory from dead organisms? No. Their formation is a very slow process and conditions for their formation cannot be created in the laboratory. 2024-25 SCIENCE 38 KEYWORDS KEYWORDS K\n\nCOAL AND PETROLEUM COAL AND PETROLEUM Can air , water and soil be exhausted by human activities? Y ou have alr eady studied about water in Class VII. Is water a limitless resource? In the light of the availability of various resources in nature, natural resources can be broadly classified into two kinds: (i) Inexhaustible Natural Resources: These resources are present in unlimited quantity in nature and are not likely to be exhausted by human activities. Examples ar e: sunlight, air . (ii) Exhaustible Natural Resources: The amount of these resources in nature is limited. They can be exhausted by human activities. Examples of these resources are forests, wildlife, minerals, coal, petroleum, natural gas etc. Activity 3.2 (It is a group activi\n\n, Maharashtra and in the Krishna Godavari delta.3.4Some Natural Resources are Limited You have studied in the beginning of the chapter that some natural resources are exhaustible like fossil fuels, forests, minerals etc. You know that coal and petr oleum are fossil fuels. It required the dead organisms millions of years to get converted into these fuels. On the other hand, the known reserves of these will last only a few hundred years. Mor eover , bur ning of these fuels is a major cause of air pollution. Their use is also linked to global warming. It is therefore necessary that we use these fuels only when absolutely necessary. This will result in better environment, smaller risk of global warming and their availability for a longer period']","['uels only when absolutely necessary. This will result in better environment, smaller risk of global warming and their availability for a longer period of time. In India, the Petroleum Conservation Research Association (PCRA) advises people how to save petrol/diesel while driving. Their tips are ldrive at a constant and moderate speed as far as possible, lswitch off the engine at traffic lights or at a place where you have to wait, lensure correct tyre pressure. lensure regular maintenance of the vehicle.Can coal, petroleum and natural gas be prepared in the laboratory from dead organisms? No. Their formation is a very slow process and conditions for their formation cannot be created in the laboratory. 2024-25 SCIENCE 38 KEYWORDS KEYWORDS K\n\nCOAL AND PETROLEUM COAL AND PETROLEUM Can air , water and soil be exhausted by human activities? Y ou have alr eady studied about water in Class VII. Is water a limitless resource? In the light of the availability of various resources in nature, natural resources can be broadly classified into two kinds: (i) Inexhaustible Natural Resources: These resources are present in unlimited quantity in nature and are not likely to be exhausted by human activities. Examples ar e: sunlight, air . (ii) Exhaustible Natural Resources: The amount of these resources in nature is limited. They can be exhausted by human activities. Examples of these resources are forests, wildlife, minerals, coal, petroleum, natural gas etc. Activity 3.2 (It is a group activi\n\n, Maharashtra and in the Krishna Godavari delta.3.4Some Natural Resources are Limited You have studied in the beginning of the chapter that some natural resources are exhaustible like fossil fuels, forests, minerals etc. You know that coal and petr oleum are fossil fuels. It required the dead organisms millions of years to get converted into these fuels. On the other hand, the known reserves of these will last only a few hundred years. Mor eover , bur ning of these fuels is a major cause of air pollution. Their use is also linked to global warming. It is therefore necessary that we use these fuels only when absolutely necessary. This will result in better environment, smaller risk of global warming and their availability for a longer period']",['It is an exhaustible resource and necessary for future use.'],1.0,0.9875971704518816
What are renewable resources?,"Sunlight and air are examples of renewable resources.
","['electricity transmission? 2024-25\n\nby human activities. Examples of these resources are forests, wildlife, minerals, coal, petroleum, natural gas etc. Activity 3.2 (It is a group activity) Take some containers. Fill them with popcorn/peanuts/roasted gram/toffees. Divide students into groups of seven each. Further divide each group into three subgroups containing 1, 2 and 4 students. Label them as first, second and third generation respectively.We use various materials for our basic needs. Some of them are found in nature and some have been made by human efforts. Activity 3.1 Make a list of various materials used by us in daily life and classify them as natural and man-made. Natural Man-made Can we use all our natural resources forever ? Does this list include air , water ,\n\nCOAL AND PETROLEUM COAL AND PETROLEUM Can air , water and soil be exhausted by human activities? Y ou have alr eady studied about water in Class VII. Is water a limitless resource? In the light of the availability of various resources in nature, natural resources can be broadly classified into two kinds: (i) Inexhaustible Natural Resources: These resources are present in unlimited quantity in nature and are not likely to be exhausted by human activities. Examples ar e: sunlight, air . (ii) Exhaustible Natural Resources: The amount of these resources in nature is limited. They can be exhausted by human activities. Examples of these resources are forests, wildlife, minerals, coal, petroleum, natural gas etc. Activity 3.2 (It is a group activi']","['electricity transmission? 2024-25\n\nby human activities. Examples of these resources are forests, wildlife, minerals, coal, petroleum, natural gas etc. Activity 3.2 (It is a group activity) Take some containers. Fill them with popcorn/peanuts/roasted gram/toffees. Divide students into groups of seven each. Further divide each group into three subgroups containing 1, 2 and 4 students. Label them as first, second and third generation respectively.We use various materials for our basic needs. Some of them are found in nature and some have been made by human efforts. Activity 3.1 Make a list of various materials used by us in daily life and classify them as natural and man-made. Natural Man-made Can we use all our natural resources forever ? Does this list include air , water ,\n\nCOAL AND PETROLEUM COAL AND PETROLEUM Can air , water and soil be exhausted by human activities? Y ou have alr eady studied about water in Class VII. Is water a limitless resource? In the light of the availability of various resources in nature, natural resources can be broadly classified into two kinds: (i) Inexhaustible Natural Resources: These resources are present in unlimited quantity in nature and are not likely to be exhausted by human activities. Examples ar e: sunlight, air . (ii) Exhaustible Natural Resources: The amount of these resources in nature is limited. They can be exhausted by human activities. Examples of these resources are forests, wildlife, minerals, coal, petroleum, natural gas etc. Activity 3.2 (It is a group activi']","['Resources replenished naturally, like sunlight and air.']",1.0,0.97477691445529
What is the impact of fossil fuel use on the environment?,"Fossil fuel use causes air pollution, global warming, and acid rain.
","['4 : Calorific V alues of dif ferent Fuels Fuel Calorific V alue (kJ/kg) Cow dung cake 6000-8000 Wood 17000-22000 Coal 25000-33000 Petrol 45000 Kerosene 45000 Diesel 45000 Methane 50000 CNG 50000 LPG 55000 Biogas 35000-40000 Hydrogen 150000 Oh! So, that is why we are advised never to sleep in a room with burning or smouldering coal fire in it. Burning of Fuels Leads to Harmful Products The increasing fuel consumption has harmful effects on the environment. 1.Carbon fuels like wood, coal, petroleum release unburnt carbon3.Combustion of most fuels releases carbon dioxide in the environment. Increased concentration of carbon dioxide in the air is believed to cause global warming . Global warming is the rise in temperature of the atmosphere of\n\n, Maharashtra and in the Krishna Godavari delta.3.4Some Natural Resources are Limited You have studied in the beginning of the chapter that some natural resources are exhaustible like fossil fuels, forests, minerals etc. You know that coal and petr oleum are fossil fuels. It required the dead organisms millions of years to get converted into these fuels. On the other hand, the known reserves of these will last only a few hundred years. Mor eover , bur ning of these fuels is a major cause of air pollution. Their use is also linked to global warming. It is therefore necessary that we use these fuels only when absolutely necessary. This will result in better environment, smaller risk of global warming and their availability for a longer period\n\nased concentration of carbon dioxide in the air is believed to cause global warming . Global warming is the rise in temperature of the atmosphere of the earth. This results , among other things, in the melting of polar glaciers , which leads to a rise in the sea level, causing floods in the coastal areas . Low lying coastal areas may even be permanently submer ged under water . 4.Burning of coal and diesel releases sulphur dioxide gas. It is an extremely suffocating and corr osive gas. Mor eover , petrol engines give off gaseous oxides of nitrogen. Oxides of sulphur and nitrogen dissolve in rain water and form acids. Such rain is called acid rain . It is very harmful for crops, buildings and soil. The use of diesel and petrol as fuels in']","['4 : Calorific V alues of dif ferent Fuels Fuel Calorific V alue (kJ/kg) Cow dung cake 6000-8000 Wood 17000-22000 Coal 25000-33000 Petrol 45000 Kerosene 45000 Diesel 45000 Methane 50000 CNG 50000 LPG 55000 Biogas 35000-40000 Hydrogen 150000 Oh! So, that is why we are advised never to sleep in a room with burning or smouldering coal fire in it. Burning of Fuels Leads to Harmful Products The increasing fuel consumption has harmful effects on the environment. 1.Carbon fuels like wood, coal, petroleum release unburnt carbon3.Combustion of most fuels releases carbon dioxide in the environment. Increased concentration of carbon dioxide in the air is believed to cause global warming . Global warming is the rise in temperature of the atmosphere of\n\n, Maharashtra and in the Krishna Godavari delta.3.4Some Natural Resources are Limited You have studied in the beginning of the chapter that some natural resources are exhaustible like fossil fuels, forests, minerals etc. You know that coal and petr oleum are fossil fuels. It required the dead organisms millions of years to get converted into these fuels. On the other hand, the known reserves of these will last only a few hundred years. Mor eover , bur ning of these fuels is a major cause of air pollution. Their use is also linked to global warming. It is therefore necessary that we use these fuels only when absolutely necessary. This will result in better environment, smaller risk of global warming and their availability for a longer period\n\nased concentration of carbon dioxide in the air is believed to cause global warming . Global warming is the rise in temperature of the atmosphere of the earth. This results , among other things, in the melting of polar glaciers , which leads to a rise in the sea level, causing floods in the coastal areas . Low lying coastal areas may even be permanently submer ged under water . 4.Burning of coal and diesel releases sulphur dioxide gas. It is an extremely suffocating and corr osive gas. Mor eover , petrol engines give off gaseous oxides of nitrogen. Oxides of sulphur and nitrogen dissolve in rain water and form acids. Such rain is called acid rain . It is very harmful for crops, buildings and soil. The use of diesel and petrol as fuels in']","['Air pollution, greenhouse gas emission, and climate change.']",1.0,0.9042510703903298
What is global warming?,"Global warming is the rise in the Earth's atmospheric temperature.
","['ased concentration of carbon dioxide in the air is believed to cause global warming . Global warming is the rise in temperature of the atmosphere of the earth. This results , among other things, in the melting of polar glaciers , which leads to a rise in the sea level, causing floods in the coastal areas . Low lying coastal areas may even be permanently submer ged under water . 4.Burning of coal and diesel releases sulphur dioxide gas. It is an extremely suffocating and corr osive gas. Mor eover , petrol engines give off gaseous oxides of nitrogen. Oxides of sulphur and nitrogen dissolve in rain water and form acids. Such rain is called acid rain . It is very harmful for crops, buildings and soil. The use of diesel and petrol as fuels in\n\nasci/chem03/chem03767.htm lhttp://en.wikipedia.org/wiki/combustion 2024-25\n\nelectricity transmission? 2024-25']","['ased concentration of carbon dioxide in the air is believed to cause global warming . Global warming is the rise in temperature of the atmosphere of the earth. This results , among other things, in the melting of polar glaciers , which leads to a rise in the sea level, causing floods in the coastal areas . Low lying coastal areas may even be permanently submer ged under water . 4.Burning of coal and diesel releases sulphur dioxide gas. It is an extremely suffocating and corr osive gas. Mor eover , petrol engines give off gaseous oxides of nitrogen. Oxides of sulphur and nitrogen dissolve in rain water and form acids. Such rain is called acid rain . It is very harmful for crops, buildings and soil. The use of diesel and petrol as fuels in\n\nasci/chem03/chem03767.htm lhttp://en.wikipedia.org/wiki/combustion 2024-25\n\nelectricity transmission? 2024-25']","[""Increase in Earth's average temperature due to greenhouse gases.""]",1.0,0.9999999999999999
What is soil erosion?,"Soil erosion is the removal of the top layer of soil, often due to factors like deforestation.
","['properties. Physical properties of the soil get affected by plantation and vegetation. Fewer trees result in more soil erosion. Removal of the top layer of the soil exposes the lower , har d and r ocky layers. This soil has less humus and is less fertile. Gradually the fertile land gets converted into deserts. It is called desertification . Deforestation also leads to a decrease in the water holding capacity of the soil. The movement of water from the soil surface into the gr ound (infiltration rate) is reduced. So, there are floods. The other properties of the soil like nutrient content, texture etc., also change because of deforestation. We have studied in Class VII that we get many products from forests. List these products. Will we fac\n\nelectricity transmission? 2024-25\n\nly and then rapidly. 2024-25']","['properties. Physical properties of the soil get affected by plantation and vegetation. Fewer trees result in more soil erosion. Removal of the top layer of the soil exposes the lower , har d and r ocky layers. This soil has less humus and is less fertile. Gradually the fertile land gets converted into deserts. It is called desertification . Deforestation also leads to a decrease in the water holding capacity of the soil. The movement of water from the soil surface into the gr ound (infiltration rate) is reduced. So, there are floods. The other properties of the soil like nutrient content, texture etc., also change because of deforestation. We have studied in Class VII that we get many products from forests. List these products. Will we fac\n\nelectricity transmission? 2024-25\n\nly and then rapidly. 2024-25']","['Removal of fertile topsoil, usually caused by deforestation or poor farming practices.']",1.0,0.9847856228078423
What are the consequences of soil erosion?,"Soil erosion leads to loss of fertile topsoil, exposing harder, less fertile layers, and ultimately desertification.
","['properties. Physical properties of the soil get affected by plantation and vegetation. Fewer trees result in more soil erosion. Removal of the top layer of the soil exposes the lower , har d and r ocky layers. This soil has less humus and is less fertile. Gradually the fertile land gets converted into deserts. It is called desertification . Deforestation also leads to a decrease in the water holding capacity of the soil. The movement of water from the soil surface into the gr ound (infiltration rate) is reduced. So, there are floods. The other properties of the soil like nutrient content, texture etc., also change because of deforestation. We have studied in Class VII that we get many products from forests. List these products. Will we fac\n\nntribution of male and female parents ensured in the progeny? 2024-25\n\nmetimes fertilizers get washed away due to excessive irrigation and ar e not fully absorbed by the plants. This excess fertilizer then leads to water pollution. Also, as we have seen in the pr evious chapter , continuous use of fertilizers in an area can destroy soil fertility because the organic matter in the soil is not replenished and micro-organisms in the soil are harmed by the fertilizers used. Short-term benefits of using fertilizers and long-term benefits of usingDeficiency of these nutrients affects physiological processes in plants including reproduction, growth and susceptibility to diseases. To increase the yield, the soil can be enriched by supplying these nutrients in the form of manure and fertilizers. uestions 1.What ar e ma']","['properties. Physical properties of the soil get affected by plantation and vegetation. Fewer trees result in more soil erosion. Removal of the top layer of the soil exposes the lower , har d and r ocky layers. This soil has less humus and is less fertile. Gradually the fertile land gets converted into deserts. It is called desertification . Deforestation also leads to a decrease in the water holding capacity of the soil. The movement of water from the soil surface into the gr ound (infiltration rate) is reduced. So, there are floods. The other properties of the soil like nutrient content, texture etc., also change because of deforestation. We have studied in Class VII that we get many products from forests. List these products. Will we fac\n\nntribution of male and female parents ensured in the progeny? 2024-25\n\nmetimes fertilizers get washed away due to excessive irrigation and ar e not fully absorbed by the plants. This excess fertilizer then leads to water pollution. Also, as we have seen in the pr evious chapter , continuous use of fertilizers in an area can destroy soil fertility because the organic matter in the soil is not replenished and micro-organisms in the soil are harmed by the fertilizers used. Short-term benefits of using fertilizers and long-term benefits of usingDeficiency of these nutrients affects physiological processes in plants including reproduction, growth and susceptibility to diseases. To increase the yield, the soil can be enriched by supplying these nutrients in the form of manure and fertilizers. uestions 1.What ar e ma']","['Loss of fertility, flooding, and reduced agricultural productivity.']",1.0,0.9999999999999997
What happens in adolescence apart from physical changes?,"In adolescence, individuals become more conscious and aware of their own bodies and the bodies of others.
","['rowth, in which the body becomes lar ger. But in early teenage years, a whole new set of changes occurs that cannot be explained simply as body enlargement. Instead, the appearance of the body changes. Proportions change, new featur es appear , and so do new sensations. Some of these changes ar e common to both boys and girls. W e begin to notice thick hair growing in new parts of the body such as armpits and the genital area between the thighs, which can also become darker in colour . Thinner hair can also appear on legs and ar ms, as well as on the face. The skin frequently becomes oily and we might begin to develop pimples. W e begin to be conscious and awar e of both our own bodies and those of others in new ways. On the other hand, the\n\nwe might begin to develop pimples. W e begin to be conscious and awar e of both our own bodies and those of others in new ways. On the other hand, there are also changes taking place that are different between boys and girls. In girls, breast size begins to increase, with darkening of the skin of the nipples at the tips of the breasts. Also, girls begin to menstruate at around this time. Boys begin to have new thick hair gr owth on the face and their voices begin to crack. Further , the penis occasionally begins to become enlarged and erect, either in daydreams or at night. All of these changes take place slowly, over a period of months and years. They do not happen all at the same time in one person, nor do they happen at an exact age. In\n\ns take place slowly, over a period of months and years. They do not happen all at the same time in one person, nor do they happen at an exact age. In some people, they happen early and quickly, while in others, they can happen slowly. Also, each change does not become complete quickly either . So, for example, thick hair on the face in boys appears as a few scattered hairs first, and only slowly does the growth begin to become uniform. Even so, all these changes show differences between people. Just as we have differently shaped noses or fingers, so also we have different patterns of hair growth, or size and shape of breast or penis. All of these changes are aspects of the sexual maturation of the body. Why does the body show sexual maturat']","['rowth, in which the body becomes lar ger. But in early teenage years, a whole new set of changes occurs that cannot be explained simply as body enlargement. Instead, the appearance of the body changes. Proportions change, new featur es appear , and so do new sensations. Some of these changes ar e common to both boys and girls. W e begin to notice thick hair growing in new parts of the body such as armpits and the genital area between the thighs, which can also become darker in colour . Thinner hair can also appear on legs and ar ms, as well as on the face. The skin frequently becomes oily and we might begin to develop pimples. W e begin to be conscious and awar e of both our own bodies and those of others in new ways. On the other hand, the\n\nwe might begin to develop pimples. W e begin to be conscious and awar e of both our own bodies and those of others in new ways. On the other hand, there are also changes taking place that are different between boys and girls. In girls, breast size begins to increase, with darkening of the skin of the nipples at the tips of the breasts. Also, girls begin to menstruate at around this time. Boys begin to have new thick hair gr owth on the face and their voices begin to crack. Further , the penis occasionally begins to become enlarged and erect, either in daydreams or at night. All of these changes take place slowly, over a period of months and years. They do not happen all at the same time in one person, nor do they happen at an exact age. In\n\ns take place slowly, over a period of months and years. They do not happen all at the same time in one person, nor do they happen at an exact age. In some people, they happen early and quickly, while in others, they can happen slowly. Also, each change does not become complete quickly either . So, for example, thick hair on the face in boys appears as a few scattered hairs first, and only slowly does the growth begin to become uniform. Even so, all these changes show differences between people. Just as we have differently shaped noses or fingers, so also we have different patterns of hair growth, or size and shape of breast or penis. All of these changes are aspects of the sexual maturation of the body. Why does the body show sexual maturat']","['Mental, emotional, and intellectual maturity.']",1.0,0.8786026475922508
What is sexual reproduction?,"Sexual reproduction is a mode of reproduction involving two individuals (male and female) to produce new generations.
","['knowing facts about reproduction. For more information visit : l www.teenshealth.org/teen/sexual_health/ l www.adolescenthealth.com 2024-25\n\nential part of the process of reproduction? 7.3 SEXUAL REPRODUCTION7.3 SEXUAL REPRODUCTION7.3 SEXUAL REPRODUCTION7.3 SEXUAL REPRODUCTION7.3 SEXUAL REPRODUCTION We are also familiar with modes of r eproduction that depend on the involvement of two individuals before a new generation can be created. Bulls alone cannot produce new calves, nor can hens alone produce new chicks. In such cases, both sexes, males and females, are needed to produce new generations. What is the significance of this sexual mode of reproduction? Are there any limitations of the asexual mode of reproduction, which we have been discussing above? 7.3.1 Why the Sexual Mode of Reproduction? The creation of two new cells from one involves copying of the DNA as well as of th\n\nbeen discussing above? 7.3.1 Why the Sexual Mode of Reproduction? The creation of two new cells from one involves copying of the DNA as well as of the cellular apparatus. The DNA copying mechanism, as we have noted, cannot be absolutely accurate, and the resultant errors are a source of variations in populations of organisms. Every individual organism cannot be protected by variations, but in a population, variations are useful for ensuring the survival of the species. It would therefore make sense if organisms came up with reproductive modes that allowed more and more variation to be generated. While DNA-copying mechanisms are not absolutely accurate, they are precise enough to make the generation of variation a fairly slow process. If th']","['knowing facts about reproduction. For more information visit : l www.teenshealth.org/teen/sexual_health/ l www.adolescenthealth.com 2024-25\n\nential part of the process of reproduction? 7.3 SEXUAL REPRODUCTION7.3 SEXUAL REPRODUCTION7.3 SEXUAL REPRODUCTION7.3 SEXUAL REPRODUCTION7.3 SEXUAL REPRODUCTION We are also familiar with modes of r eproduction that depend on the involvement of two individuals before a new generation can be created. Bulls alone cannot produce new calves, nor can hens alone produce new chicks. In such cases, both sexes, males and females, are needed to produce new generations. What is the significance of this sexual mode of reproduction? Are there any limitations of the asexual mode of reproduction, which we have been discussing above? 7.3.1 Why the Sexual Mode of Reproduction? The creation of two new cells from one involves copying of the DNA as well as of th\n\nbeen discussing above? 7.3.1 Why the Sexual Mode of Reproduction? The creation of two new cells from one involves copying of the DNA as well as of the cellular apparatus. The DNA copying mechanism, as we have noted, cannot be absolutely accurate, and the resultant errors are a source of variations in populations of organisms. Every individual organism cannot be protected by variations, but in a population, variations are useful for ensuring the survival of the species. It would therefore make sense if organisms came up with reproductive modes that allowed more and more variation to be generated. While DNA-copying mechanisms are not absolutely accurate, they are precise enough to make the generation of variation a fairly slow process. If th']",['Reproduction involving fusion of male and female gametes.'],1.0,1.0000000000000007
What is the function of the uterus in humans?,"The uterus provides a place for the fertilized egg to implant and develop into a fetus.
","['s born, the ovaries already contain thousands of immature eggs. On reaching puberty, some of these start maturing. One egg is produced every month by one of the ovaries. The egg is carried from the ovary to the womb through a thin oviduct or fallopian tube. The two oviducts unite into an elastic bag-like structure known as the uterus. The uterus opens into the vagina through the cervix. The sperms enter through the vaginal passage during sexual intercourse. They travel upwards and reach the oviduct where they may encounter the egg. The fertilised egg (zygote) starts dividing and form a ball of cells or embryo. The embryo i s implanted in the li ning of the uterus where they continue to gr ow and develop or gans to become foetus. W e have se\n\nt lives for about one day. Since the ovary releases one egg every month, the uterus also prepares itself every month to receive a fertilised egg. Thus its lining becomes thick and spongy. This would be required for nourishing the embryo if fertilisation had taken place. Now, however , this lining is not needed any longer . So, the lining slowly breaks and comes out through the vagina as blood and mucous. This cycle takes place roughly every month and is known as menstruation. It usually lasts for about two to eight days. 7.3.3 (d) Reproductive Health As we have seen, the process of sexual maturation is gradual, and takes place while general body growth is still going on. Therefore, some degree of sexual maturation does not necessarily mean\n\ncells or embryo. The embryo i s implanted in the li ning of the uterus where they continue to gr ow and develop or gans to become foetus. W e have seen in earlier sections that the mother’s body is designed to undertake the development of the child. Hence the uterus prepares itself every month to receive and nurture the growing embryo. The lining thickens and is richly supplied with blood to nourish the growing embryo. The embryo gets nutrition from the mother’s blood with the help of a special tissue called placenta. This is a disc which is embedded in the uterine wall. It contains villi on the embryo’s side of the tissue. On the mother’s side are blood spaces, which surround the villi. This provides a large surface area for glucose and o']","['s born, the ovaries already contain thousands of immature eggs. On reaching puberty, some of these start maturing. One egg is produced every month by one of the ovaries. The egg is carried from the ovary to the womb through a thin oviduct or fallopian tube. The two oviducts unite into an elastic bag-like structure known as the uterus. The uterus opens into the vagina through the cervix. The sperms enter through the vaginal passage during sexual intercourse. They travel upwards and reach the oviduct where they may encounter the egg. The fertilised egg (zygote) starts dividing and form a ball of cells or embryo. The embryo i s implanted in the li ning of the uterus where they continue to gr ow and develop or gans to become foetus. W e have se\n\nt lives for about one day. Since the ovary releases one egg every month, the uterus also prepares itself every month to receive a fertilised egg. Thus its lining becomes thick and spongy. This would be required for nourishing the embryo if fertilisation had taken place. Now, however , this lining is not needed any longer . So, the lining slowly breaks and comes out through the vagina as blood and mucous. This cycle takes place roughly every month and is known as menstruation. It usually lasts for about two to eight days. 7.3.3 (d) Reproductive Health As we have seen, the process of sexual maturation is gradual, and takes place while general body growth is still going on. Therefore, some degree of sexual maturation does not necessarily mean\n\ncells or embryo. The embryo i s implanted in the li ning of the uterus where they continue to gr ow and develop or gans to become foetus. W e have seen in earlier sections that the mother’s body is designed to undertake the development of the child. Hence the uterus prepares itself every month to receive and nurture the growing embryo. The lining thickens and is richly supplied with blood to nourish the growing embryo. The embryo gets nutrition from the mother’s blood with the help of a special tissue called placenta. This is a disc which is embedded in the uterine wall. It contains villi on the embryo’s side of the tissue. On the mother’s side are blood spaces, which surround the villi. This provides a large surface area for glucose and o']",['Supports the development of a fertilized egg into a fetus.'],1.0,0.9595083807854344
What is asexual reproduction?,"Asexual reproduction is a mode of reproduction that does not depend on the involvement of two individuals to create a new generation.
","['ential part of the process of reproduction? 7.3 SEXUAL REPRODUCTION7.3 SEXUAL REPRODUCTION7.3 SEXUAL REPRODUCTION7.3 SEXUAL REPRODUCTION7.3 SEXUAL REPRODUCTION We are also familiar with modes of r eproduction that depend on the involvement of two individuals before a new generation can be created. Bulls alone cannot produce new calves, nor can hens alone produce new chicks. In such cases, both sexes, males and females, are needed to produce new generations. What is the significance of this sexual mode of reproduction? Are there any limitations of the asexual mode of reproduction, which we have been discussing above? 7.3.1 Why the Sexual Mode of Reproduction? The creation of two new cells from one involves copying of the DNA as well as of th\n\nntribution of male and female parents ensured in the progeny? 2024-25\n\nknowing facts about reproduction. For more information visit : l www.teenshealth.org/teen/sexual_health/ l www.adolescenthealth.com 2024-25']","['ential part of the process of reproduction? 7.3 SEXUAL REPRODUCTION7.3 SEXUAL REPRODUCTION7.3 SEXUAL REPRODUCTION7.3 SEXUAL REPRODUCTION7.3 SEXUAL REPRODUCTION We are also familiar with modes of r eproduction that depend on the involvement of two individuals before a new generation can be created. Bulls alone cannot produce new calves, nor can hens alone produce new chicks. In such cases, both sexes, males and females, are needed to produce new generations. What is the significance of this sexual mode of reproduction? Are there any limitations of the asexual mode of reproduction, which we have been discussing above? 7.3.1 Why the Sexual Mode of Reproduction? The creation of two new cells from one involves copying of the DNA as well as of th\n\nntribution of male and female parents ensured in the progeny? 2024-25\n\nknowing facts about reproduction. For more information visit : l www.teenshealth.org/teen/sexual_health/ l www.adolescenthealth.com 2024-25']","['Reproduction without gametes, offspring identical to parent.']",1.0,0.9999999999999999
Why are wildlife sanctuaries necessary?,"Wildlife sanctuaries protect animals from disturbances and preserve their habitats.
","['is forest. There are more than one hundred National Parks i n India. It is a pity that even protected forests are not safe because people living in the neighbourhood encroach upon them and destroy them. Children are reminded of their visit to the zoo. They recall that zoos are also places where animals receive protection.Some of the threatened wild animals like black buck, white eyed buck, elephant, golden cat, pink headed duck, gharial, marsh crocodile, python, rhinoceros, etc., are protected and preserved in our wild life sanctuaries. Indian sanctuaries have unique landscapes—broad level forests, mountain forests and bush lands in deltas of big rivers. Activity 5.7 Visit a nearby zoo. Observe the conditions provided to the animals. Were\n\nide the children inside the biosphere reserve. He explains that preserving areas of such biological importance make them a part of our national heritage . Madhavji explains to the children that apart from our personal efforts and efforts of the society, government To protect our flora and fauna and their habitats, protected areas called wildlife sanctuaries, national parks and biosphere reserves have been earmarked. Plantation, cultivation, grazing, felling trees, hunting and poaching are prohibited there. Wildlife Sanctuary : Areas where animals are protected from any disturbance to them and their habitat . National Park : Areas reserved for wild life where they can freely use the habitats and natural resources. Biosphere Reserve : Large\n\nd their habitat . National Park : Areas reserved for wild life where they can freely use the habitats and natural resources. Biosphere Reserve : Large areas of protected land for conservation of wild life, plant and animal resources and traditional life of the tribals living in the area. 2024-25 CONSER VATION OF PLANTS AND ANIMALS 55agencies also take care of the forests and animals. The government lays down rules, methods and policies to protect and conserve them. Wildlife sanctuaries, national parks, biosphere reserves etc., are protected areas for conservation of plants and animals present in that area. Activity 5.3 Find out the number of national parks, wildlife sanctuaries and biosphere reserves in your district, state and country. Rec']","['is forest. There are more than one hundred National Parks i n India. It is a pity that even protected forests are not safe because people living in the neighbourhood encroach upon them and destroy them. Children are reminded of their visit to the zoo. They recall that zoos are also places where animals receive protection.Some of the threatened wild animals like black buck, white eyed buck, elephant, golden cat, pink headed duck, gharial, marsh crocodile, python, rhinoceros, etc., are protected and preserved in our wild life sanctuaries. Indian sanctuaries have unique landscapes—broad level forests, mountain forests and bush lands in deltas of big rivers. Activity 5.7 Visit a nearby zoo. Observe the conditions provided to the animals. Were\n\nide the children inside the biosphere reserve. He explains that preserving areas of such biological importance make them a part of our national heritage . Madhavji explains to the children that apart from our personal efforts and efforts of the society, government To protect our flora and fauna and their habitats, protected areas called wildlife sanctuaries, national parks and biosphere reserves have been earmarked. Plantation, cultivation, grazing, felling trees, hunting and poaching are prohibited there. Wildlife Sanctuary : Areas where animals are protected from any disturbance to them and their habitat . National Park : Areas reserved for wild life where they can freely use the habitats and natural resources. Biosphere Reserve : Large\n\nd their habitat . National Park : Areas reserved for wild life where they can freely use the habitats and natural resources. Biosphere Reserve : Large areas of protected land for conservation of wild life, plant and animal resources and traditional life of the tribals living in the area. 2024-25 CONSER VATION OF PLANTS AND ANIMALS 55agencies also take care of the forests and animals. The government lays down rules, methods and policies to protect and conserve them. Wildlife sanctuaries, national parks, biosphere reserves etc., are protected areas for conservation of plants and animals present in that area. Activity 5.3 Find out the number of national parks, wildlife sanctuaries and biosphere reserves in your district, state and country. Rec']",['To protect endangered species from extinction.'],1.0,0.9599041864555152
What role does aeration play in sewage treatment?,"Aeration introduces air bubbles into the aeration tank, promoting the growth of aerobic bacteria that break down organic matter in wastewater.
","['to people living in far off places to getmore information. Prepare a brief report on the information youcollected. 3. Visit a sewage treatment plant. It could be as exciting and enriching as a visit to a zoo, a museum, or apark. To guide your observation here are a few suggestions. Record in your notepad:Place ___________ Date ___________ Time ___________ Name of the official at the plant __________ Guide/Teacher ___________ Reprint 2024-25 SCIENCE 166(a) The location of the sewage plant. (b) Treatment capacity. (c) The purpose of screening as the initial process. (d) How is air bubbled through the aeration tank? (e) How safe is the water at the end of the treatment? How is it tested?(f ) Where is the water discharged after treatment?(g\n\nSTORY 159\uf0a7Pour another sample of the filtered water into a fourth test tube. Add a small piece of a chlorine tablet. Mixwell until the water is clear. Label the test tube “Chlorinated', 'Sample 4” . \uf0a7Observe carefully the samples in all the test tubes. Do not taste ! Just smell them!Now answer the following questions: (a) What changes did you observe in the appearance of the liquid afteraeration? (b) Did aeration change the odour? (c ) What was removed by the sand filter? (d) Did chlorine remove the colour? (e) Did chlorine have an odour? Was it worse than that of the wastewater? 13.4 W ASTE WATER TREATMENT PLANT (WWTP) Treatment of wastewater involves physical, chemical, and biological processes, which remove physical,chemical and biologic\n\nay in keeping ourenvironment clean and healthy. YouMahatma Gandhi said: “No one need to wait for anyone else to adopt a humane and enlightened course of action.”must realise your responsibility inmaintaining the water sources in ahealthy state. Adopting good sanitation an agent of change your individualinitiative will make a great difference. Influence others with your energy, ideas and optimism. A lot can be done if peoplework together. There is great power in collective action. Keywords Aeration Aerobic bacteriaAnaerobic bacteriaBiogasContaminantSanitationSewageSewerSewerageSludgeWastewater Reprint 2024-25 SCIENCE 164Exercises 1. Fill in the blanks: (a) Cleaning of water is a process of removing ____________. (b) Wastewater released by ho']","['to people living in far off places to getmore information. Prepare a brief report on the information youcollected. 3. Visit a sewage treatment plant. It could be as exciting and enriching as a visit to a zoo, a museum, or apark. To guide your observation here are a few suggestions. Record in your notepad:Place ___________ Date ___________ Time ___________ Name of the official at the plant __________ Guide/Teacher ___________ Reprint 2024-25 SCIENCE 166(a) The location of the sewage plant. (b) Treatment capacity. (c) The purpose of screening as the initial process. (d) How is air bubbled through the aeration tank? (e) How safe is the water at the end of the treatment? How is it tested?(f ) Where is the water discharged after treatment?(g\n\nSTORY 159\uf0a7Pour another sample of the filtered water into a fourth test tube. Add a small piece of a chlorine tablet. Mixwell until the water is clear. Label the test tube “Chlorinated', 'Sample 4” . \uf0a7Observe carefully the samples in all the test tubes. Do not taste ! Just smell them!Now answer the following questions: (a) What changes did you observe in the appearance of the liquid afteraeration? (b) Did aeration change the odour? (c ) What was removed by the sand filter? (d) Did chlorine remove the colour? (e) Did chlorine have an odour? Was it worse than that of the wastewater? 13.4 W ASTE WATER TREATMENT PLANT (WWTP) Treatment of wastewater involves physical, chemical, and biological processes, which remove physical,chemical and biologic\n\nay in keeping ourenvironment clean and healthy. YouMahatma Gandhi said: “No one need to wait for anyone else to adopt a humane and enlightened course of action.”must realise your responsibility inmaintaining the water sources in ahealthy state. Adopting good sanitation an agent of change your individualinitiative will make a great difference. Influence others with your energy, ideas and optimism. A lot can be done if peoplework together. There is great power in collective action. Keywords Aeration Aerobic bacteriaAnaerobic bacteriaBiogasContaminantSanitationSewageSewerSewerageSludgeWastewater Reprint 2024-25 SCIENCE 164Exercises 1. Fill in the blanks: (a) Cleaning of water is a process of removing ____________. (b) Wastewater released by ho']","['Adds oxygen to sewage, facilitating decomposition.']",1.0,0.9290778037997116
What is metamorphosis in insects?,"The provided text does not describe metamorphosis in insects.
","['stages of frog starting from the egg to the adult stage. We find that ther e are thr ee distinct stages, that is, egg → tadpole (larva) → adult. Don’t the tadpoles look so different from the adults? Can you imagine that these tadpoles would some day become frogs?The tadpoles transform into adults capable of jumping and swimming. The transformation of the larva into an adult through drastic changes is called metamorphosis . What about the changes that we observe in our body as we grow? Do you think we too undergo metamorphosis? In human beings, body parts similar to those present in the adults are present from the time of birth. 6.3 Asexual Reproduction So far , we have lear nt about r eproduction in some familiar animals. But what about ver\n\npleting the Life History of Insects and Frogs You have alr eady lear nt about the life cycle of the frog. The tadpole passes through certain stages to become a frog (Chapter 6). This change from larva to adult is called metamorphosis (Fig. 6.10). Metamorphosis in insects isCollect information from magazines or from doctors and prepare a note on the importance of consuming iodised salt. Y ou can also look for this information on the internet. 7.9 Reproductive Health The physical and mental well being of an individual is regarded as an individual’s health. To keep the body healthy, every human being, at any age, needs to have a balanced diet. The person must also observe personal hygiene and undertake adequate physical exercise. During adoles\n\nntribution of male and female parents ensured in the progeny? 2024-25']","['stages of frog starting from the egg to the adult stage. We find that ther e are thr ee distinct stages, that is, egg → tadpole (larva) → adult. Don’t the tadpoles look so different from the adults? Can you imagine that these tadpoles would some day become frogs?The tadpoles transform into adults capable of jumping and swimming. The transformation of the larva into an adult through drastic changes is called metamorphosis . What about the changes that we observe in our body as we grow? Do you think we too undergo metamorphosis? In human beings, body parts similar to those present in the adults are present from the time of birth. 6.3 Asexual Reproduction So far , we have lear nt about r eproduction in some familiar animals. But what about ver\n\npleting the Life History of Insects and Frogs You have alr eady lear nt about the life cycle of the frog. The tadpole passes through certain stages to become a frog (Chapter 6). This change from larva to adult is called metamorphosis (Fig. 6.10). Metamorphosis in insects isCollect information from magazines or from doctors and prepare a note on the importance of consuming iodised salt. Y ou can also look for this information on the internet. 7.9 Reproductive Health The physical and mental well being of an individual is regarded as an individual’s health. To keep the body healthy, every human being, at any age, needs to have a balanced diet. The person must also observe personal hygiene and undertake adequate physical exercise. During adoles\n\nntribution of male and female parents ensured in the progeny? 2024-25']","['Developmental stages from larvae to adult, changing form completely.']",0.0,
What are biosphere reserves aimed at protecting?,"Biosphere reserves are aimed at protecting biodiversity and the culture of an area, including wildlife, plants, animals, microorganisms, and the traditional life of tribals.
","['ide the children inside the biosphere reserve. He explains that preserving areas of such biological importance make them a part of our national heritage . Madhavji explains to the children that apart from our personal efforts and efforts of the society, government To protect our flora and fauna and their habitats, protected areas called wildlife sanctuaries, national parks and biosphere reserves have been earmarked. Plantation, cultivation, grazing, felling trees, hunting and poaching are prohibited there. Wildlife Sanctuary : Areas where animals are protected from any disturbance to them and their habitat . National Park : Areas reserved for wild life where they can freely use the habitats and natural resources. Biosphere Reserve : Large\n\nd their habitat . National Park : Areas reserved for wild life where they can freely use the habitats and natural resources. Biosphere Reserve : Large areas of protected land for conservation of wild life, plant and animal resources and traditional life of the tribals living in the area. 2024-25 CONSER VATION OF PLANTS AND ANIMALS 55agencies also take care of the forests and animals. The government lays down rules, methods and policies to protect and conserve them. Wildlife sanctuaries, national parks, biosphere reserves etc., are protected areas for conservation of plants and animals present in that area. Activity 5.3 Find out the number of national parks, wildlife sanctuaries and biosphere reserves in your district, state and country. Rec\n\nin that area. Activity 5.3 Find out the number of national parks, wildlife sanctuaries and biosphere reserves in your district, state and country. Record in Table 5.1. Show these areas in an outline map of your state and India. Children along with Professor Ahmad and Madhavji enter the biosphere reserve area. Madhavji explains that biosphere reserves are the areas meant for conservation of biodiversity. As you are aware that biodiversity is the variety of plants, animals and microorganisms generally found in an area. The biosphere reserves help to maintain the biodiversity and culture of that area. A biosphere reserve may also contain other protected areas in it. The Pachmarhi Biosphere Reserve consists of one national park named Satpur']","['ide the children inside the biosphere reserve. He explains that preserving areas of such biological importance make them a part of our national heritage . Madhavji explains to the children that apart from our personal efforts and efforts of the society, government To protect our flora and fauna and their habitats, protected areas called wildlife sanctuaries, national parks and biosphere reserves have been earmarked. Plantation, cultivation, grazing, felling trees, hunting and poaching are prohibited there. Wildlife Sanctuary : Areas where animals are protected from any disturbance to them and their habitat . National Park : Areas reserved for wild life where they can freely use the habitats and natural resources. Biosphere Reserve : Large\n\nd their habitat . National Park : Areas reserved for wild life where they can freely use the habitats and natural resources. Biosphere Reserve : Large areas of protected land for conservation of wild life, plant and animal resources and traditional life of the tribals living in the area. 2024-25 CONSER VATION OF PLANTS AND ANIMALS 55agencies also take care of the forests and animals. The government lays down rules, methods and policies to protect and conserve them. Wildlife sanctuaries, national parks, biosphere reserves etc., are protected areas for conservation of plants and animals present in that area. Activity 5.3 Find out the number of national parks, wildlife sanctuaries and biosphere reserves in your district, state and country. Rec\n\nin that area. Activity 5.3 Find out the number of national parks, wildlife sanctuaries and biosphere reserves in your district, state and country. Record in Table 5.1. Show these areas in an outline map of your state and India. Children along with Professor Ahmad and Madhavji enter the biosphere reserve area. Madhavji explains that biosphere reserves are the areas meant for conservation of biodiversity. As you are aware that biodiversity is the variety of plants, animals and microorganisms generally found in an area. The biosphere reserves help to maintain the biodiversity and culture of that area. A biosphere reserve may also contain other protected areas in it. The Pachmarhi Biosphere Reserve consists of one national park named Satpur']","['Biodiversity, habitats, and indigenous communities.']",0.42857142857142855,0.986760267072651
What is carbonisation?,"Carbonisation is the slow conversion of dead vegetation into coal under high pressure and temperature.
","['ed in thermal power plants to produce electricity. Coal is also used as a fuel in various industries. Story of Coal Where do we get coal from and how is it formed? About 300 million years ago the earth had dense forests in low lying wetland areas. Due to natural processes, like flooding, these forests got buried under the soil. As more soil deposited over them, they were compressed. The temperature also rose as they sank deeper and deeper . Under high pr essur e and high temperature, dead plants got slowly converted to coal. As coal contains mainly carbon, the slow process of conversion of dead vegetation into coal is called carbonisation. Since it was formed from the remains of vegetation, coal is also called a fossil fuel. A coal mine is\n\nds with other atoms of carbon, giving rise to large molecules. This property is called catenation. These compounds may have long chains of carbon, branched chains of carbon or even carbon atoms arranged in rings. In addition, carbon atoms may be linked by single, double or triple bonds. Compounds of carbon, which are linked by only single bonds between the carbon atoms are called saturated compounds. Compounds of carbon having double or triple bonds between their carbon atoms are called unsaturated compounds. No other element exhibits the property of catenation to the extent seen in carbon compounds. Silicon forms compounds with hydrogen which have chains of upto seven or eight atoms, but these compounds are very reactive. The carbon-carbon\n\nasci/chem03/chem03767.htm lhttp://en.wikipedia.org/wiki/combustion 2024-25']","['ed in thermal power plants to produce electricity. Coal is also used as a fuel in various industries. Story of Coal Where do we get coal from and how is it formed? About 300 million years ago the earth had dense forests in low lying wetland areas. Due to natural processes, like flooding, these forests got buried under the soil. As more soil deposited over them, they were compressed. The temperature also rose as they sank deeper and deeper . Under high pr essur e and high temperature, dead plants got slowly converted to coal. As coal contains mainly carbon, the slow process of conversion of dead vegetation into coal is called carbonisation. Since it was formed from the remains of vegetation, coal is also called a fossil fuel. A coal mine is\n\nds with other atoms of carbon, giving rise to large molecules. This property is called catenation. These compounds may have long chains of carbon, branched chains of carbon or even carbon atoms arranged in rings. In addition, carbon atoms may be linked by single, double or triple bonds. Compounds of carbon, which are linked by only single bonds between the carbon atoms are called saturated compounds. Compounds of carbon having double or triple bonds between their carbon atoms are called unsaturated compounds. No other element exhibits the property of catenation to the extent seen in carbon compounds. Silicon forms compounds with hydrogen which have chains of upto seven or eight atoms, but these compounds are very reactive. The carbon-carbon\n\nasci/chem03/chem03767.htm lhttp://en.wikipedia.org/wiki/combustion 2024-25']",['Process of converting dead plants into coal under pressure and heat.'],1.0,1.0
What causes acne during adolescence?,"The provided text mentions oily skin as a factor contributing to pimple development during puberty, but doesn't state the exact cause of acne.
","['rowth, in which the body becomes lar ger. But in early teenage years, a whole new set of changes occurs that cannot be explained simply as body enlargement. Instead, the appearance of the body changes. Proportions change, new featur es appear , and so do new sensations. Some of these changes ar e common to both boys and girls. W e begin to notice thick hair growing in new parts of the body such as armpits and the genital area between the thighs, which can also become darker in colour . Thinner hair can also appear on legs and ar ms, as well as on the face. The skin frequently becomes oily and we might begin to develop pimples. W e begin to be conscious and awar e of both our own bodies and those of others in new ways. On the other hand, the\n\nwe might begin to develop pimples. W e begin to be conscious and awar e of both our own bodies and those of others in new ways. On the other hand, there are also changes taking place that are different between boys and girls. In girls, breast size begins to increase, with darkening of the skin of the nipples at the tips of the breasts. Also, girls begin to menstruate at around this time. Boys begin to have new thick hair gr owth on the face and their voices begin to crack. Further , the penis occasionally begins to become enlarged and erect, either in daydreams or at night. All of these changes take place slowly, over a period of months and years. They do not happen all at the same time in one person, nor do they happen at an exact age. In\n\ns take place slowly, over a period of months and years. They do not happen all at the same time in one person, nor do they happen at an exact age. In some people, they happen early and quickly, while in others, they can happen slowly. Also, each change does not become complete quickly either . So, for example, thick hair on the face in boys appears as a few scattered hairs first, and only slowly does the growth begin to become uniform. Even so, all these changes show differences between people. Just as we have differently shaped noses or fingers, so also we have different patterns of hair growth, or size and shape of breast or penis. All of these changes are aspects of the sexual maturation of the body. Why does the body show sexual maturat']","['rowth, in which the body becomes lar ger. But in early teenage years, a whole new set of changes occurs that cannot be explained simply as body enlargement. Instead, the appearance of the body changes. Proportions change, new featur es appear , and so do new sensations. Some of these changes ar e common to both boys and girls. W e begin to notice thick hair growing in new parts of the body such as armpits and the genital area between the thighs, which can also become darker in colour . Thinner hair can also appear on legs and ar ms, as well as on the face. The skin frequently becomes oily and we might begin to develop pimples. W e begin to be conscious and awar e of both our own bodies and those of others in new ways. On the other hand, the\n\nwe might begin to develop pimples. W e begin to be conscious and awar e of both our own bodies and those of others in new ways. On the other hand, there are also changes taking place that are different between boys and girls. In girls, breast size begins to increase, with darkening of the skin of the nipples at the tips of the breasts. Also, girls begin to menstruate at around this time. Boys begin to have new thick hair gr owth on the face and their voices begin to crack. Further , the penis occasionally begins to become enlarged and erect, either in daydreams or at night. All of these changes take place slowly, over a period of months and years. They do not happen all at the same time in one person, nor do they happen at an exact age. In\n\ns take place slowly, over a period of months and years. They do not happen all at the same time in one person, nor do they happen at an exact age. In some people, they happen early and quickly, while in others, they can happen slowly. Also, each change does not become complete quickly either . So, for example, thick hair on the face in boys appears as a few scattered hairs first, and only slowly does the growth begin to become uniform. Even so, all these changes show differences between people. Just as we have differently shaped noses or fingers, so also we have different patterns of hair growth, or size and shape of breast or penis. All of these changes are aspects of the sexual maturation of the body. Why does the body show sexual maturat']",['Increased activity of oil glands in skin.'],1.0,0.8150143996844404
Why is coal tar important?,"Coal tar is important because it's a mixture of about 200 substances used as starting materials for many everyday and industrial products like dyes, drugs, and plastics.
","['s processed in industry to get some useful products such as coke, coal tar and coal gas. Coke It is a tough, porous and black substance. It is an almost pure form of carbon. Coke is used in the manufacture of steel and in the extraction of many metals. Coal Tar It is a black, thick liquid (Fig. 3.3) with an unpleasant smell. It is a mixture ofabout 200 substances. Products obtained from coal tar are used as starting materials for manufacturing various substances used in everyday life and in industry, like synthetic dyes, drugs, explosives, per fumes, plastics, paints, photographic materials, roofing materials, etc. Interestingly, naphthalene balls used to repel moths and other insects are also obtained from coal tar . 2024-25 COAL AND PETRO\n\ned in thermal power plants to produce electricity. Coal is also used as a fuel in various industries. Story of Coal Where do we get coal from and how is it formed? About 300 million years ago the earth had dense forests in low lying wetland areas. Due to natural processes, like flooding, these forests got buried under the soil. As more soil deposited over them, they were compressed. The temperature also rose as they sank deeper and deeper . Under high pr essur e and high temperature, dead plants got slowly converted to coal. As coal contains mainly carbon, the slow process of conversion of dead vegetation into coal is called carbonisation. Since it was formed from the remains of vegetation, coal is also called a fossil fuel. A coal mine is\n\nd vegetation into coal is called carbonisation. Since it was formed from the remains of vegetation, coal is also called a fossil fuel. A coal mine is shown in Fig. 3.2. COAL AND PETROLEUM 33 2024-25 SCIENCE 34 Coal Gas Coal gas is obtained during the processing of coal to get coke. It is used Coal gas was used for street lighting for the first time in London in 1810 and in New Y ork ar ound 1820. Now a days, it is used as a source of heat rather than light.These days, bitumen, a petroleum product, is used in place of coal-tar for metalling the roads. produces mainly carbon dioxide gas. Coal is processed in industry to get some useful products such as coke, coal tar and coal gas. Coke It is a tough, porous and black substance. It is an almo']","['s processed in industry to get some useful products such as coke, coal tar and coal gas. Coke It is a tough, porous and black substance. It is an almost pure form of carbon. Coke is used in the manufacture of steel and in the extraction of many metals. Coal Tar It is a black, thick liquid (Fig. 3.3) with an unpleasant smell. It is a mixture ofabout 200 substances. Products obtained from coal tar are used as starting materials for manufacturing various substances used in everyday life and in industry, like synthetic dyes, drugs, explosives, per fumes, plastics, paints, photographic materials, roofing materials, etc. Interestingly, naphthalene balls used to repel moths and other insects are also obtained from coal tar . 2024-25 COAL AND PETRO\n\ned in thermal power plants to produce electricity. Coal is also used as a fuel in various industries. Story of Coal Where do we get coal from and how is it formed? About 300 million years ago the earth had dense forests in low lying wetland areas. Due to natural processes, like flooding, these forests got buried under the soil. As more soil deposited over them, they were compressed. The temperature also rose as they sank deeper and deeper . Under high pr essur e and high temperature, dead plants got slowly converted to coal. As coal contains mainly carbon, the slow process of conversion of dead vegetation into coal is called carbonisation. Since it was formed from the remains of vegetation, coal is also called a fossil fuel. A coal mine is\n\nd vegetation into coal is called carbonisation. Since it was formed from the remains of vegetation, coal is also called a fossil fuel. A coal mine is shown in Fig. 3.2. COAL AND PETROLEUM 33 2024-25 SCIENCE 34 Coal Gas Coal gas is obtained during the processing of coal to get coke. It is used Coal gas was used for street lighting for the first time in London in 1810 and in New Y ork ar ound 1820. Now a days, it is used as a source of heat rather than light.These days, bitumen, a petroleum product, is used in place of coal-tar for metalling the roads. produces mainly carbon dioxide gas. Coal is processed in industry to get some useful products such as coke, coal tar and coal gas. Coke It is a tough, porous and black substance. It is an almo']",['Used in manufacturing everyday products like drugs and plastics.'],1.0,1.0000000000000002
What is force?,"Force is a push or a pull that can change the motion, direction, shape, or size of an object.
","['ct, no one has seen, tasted or felt a force. However , we always see or feel the ef fect of a for ce. It can only be explained by describing what happens when a for ce is applied to an object. Pushing, hitting and pulling of objects ar e all ways of bringing objects in motion (Fig. 8.1). They move because we make a force act on them. From your studies in earlier classes, you are also familiar with the fact that a for ce can be used to change the magnitude of velocity of an object (that is, to make the object move faster or slower) or to change its dir ection of motion. W e also know that a for ce can change the shape and size of objects (Fig. 8.2). (a) The tr olley moves along the direction we push it. (c) The hockey stick hits the ball for\n\nd. Try to push it all by yourself. Can you move it? Now ask one of your friends to help you in pushing it in the same direction [Fig. 8.4(a)]. Is it easier to move it now? Can you explain why? Now push the same object, but ask your friend to push it from the opposite side [Fig. 8.4 (b)]. Does the object move? If it does, note the direction in which it moves. Can you guess which one of you is applying a larger force? (a) in the same direction, (b) in opposite direction(a) (b)8.3 Exploring Forces Let us try to learn more about forces. teams pull at it with equal force Have you ever seen a game of tug-of war? In this game two teams pull at a rope in opposite directions (Fig. 8.5). Members of both the teams try to pull the 2024-25 FORCE AND PR\n\nt do you do to make a football move? What do you do to make a moving ball move faster? How does a goalkeeper stop a ball ? A hockey player changes the direction of the moving ball with a flick of the stick . How do fielders stop a ball hitby a batsman? (Fig. 8.1). In all these situations the ball is either made to move faster or slower or its direction of motion is changed. We often say that a for ce has been applied on a ball when it is kicked, pushed, thrown or flicked. What is a force? What can it do to bodies on which it is applied? W e shall seek answers to such questions in this chapter . 8.1 Force – A Push or a Pull Actions like picking, opening, shutting, kicking, hitting, lifting, flicking, pushing, pulling are often used to des']","['ct, no one has seen, tasted or felt a force. However , we always see or feel the ef fect of a for ce. It can only be explained by describing what happens when a for ce is applied to an object. Pushing, hitting and pulling of objects ar e all ways of bringing objects in motion (Fig. 8.1). They move because we make a force act on them. From your studies in earlier classes, you are also familiar with the fact that a for ce can be used to change the magnitude of velocity of an object (that is, to make the object move faster or slower) or to change its dir ection of motion. W e also know that a for ce can change the shape and size of objects (Fig. 8.2). (a) The tr olley moves along the direction we push it. (c) The hockey stick hits the ball for\n\nd. Try to push it all by yourself. Can you move it? Now ask one of your friends to help you in pushing it in the same direction [Fig. 8.4(a)]. Is it easier to move it now? Can you explain why? Now push the same object, but ask your friend to push it from the opposite side [Fig. 8.4 (b)]. Does the object move? If it does, note the direction in which it moves. Can you guess which one of you is applying a larger force? (a) in the same direction, (b) in opposite direction(a) (b)8.3 Exploring Forces Let us try to learn more about forces. teams pull at it with equal force Have you ever seen a game of tug-of war? In this game two teams pull at a rope in opposite directions (Fig. 8.5). Members of both the teams try to pull the 2024-25 FORCE AND PR\n\nt do you do to make a football move? What do you do to make a moving ball move faster? How does a goalkeeper stop a ball ? A hockey player changes the direction of the moving ball with a flick of the stick . How do fielders stop a ball hitby a batsman? (Fig. 8.1). In all these situations the ball is either made to move faster or slower or its direction of motion is changed. We often say that a for ce has been applied on a ball when it is kicked, pushed, thrown or flicked. What is a force? What can it do to bodies on which it is applied? W e shall seek answers to such questions in this chapter . 8.1 Force – A Push or a Pull Actions like picking, opening, shutting, kicking, hitting, lifting, flicking, pushing, pulling are often used to des']",['A push or pull applied to an object.'],1.0,1.0000000000000002
Why do objects slow down when no external force is applied?,"Objects slow down due to the force of friction acting on them.
","['""applied only when it is in contact with an object']","['""applied only when it is in contact with an object']",['it is also called a contact force . Are there other types of contact forces? Let us find out. Friction Recall some of your experiences. A ball rolling along the ground gradually slows down and finally comes to rest. When we stop pedalling a bicycle'],0.0,0.9287065698380736
What happens when brakes are applied to a vehicle?,"The vehicle slows down due to friction between the brakes and wheels.
","['pplication of brakes, the car slows down but our body tends to continue in the same state of motion because of its inertia. A sudden application of brakes may thus cause injury to us by impact 2024-25 SCIENCE 90or collision with the panels in front. Safety belts are worn to prevent such accidents. Safety belts exert a force on our body to make the forward motion slower . An opposite experience is encountered when we are standing in a bus and the bus begins to move suddenly. Now we tend to fall backwards. This is because the sudden start of the bus brings motion to the bus as well as to our feet in contact with the floor of the bus. But the rest of our body opposes this motion because of its inertia. When a motorcar makes a sharp turn at a h\n\nFRICTIONFRICTION You might have seen a driver of a car or a truck slowing down the vehicle at a traf fic signal. Y ou, too, slow down your bicycle whenever needed by applying brakes. Have you ever thought why a vehicle slows down when brakes are applied? Not only vehicles, any object, moving over the sur face of another object slows down when no external force is applied on it. Finally it stops. Have you not seen a moving ball on the ground stopping after some time? Why do we slip when we step on a banana peel (Fig. 9.1)? Why is it difficult to walk on a smooth and wet floor? banana peel9.1 Force of Friction Activity 9.1 Gently push a book on a table [Fig. 9.2(a)]. Y ou observe that it stops after moving for some distance. Repeat this activ\n\ns and v = 0 m s–1. From Eq. (7.5) we know that v = u + at 0 = u + (– 6 m s–2) × 2 s or u = 12 m s–1 . From Eq. (7.6) we get s = u t + 1 2 a t 2 = (12 m s–1 ) × (2 s) + 1 2 (–6 m s–2 ) (2 s)2 = 24 m – 12 m = 12 m Thus, the car will move 12 m before it stops after the application of brakes. Can you now appreciate why drivers are cautioned to maintain some distance between vehicles while travelling on the road? uestions 1.A bus starting from rest moves with a unifor m acceleration of 0.1 m s-2 for 2 minutes. Find (a) the speed acquired, (b) the distance travelled. 2.A train is travelling at a speed of 90 km h–1. Brakes are applied so as to pr oduce a unifor m acceleration of – 0.5 m s-2. Find how far the train will go befor e it is b']","['pplication of brakes, the car slows down but our body tends to continue in the same state of motion because of its inertia. A sudden application of brakes may thus cause injury to us by impact 2024-25 SCIENCE 90or collision with the panels in front. Safety belts are worn to prevent such accidents. Safety belts exert a force on our body to make the forward motion slower . An opposite experience is encountered when we are standing in a bus and the bus begins to move suddenly. Now we tend to fall backwards. This is because the sudden start of the bus brings motion to the bus as well as to our feet in contact with the floor of the bus. But the rest of our body opposes this motion because of its inertia. When a motorcar makes a sharp turn at a h\n\nFRICTIONFRICTION You might have seen a driver of a car or a truck slowing down the vehicle at a traf fic signal. Y ou, too, slow down your bicycle whenever needed by applying brakes. Have you ever thought why a vehicle slows down when brakes are applied? Not only vehicles, any object, moving over the sur face of another object slows down when no external force is applied on it. Finally it stops. Have you not seen a moving ball on the ground stopping after some time? Why do we slip when we step on a banana peel (Fig. 9.1)? Why is it difficult to walk on a smooth and wet floor? banana peel9.1 Force of Friction Activity 9.1 Gently push a book on a table [Fig. 9.2(a)]. Y ou observe that it stops after moving for some distance. Repeat this activ\n\ns and v = 0 m s–1. From Eq. (7.5) we know that v = u + at 0 = u + (– 6 m s–2) × 2 s or u = 12 m s–1 . From Eq. (7.6) we get s = u t + 1 2 a t 2 = (12 m s–1 ) × (2 s) + 1 2 (–6 m s–2 ) (2 s)2 = 24 m – 12 m = 12 m Thus, the car will move 12 m before it stops after the application of brakes. Can you now appreciate why drivers are cautioned to maintain some distance between vehicles while travelling on the road? uestions 1.A bus starting from rest moves with a unifor m acceleration of 0.1 m s-2 for 2 minutes. Find (a) the speed acquired, (b) the distance travelled. 2.A train is travelling at a speed of 90 km h–1. Brakes are applied so as to pr oduce a unifor m acceleration of – 0.5 m s-2. Find how far the train will go befor e it is b']",['The frictional force between the brakes and wheels slows down the vehicle.'],1.0,0.8248866624016843
What causes friction?,"Friction is caused by the interlocking of irregularities on the surfaces in contact.
","['mor e on the r elated topic on the following websites : lhttp://www.school-for -champions.com/science/friction.htm lhttp//hyperphysics.phy-astr .gsu.edu/hbase/fir ct2.html 2024-25\n\nwrapping a piece of sandpaper around the cell. Friction is caused by the irregularities on the two sur faces in contact. Even those sur faces which appear very smooth have a large number of minute irregularities on them (Fig. 9.5). Irregularities on the two surfaces lock into one another . When we attempt to move any sur face, we have to apply a force to overcome interlocking. On rough sur faces, ther e are a lar ger number of irregularities. So the force of friction is gr eater if a r ough sur face is involved.Mark A Mark A Surface of book Surface of table 2024-25 FRICTION 115 We see that the friction is caused by the interlocking of irregularities in the two sur faces. It is obvious that the for ce of friction will increase if the two su\n\ne friction is caused by the interlocking of irregularities in the two sur faces. It is obvious that the for ce of friction will increase if the two surfaces ar e pressed har der. You can experience it by dragging a mat when nobody is sitting on it, and when a preson is sitting on it.friction and you find it somewhat easier to move the box already in motion than to get it started. 9.3 Friction : A Necessary Evil Recall now some of your experiences. Is it easier to hold a kulhar (earthen pot) or a glass tumbler? Suppose the outer surface of the tumbler is greasy, or has a thin layer of cooking oil on it', 'would it become easier or more difficult to hold it? Just think : would it be possible to hold the glass at all if there is no friction? Re']","['mor e on the r elated topic on the following websites : lhttp://www.school-for -champions.com/science/friction.htm lhttp//hyperphysics.phy-astr .gsu.edu/hbase/fir ct2.html 2024-25\n\nwrapping a piece of sandpaper around the cell. Friction is caused by the irregularities on the two sur faces in contact. Even those sur faces which appear very smooth have a large number of minute irregularities on them (Fig. 9.5). Irregularities on the two surfaces lock into one another . When we attempt to move any sur face, we have to apply a force to overcome interlocking. On rough sur faces, ther e are a lar ger number of irregularities. So the force of friction is gr eater if a r ough sur face is involved.Mark A Mark A Surface of book Surface of table 2024-25 FRICTION 115 We see that the friction is caused by the interlocking of irregularities in the two sur faces. It is obvious that the for ce of friction will increase if the two su\n\ne friction is caused by the interlocking of irregularities in the two sur faces. It is obvious that the for ce of friction will increase if the two surfaces ar e pressed har der. You can experience it by dragging a mat when nobody is sitting on it, and when a preson is sitting on it.friction and you find it somewhat easier to move the box already in motion than to get it started. 9.3 Friction : A Necessary Evil Recall now some of your experiences. Is it easier to hold a kulhar (earthen pot) or a glass tumbler? Suppose the outer surface of the tumbler is greasy, or has a thin layer of cooking oil on it', 'would it become easier or more difficult to hold it? Just think : would it be possible to hold the glass at all if there is no friction? Re']",['Interlocking of irregularities between two surfaces.'],1.0,0.9999999999999999
Explain why friction increases on rough surfaces.,"Rough surfaces have more irregularities that interlock, requiring a greater force to overcome the resistance and thus increasing friction.
","['wrapping a piece of sandpaper around the cell. Friction is caused by the irregularities on the two sur faces in contact. Even those sur faces which appear very smooth have a large number of minute irregularities on them (Fig. 9.5). Irregularities on the two surfaces lock into one another . When we attempt to move any sur face, we have to apply a force to overcome interlocking. On rough sur faces, ther e are a lar ger number of irregularities. So the force of friction is gr eater if a r ough sur face is involved.Mark A Mark A Surface of book Surface of table 2024-25 FRICTION 115 We see that the friction is caused by the interlocking of irregularities in the two sur faces. It is obvious that the for ce of friction will increase if the two su\n\nan object at rest. ÜSliding friction comes into play when an object is sliding over another . ÜSliding friction is smaller than static friction. ÜFriction is important for many of our activities. ÜFriction can be increased by making a surface rough. ÜThe sole of the shoes and the tyres of the vehicle are treaded to increase friction. ÜFriction is sometimes undesirable. ÜFriction can be reduced by using lubricants. ÜWhen one body rolls over another body, rolling friction comes into play. Rolling friction is smaller than sliding friction. ÜIn many machines, friction is reduced by using ball bearings. ÜFluid friction can be minimised by giving suitable shapes to bodies moving in fluids.A riddle for you In some situations, I oppose the motion i\n\na few minutes. Y ou can cite various other examples in which friction 2024-25 FRICTION 117 9.4 Increasing and Reducing Friction As you have seen in the previous section, friction is desirable in some situations. Have you ever thought why the sole of your shoe is grooved [Fig. 9.11 (a)]? It is done to provide the shoes better grip on the floor , so that you can move safely. Similarly, the treaded tyres of cars,trucks and bulldozers provide better grip with the ground.In some situations, however , friction is undesirable and we would want to minimise it. Why do you sprinkle fine powder on the carr om boar d (Fig. 9.12)? Y ou might have noticed that when a few drops of oil ar e pour ed on the hinges of a door, the door moves smoothly. A bicyc']","['wrapping a piece of sandpaper around the cell. Friction is caused by the irregularities on the two sur faces in contact. Even those sur faces which appear very smooth have a large number of minute irregularities on them (Fig. 9.5). Irregularities on the two surfaces lock into one another . When we attempt to move any sur face, we have to apply a force to overcome interlocking. On rough sur faces, ther e are a lar ger number of irregularities. So the force of friction is gr eater if a r ough sur face is involved.Mark A Mark A Surface of book Surface of table 2024-25 FRICTION 115 We see that the friction is caused by the interlocking of irregularities in the two sur faces. It is obvious that the for ce of friction will increase if the two su\n\nan object at rest. ÜSliding friction comes into play when an object is sliding over another . ÜSliding friction is smaller than static friction. ÜFriction is important for many of our activities. ÜFriction can be increased by making a surface rough. ÜThe sole of the shoes and the tyres of the vehicle are treaded to increase friction. ÜFriction is sometimes undesirable. ÜFriction can be reduced by using lubricants. ÜWhen one body rolls over another body, rolling friction comes into play. Rolling friction is smaller than sliding friction. ÜIn many machines, friction is reduced by using ball bearings. ÜFluid friction can be minimised by giving suitable shapes to bodies moving in fluids.A riddle for you In some situations, I oppose the motion i\n\na few minutes. Y ou can cite various other examples in which friction 2024-25 FRICTION 117 9.4 Increasing and Reducing Friction As you have seen in the previous section, friction is desirable in some situations. Have you ever thought why the sole of your shoe is grooved [Fig. 9.11 (a)]? It is done to provide the shoes better grip on the floor , so that you can move safely. Similarly, the treaded tyres of cars,trucks and bulldozers provide better grip with the ground.In some situations, however , friction is undesirable and we would want to minimise it. Why do you sprinkle fine powder on the carr om boar d (Fig. 9.12)? Y ou might have noticed that when a few drops of oil ar e pour ed on the hinges of a door, the door moves smoothly. A bicyc']",['Rough surfaces have more irregularities causing increased interlocking.'],,0.9269833647170217
How can friction be reduced?,"Friction can be reduced by using lubricants like oil, grease, or graphite to create a thin layer between moving surfaces, or by using an air cushion.
","['mor e on the r elated topic on the following websites : lhttp://www.school-for -champions.com/science/friction.htm lhttp//hyperphysics.phy-astr .gsu.edu/hbase/fir ct2.html 2024-25\n\narr om boar d (Fig. 9.12)? Y ou might have noticed that when a few drops of oil ar e pour ed on the hinges of a door, the door moves smoothly. A bicycle and a motor mechanic uses grease between the moving parts of these machines. In all the above cases, we want to reduce board to reduce friction friction in order to increase efficiency. When oil, grease or graphite is applied between the moving part of a machine, a thin layer is formed there and moving surfaces do not dir ectly rub against each other (Fig. 9.13). Interlocking of irregularities is avoided to a great extent. Movement becomes smooth. The substances which reduce friction are called lubricants . In some machines, it may not be advisable to use oil as lubricant. An air cushion be\n\na few minutes. Y ou can cite various other examples in which friction 2024-25 FRICTION 117 9.4 Increasing and Reducing Friction As you have seen in the previous section, friction is desirable in some situations. Have you ever thought why the sole of your shoe is grooved [Fig. 9.11 (a)]? It is done to provide the shoes better grip on the floor , so that you can move safely. Similarly, the treaded tyres of cars,trucks and bulldozers provide better grip with the ground.In some situations, however , friction is undesirable and we would want to minimise it. Why do you sprinkle fine powder on the carr om boar d (Fig. 9.12)? Y ou might have noticed that when a few drops of oil ar e pour ed on the hinges of a door, the door moves smoothly. A bicyc']","['mor e on the r elated topic on the following websites : lhttp://www.school-for -champions.com/science/friction.htm lhttp//hyperphysics.phy-astr .gsu.edu/hbase/fir ct2.html 2024-25\n\narr om boar d (Fig. 9.12)? Y ou might have noticed that when a few drops of oil ar e pour ed on the hinges of a door, the door moves smoothly. A bicycle and a motor mechanic uses grease between the moving parts of these machines. In all the above cases, we want to reduce board to reduce friction friction in order to increase efficiency. When oil, grease or graphite is applied between the moving part of a machine, a thin layer is formed there and moving surfaces do not dir ectly rub against each other (Fig. 9.13). Interlocking of irregularities is avoided to a great extent. Movement becomes smooth. The substances which reduce friction are called lubricants . In some machines, it may not be advisable to use oil as lubricant. An air cushion be\n\na few minutes. Y ou can cite various other examples in which friction 2024-25 FRICTION 117 9.4 Increasing and Reducing Friction As you have seen in the previous section, friction is desirable in some situations. Have you ever thought why the sole of your shoe is grooved [Fig. 9.11 (a)]? It is done to provide the shoes better grip on the floor , so that you can move safely. Similarly, the treaded tyres of cars,trucks and bulldozers provide better grip with the ground.In some situations, however , friction is undesirable and we would want to minimise it. Why do you sprinkle fine powder on the carr om boar d (Fig. 9.12)? Y ou might have noticed that when a few drops of oil ar e pour ed on the hinges of a door, the door moves smoothly. A bicyc']","['By polishing surfaces, lubrication, or using ball bearings.']",1.0,
Is friction beneficial or harmful?,"Friction is both beneficial and harmful.
","['mor e on the r elated topic on the following websites : lhttp://www.school-for -champions.com/science/friction.htm lhttp//hyperphysics.phy-astr .gsu.edu/hbase/fir ct2.html 2024-25\n\ne friction is caused by the interlocking of irregularities in the two sur faces. It is obvious that the for ce of friction will increase if the two surfaces ar e pressed har der. You can experience it by dragging a mat when nobody is sitting on it, and when a preson is sitting on it.friction and you find it somewhat easier to move the box already in motion than to get it started. 9.3 Friction : A Necessary Evil Recall now some of your experiences. Is it easier to hold a kulhar (earthen pot) or a glass tumbler? Suppose the outer surface of the tumbler is greasy, or has a thin layer of cooking oil on it', 'would it become easier or more difficult to hold it? Just think : would it be possible to hold the glass at all if there is no friction? Re\n\ntage of energy. W e shall discuss the ways of minimising friction in the following section. feel warm On the other hand, friction is an evil, too. It wears out the materials whether they are screws, ball bearings or soles of shoes (Fig. 9.8). Y ou must have seen worn-out steps of foot over -bridges at railway stations. Friction can also produce heat. Vigorously rub your palms together for a few minutes (Fig. 9.9). How do you feel? When you strike a matchstick against the r ough sur face, it catches fir e (Fig. 9.10). You might have observed that the jar of a mixer becomes hot when it is runfor a few minutes. Y ou can cite various other examples in which friction 2024-25 FRICTION 117 9.4 Increasing and Reducing Friction As you have seen in t']","['mor e on the r elated topic on the following websites : lhttp://www.school-for -champions.com/science/friction.htm lhttp//hyperphysics.phy-astr .gsu.edu/hbase/fir ct2.html 2024-25\n\ne friction is caused by the interlocking of irregularities in the two sur faces. It is obvious that the for ce of friction will increase if the two surfaces ar e pressed har der. You can experience it by dragging a mat when nobody is sitting on it, and when a preson is sitting on it.friction and you find it somewhat easier to move the box already in motion than to get it started. 9.3 Friction : A Necessary Evil Recall now some of your experiences. Is it easier to hold a kulhar (earthen pot) or a glass tumbler? Suppose the outer surface of the tumbler is greasy, or has a thin layer of cooking oil on it', 'would it become easier or more difficult to hold it? Just think : would it be possible to hold the glass at all if there is no friction? Re\n\ntage of energy. W e shall discuss the ways of minimising friction in the following section. feel warm On the other hand, friction is an evil, too. It wears out the materials whether they are screws, ball bearings or soles of shoes (Fig. 9.8). Y ou must have seen worn-out steps of foot over -bridges at railway stations. Friction can also produce heat. Vigorously rub your palms together for a few minutes (Fig. 9.9). How do you feel? When you strike a matchstick against the r ough sur face, it catches fir e (Fig. 9.10). You might have observed that the jar of a mixer becomes hot when it is runfor a few minutes. Y ou can cite various other examples in which friction 2024-25 FRICTION 117 9.4 Increasing and Reducing Friction As you have seen in t']","['Both, it helps in walking but causes wear and tear.']",1.0,0.9857951680273854
Give an example of friction being beneficial.,"Treaded tyres of vehicles provide better grip on the ground.
","['mor e on the r elated topic on the following websites : lhttp://www.school-for -champions.com/science/friction.htm lhttp//hyperphysics.phy-astr .gsu.edu/hbase/fir ct2.html 2024-25\n\nan object at rest. ÜSliding friction comes into play when an object is sliding over another . ÜSliding friction is smaller than static friction. ÜFriction is important for many of our activities. ÜFriction can be increased by making a surface rough. ÜThe sole of the shoes and the tyres of the vehicle are treaded to increase friction. ÜFriction is sometimes undesirable. ÜFriction can be reduced by using lubricants. ÜWhen one body rolls over another body, rolling friction comes into play. Rolling friction is smaller than sliding friction. ÜIn many machines, friction is reduced by using ball bearings. ÜFluid friction can be minimised by giving suitable shapes to bodies moving in fluids.A riddle for you In some situations, I oppose the motion i\n\na few minutes. Y ou can cite various other examples in which friction 2024-25 FRICTION 117 9.4 Increasing and Reducing Friction As you have seen in the previous section, friction is desirable in some situations. Have you ever thought why the sole of your shoe is grooved [Fig. 9.11 (a)]? It is done to provide the shoes better grip on the floor , so that you can move safely. Similarly, the treaded tyres of cars,trucks and bulldozers provide better grip with the ground.In some situations, however , friction is undesirable and we would want to minimise it. Why do you sprinkle fine powder on the carr om boar d (Fig. 9.12)? Y ou might have noticed that when a few drops of oil ar e pour ed on the hinges of a door, the door moves smoothly. A bicyc']","['mor e on the r elated topic on the following websites : lhttp://www.school-for -champions.com/science/friction.htm lhttp//hyperphysics.phy-astr .gsu.edu/hbase/fir ct2.html 2024-25\n\nan object at rest. ÜSliding friction comes into play when an object is sliding over another . ÜSliding friction is smaller than static friction. ÜFriction is important for many of our activities. ÜFriction can be increased by making a surface rough. ÜThe sole of the shoes and the tyres of the vehicle are treaded to increase friction. ÜFriction is sometimes undesirable. ÜFriction can be reduced by using lubricants. ÜWhen one body rolls over another body, rolling friction comes into play. Rolling friction is smaller than sliding friction. ÜIn many machines, friction is reduced by using ball bearings. ÜFluid friction can be minimised by giving suitable shapes to bodies moving in fluids.A riddle for you In some situations, I oppose the motion i\n\na few minutes. Y ou can cite various other examples in which friction 2024-25 FRICTION 117 9.4 Increasing and Reducing Friction As you have seen in the previous section, friction is desirable in some situations. Have you ever thought why the sole of your shoe is grooved [Fig. 9.11 (a)]? It is done to provide the shoes better grip on the floor , so that you can move safely. Similarly, the treaded tyres of cars,trucks and bulldozers provide better grip with the ground.In some situations, however , friction is undesirable and we would want to minimise it. Why do you sprinkle fine powder on the carr om boar d (Fig. 9.12)? Y ou might have noticed that when a few drops of oil ar e pour ed on the hinges of a door, the door moves smoothly. A bicyc']",['Ability to grip objects.'],1.0,0.6925055659105274
What is sound?,"Sound is a disturbance that moves through a medium.
","['sound r eaches your ear . The disturbance created by a source of sound in the medium travels through the medium and not the particles of the medium. A wave is a disturbance that moves through a medium when the particles of the medium set neighbouring particles into motion. They in tur n produce similar motion in others. The particles of the medium do not move forwar d themselves, but the disturbance is carried forwar d. This is what happens during pr opagation of sound in a medium, hence sound can be visualised as a wave. Sound waves are characterised by the motion of particles in the medium and ar e called mechanical waves. Air is the most common medium thr ough which sound travels. When a vibrating object moves forward, it pushes and co\n\nare also not audible to the human ear . Thus, for human ear, the range of audible frequencies is roughly from 20 to 20,000 Hz. Some animals can hear sounds of frequencies higher than 20,000 Hz. Dogs have this ability. The police use high frequency whistles which dogs can hear but humans cannot. The ultrasound equipment, familiar to us for investigating and tracking many medical problems, works at frequencies higher than 20,000 Hz.10.7 Noise and Music We hear dif ferent types of sounds around us. Is the sound always pleasing? Does a sound sometimes cause discomfort to you? Some sounds are pleasant to the ear , wher eas some are not. Suppose construction work is going on in your neighbourhood. Are the sounds coming from the construction sit\n\nSOUNDSOUND How do you come to know that a ‘period’ is over in your school? You come to know easily that someone is at your door when he knocks or you hear the sound of the doorbell. Most of the time you can make out that someone is approaching you by just hearing the foot steps. You might have played a game called hide and seek. In this game a person is blind-folded and has to catch the remaining players. How is the blind- folded person able to guess which player is closest to her?Sound plays an important role in our lives. It helps us to communicate with one another . We hear a variety of sounds in our surroundings. Make a list of sounds you hear in your surroundings. In the music room of your school you hear the sounds produced by musica']","['sound r eaches your ear . The disturbance created by a source of sound in the medium travels through the medium and not the particles of the medium. A wave is a disturbance that moves through a medium when the particles of the medium set neighbouring particles into motion. They in tur n produce similar motion in others. The particles of the medium do not move forwar d themselves, but the disturbance is carried forwar d. This is what happens during pr opagation of sound in a medium, hence sound can be visualised as a wave. Sound waves are characterised by the motion of particles in the medium and ar e called mechanical waves. Air is the most common medium thr ough which sound travels. When a vibrating object moves forward, it pushes and co\n\nare also not audible to the human ear . Thus, for human ear, the range of audible frequencies is roughly from 20 to 20,000 Hz. Some animals can hear sounds of frequencies higher than 20,000 Hz. Dogs have this ability. The police use high frequency whistles which dogs can hear but humans cannot. The ultrasound equipment, familiar to us for investigating and tracking many medical problems, works at frequencies higher than 20,000 Hz.10.7 Noise and Music We hear dif ferent types of sounds around us. Is the sound always pleasing? Does a sound sometimes cause discomfort to you? Some sounds are pleasant to the ear , wher eas some are not. Suppose construction work is going on in your neighbourhood. Are the sounds coming from the construction sit\n\nSOUNDSOUND How do you come to know that a ‘period’ is over in your school? You come to know easily that someone is at your door when he knocks or you hear the sound of the doorbell. Most of the time you can make out that someone is approaching you by just hearing the foot steps. You might have played a game called hide and seek. In this game a person is blind-folded and has to catch the remaining players. How is the blind- folded person able to guess which player is closest to her?Sound plays an important role in our lives. It helps us to communicate with one another . We hear a variety of sounds in our surroundings. Make a list of sounds you hear in your surroundings. In the music room of your school you hear the sounds produced by musica']",['A form of energy produced by vibrating bodies.'],1.0,1.0000000000000002
How does sound reach our ears?,"Sound travels through a medium and enters our ears through a canal that leads to the eardrum.
","['sound r eaches your ear . The disturbance created by a source of sound in the medium travels through the medium and not the particles of the medium. A wave is a disturbance that moves through a medium when the particles of the medium set neighbouring particles into motion. They in tur n produce similar motion in others. The particles of the medium do not move forwar d themselves, but the disturbance is carried forwar d. This is what happens during pr opagation of sound in a medium, hence sound can be visualised as a wave. Sound waves are characterised by the motion of particles in the medium and ar e called mechanical waves. Air is the most common medium thr ough which sound travels. When a vibrating object moves forward, it pushes and co\n\n10.13). We find that sound can travel through wood or metal. In fact, sound can travel thr ough any solid. Y ou can perform inter esting activities to show that sound can also travel through strings. Have you ever made a toy telephone (Fig. 10.14). Can you say that sound can travel through strings? We have lear nt so far that vibrating objects produce sound and it is carried in all directions in a medium. The medium could be a gas, a liquid or a solid. How do we hear it? Our Ears The shape of the outer part of the ear is like a funnel. When sound enters it, it travels down a canal at the end of which there is a thin stretched membrane. It is called the eardrum. It per forms an important function. To understand what the eardrum does, let us\n\nEveryday we hear sounds from various sources like humans, bir ds, bells, machines, vehicles, televisions, radios etc. Sound is a form of ener gy which pr oduces a sensation of hearing in our ears. Ther e are also other forms of energy like mechanical energy, light energy, etc. W e have talked about mechanical energy in the pr evious chapters. Y ou have been taught about conservation of energy, which states that we can neither create nor destr oy ener gy. W e can just change it fr om one for m to another . When you clap, a sound is produced. Can you produce sound without utilising your energy? Which form of energy did you use to produce sound? In this chapter we are going to learn how sound is produced and how it is transmitted through a me']","['sound r eaches your ear . The disturbance created by a source of sound in the medium travels through the medium and not the particles of the medium. A wave is a disturbance that moves through a medium when the particles of the medium set neighbouring particles into motion. They in tur n produce similar motion in others. The particles of the medium do not move forwar d themselves, but the disturbance is carried forwar d. This is what happens during pr opagation of sound in a medium, hence sound can be visualised as a wave. Sound waves are characterised by the motion of particles in the medium and ar e called mechanical waves. Air is the most common medium thr ough which sound travels. When a vibrating object moves forward, it pushes and co\n\n10.13). We find that sound can travel through wood or metal. In fact, sound can travel thr ough any solid. Y ou can perform inter esting activities to show that sound can also travel through strings. Have you ever made a toy telephone (Fig. 10.14). Can you say that sound can travel through strings? We have lear nt so far that vibrating objects produce sound and it is carried in all directions in a medium. The medium could be a gas, a liquid or a solid. How do we hear it? Our Ears The shape of the outer part of the ear is like a funnel. When sound enters it, it travels down a canal at the end of which there is a thin stretched membrane. It is called the eardrum. It per forms an important function. To understand what the eardrum does, let us\n\nEveryday we hear sounds from various sources like humans, bir ds, bells, machines, vehicles, televisions, radios etc. Sound is a form of ener gy which pr oduces a sensation of hearing in our ears. Ther e are also other forms of energy like mechanical energy, light energy, etc. W e have talked about mechanical energy in the pr evious chapters. Y ou have been taught about conservation of energy, which states that we can neither create nor destr oy ener gy. W e can just change it fr om one for m to another . When you clap, a sound is produced. Can you produce sound without utilising your energy? Which form of energy did you use to produce sound? In this chapter we are going to learn how sound is produced and how it is transmitted through a me']",['Through vibrations traveling as waves through air.'],1.0,
What part of humans produces sound?,"The voice box or larynx produces sound in humans.
","['list of familiar musical instruments and identify their vibrating parts. A few examples are given in Table 10.1. Complete rest of the Table.Fig. 10.5 : Ektara Manjira 2024-25 SCIENCE 126 10.2 Sound Produced by Humans Speak loudly for a while or sing a song, or buzz like a bee. Put your hand on your throat as shown in Fig. 10.8. Do you feel any vibrations? In humans, the sound is produced by the voice box or the larynx . Put your fingers on the throat and find a hard bump that seems to move when you swallow. This part of the body is known as the voice box. It is at the upper end of the windpipe. Two vocal cords, are stretched across the voice box or larynx in such a way that it leaves a narrow slit between them for the passage of air (Fig\n\nare also not audible to the human ear . Thus, for human ear, the range of audible frequencies is roughly from 20 to 20,000 Hz. Some animals can hear sounds of frequencies higher than 20,000 Hz. Dogs have this ability. The police use high frequency whistles which dogs can hear but humans cannot. The ultrasound equipment, familiar to us for investigating and tracking many medical problems, works at frequencies higher than 20,000 Hz.10.7 Noise and Music We hear dif ferent types of sounds around us. Is the sound always pleasing? Does a sound sometimes cause discomfort to you? Some sounds are pleasant to the ear , wher eas some are not. Suppose construction work is going on in your neighbourhood. Are the sounds coming from the construction sit\n\nthe sound wave thatFig. 11.3: Both the prongs of the vibrating tuning fork dipped in water From the above activities what do you conclude? Can you pr oduce sound without a vibrating object? In the above activities we have pr oduced sound by striking the tuning fork. W e can also pr oduce sound by plucking, scratching, rubbing, blowing or shaking dif ferent objects. As per the above activities what do we do to the objects? W e set the objects vibrating and produce sound. V ibration means a kind of rapid to and fr o motion of an object. The sound of the human voice is pr oduced due to vibrations in the vocal cor ds. When a bir d flaps its wings, do you hear any sound? Think how the buzzing sound accompanying a bee is produced. A str etched ru']","['list of familiar musical instruments and identify their vibrating parts. A few examples are given in Table 10.1. Complete rest of the Table.Fig. 10.5 : Ektara Manjira 2024-25 SCIENCE 126 10.2 Sound Produced by Humans Speak loudly for a while or sing a song, or buzz like a bee. Put your hand on your throat as shown in Fig. 10.8. Do you feel any vibrations? In humans, the sound is produced by the voice box or the larynx . Put your fingers on the throat and find a hard bump that seems to move when you swallow. This part of the body is known as the voice box. It is at the upper end of the windpipe. Two vocal cords, are stretched across the voice box or larynx in such a way that it leaves a narrow slit between them for the passage of air (Fig\n\nare also not audible to the human ear . Thus, for human ear, the range of audible frequencies is roughly from 20 to 20,000 Hz. Some animals can hear sounds of frequencies higher than 20,000 Hz. Dogs have this ability. The police use high frequency whistles which dogs can hear but humans cannot. The ultrasound equipment, familiar to us for investigating and tracking many medical problems, works at frequencies higher than 20,000 Hz.10.7 Noise and Music We hear dif ferent types of sounds around us. Is the sound always pleasing? Does a sound sometimes cause discomfort to you? Some sounds are pleasant to the ear , wher eas some are not. Suppose construction work is going on in your neighbourhood. Are the sounds coming from the construction sit\n\nthe sound wave thatFig. 11.3: Both the prongs of the vibrating tuning fork dipped in water From the above activities what do you conclude? Can you pr oduce sound without a vibrating object? In the above activities we have pr oduced sound by striking the tuning fork. W e can also pr oduce sound by plucking, scratching, rubbing, blowing or shaking dif ferent objects. As per the above activities what do we do to the objects? W e set the objects vibrating and produce sound. V ibration means a kind of rapid to and fr o motion of an object. The sound of the human voice is pr oduced due to vibrations in the vocal cor ds. When a bir d flaps its wings, do you hear any sound? Think how the buzzing sound accompanying a bee is produced. A str etched ru']",['The voice box or larynx.'],1.0,0.9611697815231475
Describe how vocal cords produce sound.,"When air is forced through the slit between the vocal cords, they vibrate and produce sound.
","['pe. Two vocal cords, are stretched across the voice box or larynx in such a way that it leaves a narrow slit between them for the passage of air (Fig.10.8). When we pluck the string of an instrument, like the sitar , the sound that we hear is not only that of the string. The whole instrument is forced to vibrate, and it is the sound of the vibration of the instrument that we hear. Similarly, when we strike the membrane of a mridangam , the sound that we hear is not only that of the membrane but of the whole body of the instrument.When we speak, does any part of our body vibrate? When the lungs force air through the slit, the vocal cords vibrate, producing sound. Muscles attached to the vocal cords can make the cords tight or loose. When th\n\ns force air through the slit, the vocal cords vibrate, producing sound. Muscles attached to the vocal cords can make the cords tight or loose. When the vocal cords are tight and thin, the type or quality of voice is differentActivity 10.5 Take 6-8 bowls or tumblers. Fill them with water up to different levels, increasing gradually from one end to the other . Now take a pencil and strike the bowls gently. Strike all of them in succession. Y ou will hear pleasant sounds. This is your jaltrang (Fig.10.7). 2024-25 SOUND 127from that when they are loose and thick. Let us see how the vocal cords function. Activity 10.6 Take two rubber strips of the same size. Place these two pieces one above the other and stretch them tight. Now blow air throug\n\nunction. Activity 10.6 Take two rubber strips of the same size. Place these two pieces one above the other and stretch them tight. Now blow air through the gap between them [Fig. 10.9(a)]. As the air blows through the stretched rubber strips, a sound is produced. You can also take a piece of paper with a narrow slit and hold it between your fingers as shown in slit and listen to the sound. Our vocal cords produce sound in a similar manner . (a) (b) The vocal cords in men are about 20 mm long. In women these are about 15mm long. Children have very short vocal cords. This is the reason why the voices of men, women and children are different. 10.3 Sound Needs a Medium for Propagation When you call up your friend who is standing at a distance,']","['pe. Two vocal cords, are stretched across the voice box or larynx in such a way that it leaves a narrow slit between them for the passage of air (Fig.10.8). When we pluck the string of an instrument, like the sitar , the sound that we hear is not only that of the string. The whole instrument is forced to vibrate, and it is the sound of the vibration of the instrument that we hear. Similarly, when we strike the membrane of a mridangam , the sound that we hear is not only that of the membrane but of the whole body of the instrument.When we speak, does any part of our body vibrate? When the lungs force air through the slit, the vocal cords vibrate, producing sound. Muscles attached to the vocal cords can make the cords tight or loose. When th\n\ns force air through the slit, the vocal cords vibrate, producing sound. Muscles attached to the vocal cords can make the cords tight or loose. When the vocal cords are tight and thin, the type or quality of voice is differentActivity 10.5 Take 6-8 bowls or tumblers. Fill them with water up to different levels, increasing gradually from one end to the other . Now take a pencil and strike the bowls gently. Strike all of them in succession. Y ou will hear pleasant sounds. This is your jaltrang (Fig.10.7). 2024-25 SOUND 127from that when they are loose and thick. Let us see how the vocal cords function. Activity 10.6 Take two rubber strips of the same size. Place these two pieces one above the other and stretch them tight. Now blow air throug\n\nunction. Activity 10.6 Take two rubber strips of the same size. Place these two pieces one above the other and stretch them tight. Now blow air through the gap between them [Fig. 10.9(a)]. As the air blows through the stretched rubber strips, a sound is produced. You can also take a piece of paper with a narrow slit and hold it between your fingers as shown in slit and listen to the sound. Our vocal cords produce sound in a similar manner . (a) (b) The vocal cords in men are about 20 mm long. In women these are about 15mm long. Children have very short vocal cords. This is the reason why the voices of men, women and children are different. 10.3 Sound Needs a Medium for Propagation When you call up your friend who is standing at a distance,']","['Air forced from lungs causes vocal cords to vibrate, producing sound.']",1.0,0.9095353858036338
What is the role of vibration in sound production?,"Vibration is essential for producing sound.
","['the sound wave thatFig. 11.3: Both the prongs of the vibrating tuning fork dipped in water From the above activities what do you conclude? Can you pr oduce sound without a vibrating object? In the above activities we have pr oduced sound by striking the tuning fork. W e can also pr oduce sound by plucking, scratching, rubbing, blowing or shaking dif ferent objects. As per the above activities what do we do to the objects? W e set the objects vibrating and produce sound. V ibration means a kind of rapid to and fr o motion of an object. The sound of the human voice is pr oduced due to vibrations in the vocal cor ds. When a bir d flaps its wings, do you hear any sound? Think how the buzzing sound accompanying a bee is produced. A str etched ru\n\nWhich form of energy did you use to produce sound? In this chapter we are going to learn how sound is produced and how it is transmitted through a medium and received by our ears. 11.1 Production of Sound Activity _____________ 11.1 •Take a tuning fork and set it vibrating by striking its pr ong on a rubber pad. Bring it near your ear . •Do you hear any sound? •Touch one of the pr ongs of the vibrating tuning fork with your finger and shar e your experience with your friends. •Now, suspend a table tennis ball or a small plastic ball by a thr ead fr om a support [T ake a big needle and a thread, put a knot at one end of the thread, and then with the help of the needle pass the thr ead thr ough the ball]. T ouch the ball gently with the pron\n\njects producing them. How is it possible? These sounds must be different to enable you to recognise them. Have you ever thought what factors make them different? Amplitude and frequency are two important properties of any sound. Can we differentiate sounds on the basis of their amplitudes and frequencies? Loudness and Pitch Activity 10.11 Take a metallic tumbler and a tablespoon. Strike the tablespoon gently at the brim of the tumbler .Fig. 10.16 : Human ear vibrating glass tumblerWe must NEVER put a sharp, pointed or hard thing into our ear. It can damage the eardrum. The damaged eardrum can impair hearing. 10.5 Amplitude, T ime Period and Frequency of a Vibration We have lear nt that the to and fr o motion of an object is known as vibra']","['the sound wave thatFig. 11.3: Both the prongs of the vibrating tuning fork dipped in water From the above activities what do you conclude? Can you pr oduce sound without a vibrating object? In the above activities we have pr oduced sound by striking the tuning fork. W e can also pr oduce sound by plucking, scratching, rubbing, blowing or shaking dif ferent objects. As per the above activities what do we do to the objects? W e set the objects vibrating and produce sound. V ibration means a kind of rapid to and fr o motion of an object. The sound of the human voice is pr oduced due to vibrations in the vocal cor ds. When a bir d flaps its wings, do you hear any sound? Think how the buzzing sound accompanying a bee is produced. A str etched ru\n\nWhich form of energy did you use to produce sound? In this chapter we are going to learn how sound is produced and how it is transmitted through a medium and received by our ears. 11.1 Production of Sound Activity _____________ 11.1 •Take a tuning fork and set it vibrating by striking its pr ong on a rubber pad. Bring it near your ear . •Do you hear any sound? •Touch one of the pr ongs of the vibrating tuning fork with your finger and shar e your experience with your friends. •Now, suspend a table tennis ball or a small plastic ball by a thr ead fr om a support [T ake a big needle and a thread, put a knot at one end of the thread, and then with the help of the needle pass the thr ead thr ough the ball]. T ouch the ball gently with the pron\n\njects producing them. How is it possible? These sounds must be different to enable you to recognise them. Have you ever thought what factors make them different? Amplitude and frequency are two important properties of any sound. Can we differentiate sounds on the basis of their amplitudes and frequencies? Loudness and Pitch Activity 10.11 Take a metallic tumbler and a tablespoon. Strike the tablespoon gently at the brim of the tumbler .Fig. 10.16 : Human ear vibrating glass tumblerWe must NEVER put a sharp, pointed or hard thing into our ear. It can damage the eardrum. The damaged eardrum can impair hearing. 10.5 Amplitude, T ime Period and Frequency of a Vibration We have lear nt that the to and fr o motion of an object is known as vibra']",['Sound is produced when an object vibrates.'],1.0,0.8742064491632329
How do musical instruments produce sound?,"Musical instruments produce sound by vibrating parts.
","['Which form of energy did you use to produce sound? In this chapter we are going to learn how sound is produced and how it is transmitted through a medium and received by our ears. 11.1 Production of Sound Activity _____________ 11.1 •Take a tuning fork and set it vibrating by striking its pr ong on a rubber pad. Bring it near your ear . •Do you hear any sound? •Touch one of the pr ongs of the vibrating tuning fork with your finger and shar e your experience with your friends. •Now, suspend a table tennis ball or a small plastic ball by a thr ead fr om a support [T ake a big needle and a thread, put a knot at one end of the thread, and then with the help of the needle pass the thr ead thr ough the ball]. T ouch the ball gently with the pron\n\nnds in our surroundings. Make a list of sounds you hear in your surroundings. In the music room of your school you hear the sounds produced by musical instruments like flute, tabla , harmonium, etc. (Fig. 10.1). How is sound produced? How does it travel from one place to another ? How do we hear sound? Why are some sounds louder than others? W e shall discuss such questions in this chapter . HarmoniumSitar Flute 2024-25 SCIENCE 12410.1 Sound is Produced by a Vibrating Body Touch the school bell when not in use. What do you feel? Again touch it when producing sound. Can you feel it vibrating? Activity 10.1 Take a metal plate (or a pan). Hang it at a convenient place in such a way that it does not touch any wall. Now strike it with a stick\n\nin the vocal cor ds. When a bir d flaps its wings, do you hear any sound? Think how the buzzing sound accompanying a bee is produced. A str etched rubber band when plucked vibrates and produces sound. If you have never done this, then do it and observe the vibration of the str etched rubber band. Activity _____________ 11.3 •Make a list of different types of musical instruments and discuss with your friends which part of the instrument vibrates to produce sound. 11.2Propagation of Sound Sound is pr oduced by vibrating objects. The matter or substance thr ough which sound is transmitted is called a medium. It can be solid, liquid or gas. Sound moves thr ough a medium from the point of generation to the listener . When an object vibrates, it']","['Which form of energy did you use to produce sound? In this chapter we are going to learn how sound is produced and how it is transmitted through a medium and received by our ears. 11.1 Production of Sound Activity _____________ 11.1 •Take a tuning fork and set it vibrating by striking its pr ong on a rubber pad. Bring it near your ear . •Do you hear any sound? •Touch one of the pr ongs of the vibrating tuning fork with your finger and shar e your experience with your friends. •Now, suspend a table tennis ball or a small plastic ball by a thr ead fr om a support [T ake a big needle and a thread, put a knot at one end of the thread, and then with the help of the needle pass the thr ead thr ough the ball]. T ouch the ball gently with the pron\n\nnds in our surroundings. Make a list of sounds you hear in your surroundings. In the music room of your school you hear the sounds produced by musical instruments like flute, tabla , harmonium, etc. (Fig. 10.1). How is sound produced? How does it travel from one place to another ? How do we hear sound? Why are some sounds louder than others? W e shall discuss such questions in this chapter . HarmoniumSitar Flute 2024-25 SCIENCE 12410.1 Sound is Produced by a Vibrating Body Touch the school bell when not in use. What do you feel? Again touch it when producing sound. Can you feel it vibrating? Activity 10.1 Take a metal plate (or a pan). Hang it at a convenient place in such a way that it does not touch any wall. Now strike it with a stick\n\nin the vocal cor ds. When a bir d flaps its wings, do you hear any sound? Think how the buzzing sound accompanying a bee is produced. A str etched rubber band when plucked vibrates and produces sound. If you have never done this, then do it and observe the vibration of the str etched rubber band. Activity _____________ 11.3 •Make a list of different types of musical instruments and discuss with your friends which part of the instrument vibrates to produce sound. 11.2Propagation of Sound Sound is pr oduced by vibrating objects. The matter or substance thr ough which sound is transmitted is called a medium. It can be solid, liquid or gas. Sound moves thr ough a medium from the point of generation to the listener . When an object vibrates, it']","['Through vibrations in strings, membranes, or air columns.']",1.0,1.0000000000000004
What is chemical effect of electric current?,"The resulting effects of electric current flowing through a conducting liquid, causing chemical reactions, are called chemical effects of current.
","['CHEMICAL EFFECTS OF ELECTRIC CURRENTCHEMICAL EFFECTS OF ELECTRIC CURRENT Your elders might have cautioned you against touching an electrical appliance with wet hands. But do you know why it is dangerous to touch an electrical appliance with wet hands? We have lear nt earlier that the materials, which allow electric current to pass through them, are good conductors of electricity. On the other hand, materials, which do not allow electric current to pass through them easily, are poor conductors of electricity. In Class VI, we made a tester to test whether a particular material allows the electric current to pass through it or not. Do you recall how the tester helped us in deciding that? We found that metals such as copper and aluminium\n\ny contain 2024-25 SCIENCE 142several salts dissolved in it. Small amounts of mineral salts are naturally present in it. This water is thus a good conductor of electricity. On the other hand, distilled water is free of salts and is a poor conductor.Most liquids that conduct electricity are solutions of acids, bases and salts. When an electric current flows through a conducting solution, does it produce an effect on the solution? 11.2 Chemical Effects of Electric Current In Class VII, we have learnt some effects of electric current. Can you list these effects? What effect does the current produce when it flows through a conducting solution? Let us find out. Activity 11.6 Take out carbon rods carefully from two discarded cells. Clean their met\n\ne good conductors of electricity and some are poor conductors. ÜMost liquids that conduct electricity are solutions of acids, bases and salts. ÜThe passage of an electric current through a conducting liquid causes chemical reactions. The resulting effects are called chemical effects of currents. ÜThe process of depositing a layer of any desired metal on another material, by means of electricity, is called electroplating. 1.Fill in the blanks. (a)Most liquids that conduct electricity are solutions of , ______________ and ______________. (b)The passage of an electric current through a solution causes ______________ effects. (c)If you pass current through copper sulphate solution, copper gets deposited on the plate connected']","['CHEMICAL EFFECTS OF ELECTRIC CURRENTCHEMICAL EFFECTS OF ELECTRIC CURRENT Your elders might have cautioned you against touching an electrical appliance with wet hands. But do you know why it is dangerous to touch an electrical appliance with wet hands? We have lear nt earlier that the materials, which allow electric current to pass through them, are good conductors of electricity. On the other hand, materials, which do not allow electric current to pass through them easily, are poor conductors of electricity. In Class VI, we made a tester to test whether a particular material allows the electric current to pass through it or not. Do you recall how the tester helped us in deciding that? We found that metals such as copper and aluminium\n\ny contain 2024-25 SCIENCE 142several salts dissolved in it. Small amounts of mineral salts are naturally present in it. This water is thus a good conductor of electricity. On the other hand, distilled water is free of salts and is a poor conductor.Most liquids that conduct electricity are solutions of acids, bases and salts. When an electric current flows through a conducting solution, does it produce an effect on the solution? 11.2 Chemical Effects of Electric Current In Class VII, we have learnt some effects of electric current. Can you list these effects? What effect does the current produce when it flows through a conducting solution? Let us find out. Activity 11.6 Take out carbon rods carefully from two discarded cells. Clean their met\n\ne good conductors of electricity and some are poor conductors. ÜMost liquids that conduct electricity are solutions of acids, bases and salts. ÜThe passage of an electric current through a conducting liquid causes chemical reactions. The resulting effects are called chemical effects of currents. ÜThe process of depositing a layer of any desired metal on another material, by means of electricity, is called electroplating. 1.Fill in the blanks. (a)Most liquids that conduct electricity are solutions of , ______________ and ______________. (b)The passage of an electric current through a solution causes ______________ effects. (c)If you pass current through copper sulphate solution, copper gets deposited on the plate connected']",['Production of chemical reactions when current passes through a liquid.'],0.75,0.8198670081804913
Can liquids conduct electricity?,"Yes, some liquids can conduct electricity.
","['electric current to pass through it or not. Do you recall how the tester helped us in deciding that? We found that metals such as copper and aluminium conduct electricity wher eas materials such as rubber ,plastic and wood do not conduct electricity. However , so far we have used our tester to test materials which were in solid state. But what about liquids? Do liquids also conduct electricity? Let us find out. Paheli and Boojho want to remind you that one should not experiment with the electric supply from the mains or a generator or an inverter . Use only electric cells for all the activities suggested here. Electricity? To test whether a liquid allows electric current to pass through it or not, we can use the same tester (Fig .11.1). 202\n\nCHEMICAL EFFECTS OF ELECTRIC CURRENTCHEMICAL EFFECTS OF ELECTRIC CURRENT Your elders might have cautioned you against touching an electrical appliance with wet hands. But do you know why it is dangerous to touch an electrical appliance with wet hands? We have lear nt earlier that the materials, which allow electric current to pass through them, are good conductors of electricity. On the other hand, materials, which do not allow electric current to pass through them easily, are poor conductors of electricity. In Class VI, we made a tester to test whether a particular material allows the electric current to pass through it or not. Do you recall how the tester helped us in deciding that? We found that metals such as copper and aluminium\n\nr Conducting Liquids S.No. Material Compass Needle Shows Good Conductor/ Deflection Y es/No Poor Conductor 1. Lemon juice Yes Good Conductor 2. Vinegar 3. Tap W ater 4. Vegetable oil 5. Milk 6. Honey 7. 8. 9. 10. When the free ends of the tester do not touch each other , ther e is an air gap between them. Paheli knows that air is a poor conductor of electricity. But she has also read that during lightning, an electric current passes thr ough air . She wonders if air is indeed a poor conductor under all conditions. This makes Boojho ask whether other materials classified as poor conductors also allow electricity to pass under certain conditions. From Table 11.1, we find that some liquids are good conductors of electricity and some are poor']","['electric current to pass through it or not. Do you recall how the tester helped us in deciding that? We found that metals such as copper and aluminium conduct electricity wher eas materials such as rubber ,plastic and wood do not conduct electricity. However , so far we have used our tester to test materials which were in solid state. But what about liquids? Do liquids also conduct electricity? Let us find out. Paheli and Boojho want to remind you that one should not experiment with the electric supply from the mains or a generator or an inverter . Use only electric cells for all the activities suggested here. Electricity? To test whether a liquid allows electric current to pass through it or not, we can use the same tester (Fig .11.1). 202\n\nCHEMICAL EFFECTS OF ELECTRIC CURRENTCHEMICAL EFFECTS OF ELECTRIC CURRENT Your elders might have cautioned you against touching an electrical appliance with wet hands. But do you know why it is dangerous to touch an electrical appliance with wet hands? We have lear nt earlier that the materials, which allow electric current to pass through them, are good conductors of electricity. On the other hand, materials, which do not allow electric current to pass through them easily, are poor conductors of electricity. In Class VI, we made a tester to test whether a particular material allows the electric current to pass through it or not. Do you recall how the tester helped us in deciding that? We found that metals such as copper and aluminium\n\nr Conducting Liquids S.No. Material Compass Needle Shows Good Conductor/ Deflection Y es/No Poor Conductor 1. Lemon juice Yes Good Conductor 2. Vinegar 3. Tap W ater 4. Vegetable oil 5. Milk 6. Honey 7. 8. 9. 10. When the free ends of the tester do not touch each other , ther e is an air gap between them. Paheli knows that air is a poor conductor of electricity. But she has also read that during lightning, an electric current passes thr ough air . She wonders if air is indeed a poor conductor under all conditions. This makes Boojho ask whether other materials classified as poor conductors also allow electricity to pass under certain conditions. From Table 11.1, we find that some liquids are good conductors of electricity and some are poor']","['Yes, liquids containing ions can conduct electricity.']",1.0,1.0
What happens when electric current passes through water?,"When electric current passes through water, it can produce an effect on the solution, especially if the water contains dissolved salts.
","['CHEMICAL EFFECTS OF ELECTRIC CURRENTCHEMICAL EFFECTS OF ELECTRIC CURRENT Your elders might have cautioned you against touching an electrical appliance with wet hands. But do you know why it is dangerous to touch an electrical appliance with wet hands? We have lear nt earlier that the materials, which allow electric current to pass through them, are good conductors of electricity. On the other hand, materials, which do not allow electric current to pass through them easily, are poor conductors of electricity. In Class VI, we made a tester to test whether a particular material allows the electric current to pass through it or not. Do you recall how the tester helped us in deciding that? We found that metals such as copper and aluminium\n\ny contain 2024-25 SCIENCE 142several salts dissolved in it. Small amounts of mineral salts are naturally present in it. This water is thus a good conductor of electricity. On the other hand, distilled water is free of salts and is a poor conductor.Most liquids that conduct electricity are solutions of acids, bases and salts. When an electric current flows through a conducting solution, does it produce an effect on the solution? 11.2 Chemical Effects of Electric Current In Class VII, we have learnt some effects of electric current. Can you list these effects? What effect does the current produce when it flows through a conducting solution? Let us find out. Activity 11.6 Take out carbon rods carefully from two discarded cells. Clean their met\n\nElectricity11 CHAPTER Electricity has an important place in modern society. It is a controllable and convenient form of energy for a variety of uses in homes, schools, hospitals, industries and so on. What constitutes electricity? How does it flow in an electric circuit? What are the factors that control or regulate the curr ent thr ough an electric cir cuit? In this Chapter , we shall attempt to answer such questions. W e shall also discuss the heating ef fect of electric current and its applications. 11.1 ELECTRIC CURRENT AND CIRCUIT11.1 ELECTRIC CURRENT AND CIRCUIT11.1 ELECTRIC CURRENT AND CIRCUIT11.1 ELECTRIC CURRENT AND CIRCUIT11.1 ELECTRIC CURRENT AND CIRCUIT We are familiar with air curr ent and water curr ent. W e know that flowing']","['CHEMICAL EFFECTS OF ELECTRIC CURRENTCHEMICAL EFFECTS OF ELECTRIC CURRENT Your elders might have cautioned you against touching an electrical appliance with wet hands. But do you know why it is dangerous to touch an electrical appliance with wet hands? We have lear nt earlier that the materials, which allow electric current to pass through them, are good conductors of electricity. On the other hand, materials, which do not allow electric current to pass through them easily, are poor conductors of electricity. In Class VI, we made a tester to test whether a particular material allows the electric current to pass through it or not. Do you recall how the tester helped us in deciding that? We found that metals such as copper and aluminium\n\ny contain 2024-25 SCIENCE 142several salts dissolved in it. Small amounts of mineral salts are naturally present in it. This water is thus a good conductor of electricity. On the other hand, distilled water is free of salts and is a poor conductor.Most liquids that conduct electricity are solutions of acids, bases and salts. When an electric current flows through a conducting solution, does it produce an effect on the solution? 11.2 Chemical Effects of Electric Current In Class VII, we have learnt some effects of electric current. Can you list these effects? What effect does the current produce when it flows through a conducting solution? Let us find out. Activity 11.6 Take out carbon rods carefully from two discarded cells. Clean their met\n\nElectricity11 CHAPTER Electricity has an important place in modern society. It is a controllable and convenient form of energy for a variety of uses in homes, schools, hospitals, industries and so on. What constitutes electricity? How does it flow in an electric circuit? What are the factors that control or regulate the curr ent thr ough an electric cir cuit? In this Chapter , we shall attempt to answer such questions. W e shall also discuss the heating ef fect of electric current and its applications. 11.1 ELECTRIC CURRENT AND CIRCUIT11.1 ELECTRIC CURRENT AND CIRCUIT11.1 ELECTRIC CURRENT AND CIRCUIT11.1 ELECTRIC CURRENT AND CIRCUIT11.1 ELECTRIC CURRENT AND CIRCUIT We are familiar with air curr ent and water curr ent. W e know that flowing']",['Water decomposes into hydrogen and oxygen gases.'],1.0,0.9220847259055239
What is electrolysis?,"Electrolysis is a process that uses electricity to break down a substance.
","['electricity transmission? 2024-25\n\nesium and calcium are obtained by the electrolysis of their molten chlorides. The metals are deposited at the cathode (the negatively charged electrode), whereas, chlorine is liberated at the anode (the positively charged electrode). The reactions are – At cathode Na+ + e–→Na At anode 2Cl –→Cl2 + 2e– Similarly, aluminium is obtained by the electrolytic reduction of aluminium oxide. 3.4.6 Refining of Metals The metals produced by various reduction processes described above are not very pure. They contain impurities, which must be removed to obtain pure metals. The most widely used method for refining impure metals is electrolytic refining. Electrolytic Refining: Electrolytic Refining: Electrolytic Refining: Electrolytic Refining: Elec\n\n→ 2NaOH(aq) + Cl2(g) + H2(g) Chlorine gas is given off at the anode, and hydrogen gas at the cathode. Sodium hydroxide solution is formed near the cathode. The three products produced in this process are all useful. Figure 2.8 shows the different uses of these products. Bleaching powder You have alr eady come to know that chlorine is pr oduced during the electrolysis of aqueous sodium chloride (brine). This chlorine gas is used for the manufactur e of bleaching powder . Bleaching powder is pr oduced by the action of chlorine on dry slaked lime [Ca(OH)2]. Bleaching powder is represented as CaOCl2, though the actual composition is quite complex. Ca(OH)2 + Cl2 → CaOCl2 + H2OFigure 2.8Figure 2.8Figure 2.8Figure 2.8Figure 2.8 Important products']","['electricity transmission? 2024-25\n\nesium and calcium are obtained by the electrolysis of their molten chlorides. The metals are deposited at the cathode (the negatively charged electrode), whereas, chlorine is liberated at the anode (the positively charged electrode). The reactions are – At cathode Na+ + e–→Na At anode 2Cl –→Cl2 + 2e– Similarly, aluminium is obtained by the electrolytic reduction of aluminium oxide. 3.4.6 Refining of Metals The metals produced by various reduction processes described above are not very pure. They contain impurities, which must be removed to obtain pure metals. The most widely used method for refining impure metals is electrolytic refining. Electrolytic Refining: Electrolytic Refining: Electrolytic Refining: Electrolytic Refining: Elec\n\n→ 2NaOH(aq) + Cl2(g) + H2(g) Chlorine gas is given off at the anode, and hydrogen gas at the cathode. Sodium hydroxide solution is formed near the cathode. The three products produced in this process are all useful. Figure 2.8 shows the different uses of these products. Bleaching powder You have alr eady come to know that chlorine is pr oduced during the electrolysis of aqueous sodium chloride (brine). This chlorine gas is used for the manufactur e of bleaching powder . Bleaching powder is pr oduced by the action of chlorine on dry slaked lime [Ca(OH)2]. Bleaching powder is represented as CaOCl2, though the actual composition is quite complex. Ca(OH)2 + Cl2 → CaOCl2 + H2OFigure 2.8Figure 2.8Figure 2.8Figure 2.8Figure 2.8 Important products']",['Chemical decomposition caused by passing electric current through a liquid.'],1.0,1.0
What is a tester?,"A tester is a device used to determine if a material allows electric current to pass through it.
","['as easily as a metal. As a result, the circuit of the tester may be complete and yet the current through it may be too weak to make the bulb glow. Can we make another tester which can detect a weak current? We can use another ef fect of an electric current to make another kind of tester . Do you recall that electric current produces a magnetic effect? What happens to a compass needle kept nearby when current flows in a wire? Even if the current is small, the deflection of the magnetic needle can be seen. Can we make a tester using the magnetic effect of currents? Let us find out in Activity 11.3 . Join the free ends of two wires momentarily. The compass needle should show deflection . Your tester with two free ends of the wire is ready. N\n\ns suggested here. Electricity? To test whether a liquid allows electric current to pass through it or not, we can use the same tester (Fig .11.1). 2024-25 However , replace the cell by a battery. Also, before using the tester we should check whether it is working or not. Activity 11.1 Join the free ends of the tester together for a moment. This completes the circuit of the tester and the bulb should glow. However , if the bulb does not glow, it means that the tester is not working. Can you think of the possible reasons? Is it possible that the connections are loose? Or , the bulb is fused? Or , your cells are used up? Check that all the connections are tight. If they are, then replace the bulb with another bulb. Now test if the tester is w\n\nCHEMICAL EFFECTS OF ELECTRIC CURRENTCHEMICAL EFFECTS OF ELECTRIC CURRENT Your elders might have cautioned you against touching an electrical appliance with wet hands. But do you know why it is dangerous to touch an electrical appliance with wet hands? We have lear nt earlier that the materials, which allow electric current to pass through them, are good conductors of electricity. On the other hand, materials, which do not allow electric current to pass through them easily, are poor conductors of electricity. In Class VI, we made a tester to test whether a particular material allows the electric current to pass through it or not. Do you recall how the tester helped us in deciding that? We found that metals such as copper and aluminium']","['as easily as a metal. As a result, the circuit of the tester may be complete and yet the current through it may be too weak to make the bulb glow. Can we make another tester which can detect a weak current? We can use another ef fect of an electric current to make another kind of tester . Do you recall that electric current produces a magnetic effect? What happens to a compass needle kept nearby when current flows in a wire? Even if the current is small, the deflection of the magnetic needle can be seen. Can we make a tester using the magnetic effect of currents? Let us find out in Activity 11.3 . Join the free ends of two wires momentarily. The compass needle should show deflection . Your tester with two free ends of the wire is ready. N\n\ns suggested here. Electricity? To test whether a liquid allows electric current to pass through it or not, we can use the same tester (Fig .11.1). 2024-25 However , replace the cell by a battery. Also, before using the tester we should check whether it is working or not. Activity 11.1 Join the free ends of the tester together for a moment. This completes the circuit of the tester and the bulb should glow. However , if the bulb does not glow, it means that the tester is not working. Can you think of the possible reasons? Is it possible that the connections are loose? Or , the bulb is fused? Or , your cells are used up? Check that all the connections are tight. If they are, then replace the bulb with another bulb. Now test if the tester is w\n\nCHEMICAL EFFECTS OF ELECTRIC CURRENTCHEMICAL EFFECTS OF ELECTRIC CURRENT Your elders might have cautioned you against touching an electrical appliance with wet hands. But do you know why it is dangerous to touch an electrical appliance with wet hands? We have lear nt earlier that the materials, which allow electric current to pass through them, are good conductors of electricity. On the other hand, materials, which do not allow electric current to pass through them easily, are poor conductors of electricity. In Class VI, we made a tester to test whether a particular material allows the electric current to pass through it or not. Do you recall how the tester helped us in deciding that? We found that metals such as copper and aluminium']",['A device to check electrical conductivity.'],1.0,0.9386963590089686
Describe a simple tester.,"A simple tester can be made using a compass needle that deflects when current flows through a wire.
","['ly and then rapidly. 2024-25\n\nas easily as a metal. As a result, the circuit of the tester may be complete and yet the current through it may be too weak to make the bulb glow. Can we make another tester which can detect a weak current? We can use another ef fect of an electric current to make another kind of tester . Do you recall that electric current produces a magnetic effect? What happens to a compass needle kept nearby when current flows in a wire? Even if the current is small, the deflection of the magnetic needle can be seen. Can we make a tester using the magnetic effect of currents? Let us find out in Activity 11.3 . Join the free ends of two wires momentarily. The compass needle should show deflection . Your tester with two free ends of the wire is ready. N\n\nd to the danger of the approaching enemy. 2024-25']","['ly and then rapidly. 2024-25\n\nas easily as a metal. As a result, the circuit of the tester may be complete and yet the current through it may be too weak to make the bulb glow. Can we make another tester which can detect a weak current? We can use another ef fect of an electric current to make another kind of tester . Do you recall that electric current produces a magnetic effect? What happens to a compass needle kept nearby when current flows in a wire? Even if the current is small, the deflection of the magnetic needle can be seen. Can we make a tester using the magnetic effect of currents? Let us find out in Activity 11.3 . Join the free ends of two wires momentarily. The compass needle should show deflection . Your tester with two free ends of the wire is ready. N\n\nd to the danger of the approaching enemy. 2024-25']",['A circuit with a bulb or LED and battery indicating electrical conductivity.'],1.0,0.8150368493587234
Explain lightning.,"Lightning is a bright streak of light and sound produced when negative and positive charges meet during an electric discharge.
","['while the water droplets move downward. These vigorous movements cause separation of charges. By a process, not yet completely understood, the positive charges collect near the upper edges of the clouds and the negative charges accumulate near the lower edges. There is accumulation of positive charges near the ground also. When the magnitude of the accumulated charges becomes very large, the air which is normally a poor conductor of electricity, is no longer able to resist their flow. Negative and positive charges meet, producing streaks of bright light and sound. W e see str eaks as lightning (Fig. 12.5). The process is called an electric discharge. 2024-25 SOME NATURAL PHENOMENA 155 The process of electric discharge can occur between two\n\n(Fig. 12.5). The process is called an electric discharge. 2024-25 SOME NATURAL PHENOMENA 155 The process of electric discharge can occur between two or more clouds, or between clouds and the earth. Today we need not get frightened by lightning like our ancestors did. Now we understand the basic phenomenon. Scientists are trying hard to improve this understanding. However , lightning strike could destroy life and property. It is, therefore, necessary to take measures to protect ourselves. 12.6 Lightning Safety During lightning and thunderstorm no open place is safe. lHearing thunder is an alert to rush to a safer place. lAfter hearing the last thunder , wait for some time before coming out of the safe place. Finding a Safe Place A house or\n\nelectricity transmission? 2024-25']","['while the water droplets move downward. These vigorous movements cause separation of charges. By a process, not yet completely understood, the positive charges collect near the upper edges of the clouds and the negative charges accumulate near the lower edges. There is accumulation of positive charges near the ground also. When the magnitude of the accumulated charges becomes very large, the air which is normally a poor conductor of electricity, is no longer able to resist their flow. Negative and positive charges meet, producing streaks of bright light and sound. W e see str eaks as lightning (Fig. 12.5). The process is called an electric discharge. 2024-25 SOME NATURAL PHENOMENA 155 The process of electric discharge can occur between two\n\n(Fig. 12.5). The process is called an electric discharge. 2024-25 SOME NATURAL PHENOMENA 155 The process of electric discharge can occur between two or more clouds, or between clouds and the earth. Today we need not get frightened by lightning like our ancestors did. Now we understand the basic phenomenon. Scientists are trying hard to improve this understanding. However , lightning strike could destroy life and property. It is, therefore, necessary to take measures to protect ourselves. 12.6 Lightning Safety During lightning and thunderstorm no open place is safe. lHearing thunder is an alert to rush to a safer place. lAfter hearing the last thunder , wait for some time before coming out of the safe place. Finding a Safe Place A house or\n\nelectricity transmission? 2024-25']",['An electric spark resulting from charge accumulation in clouds.'],1.0,0.9171262598459817
What safety measures should we follow during lightning?,"During lightning, seek shelter indoors or squat low on the ground in an open field, avoiding contact with electrical appliances, metal objects, and running water.
","['rest, take shelter under shorter trees. If no shelter is available and you are in an open field, stay far away from all trees. Stay away from poles or othermetal objects. Do not lie on the ground. Instead, squat low on the ground. Place your hands on your knees with your head between the hands (Fig. 12.6). This position will make you the smallest target to be struck. Inside the house Lightning can strike telephone cords, electrical wires and metal pipes (Do you remember , lightning is an electrical discharge?). During a thunderstorm contact with these should be avoided. It is safer to use mobile phones and cordless phones. However , it is not wise to call up a person who is receiving your phone through a wired phone. Bathing should be avoid\n\nle phones and cordless phones. However , it is not wise to call up a person who is receiving your phone through a wired phone. Bathing should be avoided during thunderstorms to avoid contact with running water . Electrical appliances like computer s, TVs, etc., should be unplugged. Electrical lights can remain on . They do not cause any harm.Fig. 12.6 : Safe position during lightning 2024-25 SCIENCE 156Lightning Conductors Lightning Conductor is a device used to protect buildings from the effect of lightning. A metallic rod, taller than the building, is installed in the walls of the building during its construction. One end of the rod is kept out in the air and the other is buried deep in the ground (Fig. 12.7). The rod provides easy rout\n\n(Fig. 12.5). The process is called an electric discharge. 2024-25 SOME NATURAL PHENOMENA 155 The process of electric discharge can occur between two or more clouds, or between clouds and the earth. Today we need not get frightened by lightning like our ancestors did. Now we understand the basic phenomenon. Scientists are trying hard to improve this understanding. However , lightning strike could destroy life and property. It is, therefore, necessary to take measures to protect ourselves. 12.6 Lightning Safety During lightning and thunderstorm no open place is safe. lHearing thunder is an alert to rush to a safer place. lAfter hearing the last thunder , wait for some time before coming out of the safe place. Finding a Safe Place A house or']","['rest, take shelter under shorter trees. If no shelter is available and you are in an open field, stay far away from all trees. Stay away from poles or othermetal objects. Do not lie on the ground. Instead, squat low on the ground. Place your hands on your knees with your head between the hands (Fig. 12.6). This position will make you the smallest target to be struck. Inside the house Lightning can strike telephone cords, electrical wires and metal pipes (Do you remember , lightning is an electrical discharge?). During a thunderstorm contact with these should be avoided. It is safer to use mobile phones and cordless phones. However , it is not wise to call up a person who is receiving your phone through a wired phone. Bathing should be avoid\n\nle phones and cordless phones. However , it is not wise to call up a person who is receiving your phone through a wired phone. Bathing should be avoided during thunderstorms to avoid contact with running water . Electrical appliances like computer s, TVs, etc., should be unplugged. Electrical lights can remain on . They do not cause any harm.Fig. 12.6 : Safe position during lightning 2024-25 SCIENCE 156Lightning Conductors Lightning Conductor is a device used to protect buildings from the effect of lightning. A metallic rod, taller than the building, is installed in the walls of the building during its construction. One end of the rod is kept out in the air and the other is buried deep in the ground (Fig. 12.7). The rod provides easy rout\n\n(Fig. 12.5). The process is called an electric discharge. 2024-25 SOME NATURAL PHENOMENA 155 The process of electric discharge can occur between two or more clouds, or between clouds and the earth. Today we need not get frightened by lightning like our ancestors did. Now we understand the basic phenomenon. Scientists are trying hard to improve this understanding. However , lightning strike could destroy life and property. It is, therefore, necessary to take measures to protect ourselves. 12.6 Lightning Safety During lightning and thunderstorm no open place is safe. lHearing thunder is an alert to rush to a safer place. lAfter hearing the last thunder , wait for some time before coming out of the safe place. Finding a Safe Place A house or']","['Stay indoors, avoid open fields, metal objects, and tall structures.']",0.8,0.9520516409475898
